unit,uid,date,id,clear,calibrated,ndvi,gcvi,ndre
gt_field,IN_PENG2025_CCNT,2021-09-29,PSScene-20210929_154209_74_222b,1.0,True,0.44032422425462225,2.6370357287834127,0.31007267688304163
gt_field,IN_PENG2025_NT,2021-09-29,PSScene-20210929_154209_74_222b,1.0,True,0.41485083980879706,2.469760675774225,0.28523360058574787
csb_field,181825002164142,2021-09-29,PSScene-20210929_154209_74_222b,1.0,True,0.4580948077534775,2.6860204249514696,0.30455699370824485
csb_field,181825002164143,2021-09-29,PSScene-20210929_154209_74_222b,1.0,True,0.4816695766181748,2.8611669824121404,0.3272958587472877
csb_field,181825002164131,2021-09-29,PSScene-20210929_154209_74_222b,1.0,True,0.4624845713101623,2.633388688395931,0.29491660001651643
csb_field,181825002164136,2021-09-29,PSScene-20210929_154209_74_222b,1.0,True,0.6046468061574494,3.4854210052097008,0.4260928004472535
csb_field,181825002164109,2021-09-29,PSScene-20210929_154209_74_222b,1.0,True,0.5944670386229581,3.4881771655562828,0.41234892348853397
csb_field,181825002164090,2021-09-29,PSScene-20210929_154209_74_222b,1.0,True,0.9050531745722314,8.943865752623218,0.7030063130188926
csb_field,181825002164096,2021-09-29,PSScene-20210929_154209_74_222b,1.0,True,0.8961094416456539,8.634070979685548,0.6950150352517134
csb_field,181825002164060,2021-09-29,PSScene-20210929_154209_74_222b,1.0,True,0.8902786936150617,7.974712961082489,0.6748142673375835
csb_field,181825002164039,2021-09-29,PSScene-20210929_154209_74_222b,1.0,True,0.8627164057462714,7.480724115799307,0.6459051329023843
csb_field,181825002164033,2021-09-29,PSScene-20210929_154209_74_222b,1.0,True,0.7366051249072951,4.112509166066157,0.5061557660323108
csb_field,181825002164017,2021-09-29,PSScene-20210929_154209_74_222b,1.0,True,0.8547261244018413,6.803286347214409,0.6386171267862456
csb_field,181825002164151,2021-09-29,PSScene-20210929_154209_74_222b,1.0,True,0.5157361313551402,3.1453573017042697,0.36892968801084647
csb_field,181825002164153,2021-09-29,PSScene-20210929_154209_74_222b,1.0,True,0.46483548427911325,2.734170574420097,0.3081938977213146
csb_field,181825002164152,2021-09-29,PSScene-20210929_154209_74_222b,1.0,True,0.4776438567534783,2.7998812881207096,0.3072777358867458
csb_field,181825002164141,2021-09-29,PSScene-20210929_154209_74_222b,1.0,True,0.5923575162258827,3.5895059582533357,0.41135793990377933
csb_field,181825002164144,2021-09-29,PSScene-20210929_154209_74_222b,1.0,True,0.5200545755938782,3.0702854619212143,0.35418890401232905
csb_field,181825002164119,2021-09-29,PSScene-20210929_154209_74_222b,1.0,True,0.599579585170983,3.4690843250088204,0.41310907445929723
csb_field,181825002164140,2021-09-29,PSScene-20210929_154209_74_222b,1.0,True,0.40736180197648,2.2368452306538966,0.2781058249617931
csb_field,181825002164064,2021-09-29,PSScene-20210929_154209_74_222b,1.0,True,0.4946684675839034,2.761900931301168,0.3370018801834952
csb_field,181825002164059,2021-09-29,PSScene-20210929_154209_74_222b,1.0,True,0.4326297517848183,2.5441465987904093,0.3010083598259926
csb_field,181825002164061,2021-09-29,PSScene-20210929_154209_74_222b,1.0,True,0.5140342686310273,2.9109315202996324,0.34757800878189876
csb_field,181825002164104,2021-09-29,PSScene-20210929_154209_74_222b,1.0,True,0.590791381738249,3.3821848757471593,0.4097998869161644
csb_field,181825002164087,2021-09-29,PSScene-20210929_154209_74_222b,1.0,True,0.5076665056566363,2.833891817724142,0.32853678482152093
csb_field,181825002164078,2021-09-29,PSScene-20210929_154209_74_222b,1.0,True,0.6544953839259903,3.972131920619732,0.47117102033844643
csb_field,181825002164073,2021-09-29,PSScene-20210929_154209_74_222b,1.0,True,0.6039776887493985,3.428887516356408,0.4241538972887175
csb_field,181825002164072,2021-09-29,PSScene-20210929_154209_74_222b,1.0,True,0.5860631503377707,3.350412966652419,0.34500067173387094
csb_field,181825002164058,2021-09-29,PSScene-20210929_154209_74_222b,1.0,True,0.7773521380764051,5.548577460604342,0.5935211641481682
csb_field,181825002164040,2021-09-29,PSScene-20210929_154209_74_222b,1.0,True,0.5069373899861864,2.7972358113320195,0.345655037564507
csb_field,181825002163999,2021-09-29,PSScene-20210929_154209_74_222b,1.0,True,0.5260349347285866,3.0312173217194665,0.3411641010890366
csb_field,181825002164000,2021-09-29,PSScene-20210929_154209_74_222b,1.0,True,0.5971659006726578,3.5141839702201736,0.42437647395704653
csb_field,181825002163982,2021-09-29,PSScene-20210929_154209_74_222b,1.0,True,0.6312671774127238,3.834945463026894,0.4536385500378241
csb_field,181825002163998,2021-09-29,PSScene-20210929_154209_74_222b,1.0,True,0.8911634551302948,8.470392537195506,0.686336131992711
csb_field,181825002163972,2021-09-29,PSScene-20210929_154209_74_222b,1.0,True,0.4004040734956767,2.2139894269354423,0.2778886891019464
csb_field,181825002163954,2021-09-29,PSScene-20210929_154209_74_222b,1.0,True,0.6712185005948292,3.5129350995755266,0.44676239693948727
csb_field,181825002163941,2021-09-29,PSScene-20210929_154209_74_222b,1.0,True,0.6385476264074017,3.5516855401759417,0.4219984834630707
csb_field,181825002163948,2021-09-29,PSScene-20210929_154209_74_222b,1.0,True,0.5378270070226998,2.901004803642464,0.360269199902596
csb_field,181825002164031,2021-09-29,PSScene-20210929_154209_74_222b,1.0,True,0.4632116414221791,2.789278165258864,0.32369191915446177
csb_field,181825002164028,2021-09-29,PSScene-20210929_154209_74_222b,1.0,True,0.4270466823251375,2.5516803472769403,0.2945410133531078
csb_field,181825002164004,2021-09-29,PSScene-20210929_154209_74_222b,1.0,True,0.468433133098078,2.8381264094619967,0.3276162370556359
csb_field,181825002164005,2021-09-29,PSScene-20210929_154209_74_222b,1.0,True,0.44729919108107447,2.726534008671672,0.31924342117562826
csb_field,181825002163930,2021-09-29,PSScene-20210929_154209_74_222b,1.0,True,0.7254730115055551,5.200418397757137,0.5224622095337115
csb_field,181825002163963,2021-09-29,PSScene-20210929_154209_74_222b,1.0,True,0.6336385780257112,3.9222643815513134,0.4505728872685132
csb_field,181825002163938,2021-09-29,PSScene-20210929_154209_74_222b,1.0,True,0.5450984043230921,3.35843021365502,0.3765360882547807
csb_field,181825002163906,2021-09-29,PSScene-20210929_154209_74_222b,1.0,True,0.45976801230076564,2.5425217052163687,0.3102573818417948
csb_field,181825002163917,2021-09-29,PSScene-20210929_154209_74_222b,1.0,True,0.633969929086587,3.8539564165440336,0.4031533684150585
csb_field,181825002163904,2021-09-29,PSScene-20210929_154209_74_222b,1.0,True,0.4694306306305398,2.603550562012269,0.3171292596323083
csb_field,181825002163937,2021-09-29,PSScene-20210929_154209_74_222b,1.0,True,0.5881141076833183,3.154785371976968,0.37933500011494137
csb_field,181825002163924,2021-09-29,PSScene-20210929_154209_74_222b,1.0,True,0.39106916901494254,2.0468196796904494,0.27646057310221367
csb_field,181825002163922,2021-09-29,PSScene-20210929_154209_74_222b,1.0,True,0.4874434986031993,2.7274946895788847,0.3399724176683849
csb_field,181825002163878,2021-09-29,PSScene-20210929_154209_74_222b,1.0,True,0.9009431548546336,8.629150041318832,0.6902008572497609
csb_field,181825002163866,2021-09-29,PSScene-20210929_154209_74_222b,1.0,True,0.6849199763088435,3.525943621806183,0.4304460885232899
csb_field,181825002163865,2021-09-29,PSScene-20210929_154209_74_222b,1.0,True,0.6961476637452095,3.6462475673707897,0.4394395304964459
csb_field,181825002163854,2021-09-29,PSScene-20210929_154209_74_222b,1.0,True,0.8024815485914333,5.598849419275111,0.5696796916372928
csb_field,181825002163846,2021-09-29,PSScene-20210929_154209_74_222b,1.0,True,0.35987681975048874,1.71067134966183,0.2645610791845452
csb_field,181825002163942,2021-09-29,PSScene-20210929_154209_74_222b,1.0,True,0.422241191423504,2.2253419936441463,0.293744761214222
csb_field,181825002163957,2021-09-29,PSScene-20210929_154209_74_222b,1.0,True,0.5891575211619327,3.3665635486216696,0.41324695673543455
csb_field,181825002163897,2021-09-29,PSScene-20210929_154209_74_222b,1.0,True,0.7161984248865556,4.2056272870077,0.49939344453308654
csb_field,181825002163916,2021-09-29,PSScene-20210929_154209_74_222b,1.0,True,0.4243290893666126,2.3153159276920077,0.2973037452247422
csb_field,181825002163879,2021-09-29,PSScene-20210929_154209_74_222b,1.0,True,0.8879493733954507,7.973275157489841,0.6776060098308755
csb_field,181825002163918,2021-09-29,PSScene-20210929_154209_74_222b,1.0,True,0.4184218972165416,2.2739451143901723,0.2870100051200508
csb_field,181825002163911,2021-09-29,PSScene-20210929_154209_74_222b,1.0,True,0.6786263156482427,4.29447496875265,0.46783644853563766
csb_field,181825002163907,2021-09-29,PSScene-20210929_154209_74_222b,1.0,True,0.5833067117488805,3.3088176485248,0.3968279789476432
csb_field,181825002163884,2021-09-29,PSScene-20210929_154209_74_222b,1.0,True,0.45702916331119736,2.7135714543391,0.336631937051827
csb_field,181825002163859,2021-09-29,PSScene-20210929_154209_74_222b,1.0,True,0.6049255827028894,3.3771862192007363,0.37919295826212757
csb_field,181825002163855,2021-09-29,PSScene-20210929_154209_74_222b,1.0,True,0.74955386177048,4.529571937664435,0.5289058604865166
csb_field,181825002163874,2021-09-29,PSScene-20210929_154209_74_222b,1.0,True,0.41346454460262283,2.263277407306276,0.27750338481915027
csb_field,181825002163842,2021-09-29,PSScene-20210929_154209_74_222b,1.0,True,0.38881337443187247,2.075430994677579,0.2813923549443689
csb_field,181825002163872,2021-09-29,PSScene-20210929_154209_74_222b,1.0,True,0.3818447026610424,1.982941726767889,0.26756029835019035
csb_field,181825002163860,2021-09-29,PSScene-20210929_154209_74_222b,1.0,True,0.3770124878633511,1.991118374285897,0.25938944548056014
gt_field,IN_PENG2025_CCNT,2021-09-30,PSScene-20210930_154235_11_2223,1.0,False,0.454855133810776,1.8634023112616065,0.26515701366912536
gt_field,IN_PENG2025_NT,2021-09-30,PSScene-20210930_154235_11_2223,1.0,False,0.4229206357949828,1.7211080687481335,0.23766539660183109
csb_field,181825002164142,2021-09-30,PSScene-20210930_154235_11_2223,1.0,False,0.44924898021423365,1.7649541868112075,0.24065102713286823
csb_field,181825002164143,2021-09-30,PSScene-20210930_154235_11_2223,1.0,False,0.471505660775071,1.8771093849024583,0.2590570223589103
csb_field,181825002164131,2021-09-30,PSScene-20210930_154235_11_2223,1.0,False,0.45957330100117505,1.8237381977931122,0.24476351311439234
csb_field,181825002164136,2021-09-30,PSScene-20210930_154235_11_2223,1.0,False,0.5837717781617814,2.2892331704875764,0.3521388843454159
csb_field,181825002164109,2021-09-30,PSScene-20210930_154235_11_2223,1.0,False,0.5713981853686724,2.29264640181624,0.34138395906774355
csb_field,181825002164090,2021-09-30,PSScene-20210930_154235_11_2223,1.0,False,0.892005453731549,6.733506612919185,0.6759730071125551
csb_field,181825002164096,2021-09-30,PSScene-20210930_154235_11_2223,1.0,False,0.8813341546296132,6.437581327767842,0.6662553879256865
csb_field,181825002164060,2021-09-30,PSScene-20210930_154235_11_2223,1.0,False,0.8715879269276172,5.949475826310883,0.6427527690355322
csb_field,181825002164039,2021-09-30,PSScene-20210930_154235_11_2223,1.0,False,0.8388962065611774,5.276286980743474,0.6062185622850645
csb_field,181825002164033,2021-09-30,PSScene-20210930_154235_11_2223,1.0,False,0.7336201148390197,3.1120873266293327,0.4769381477254428
csb_field,181825002164017,2021-09-30,PSScene-20210930_154235_11_2223,1.0,False,0.8239789291839105,4.901783179223311,0.5942592034210292
csb_field,181825002164151,2021-09-30,PSScene-20210930_154235_11_2223,1.0,False,0.5203618385603782,2.1621244352392535,0.3257340131642581
csb_field,181825002164153,2021-09-30,PSScene-20210930_154235_11_2223,1.0,False,0.4611605396197209,1.924817504285339,0.26169198908313107
csb_field,181825002164152,2021-09-30,PSScene-20210930_154235_11_2223,1.0,False,0.47766063177603746,1.9814285745199385,0.2686620048805008
csb_field,181825002164141,2021-09-30,PSScene-20210930_154235_11_2223,1.0,False,0.5702161187094009,2.3716876892241783,0.33827379533627133
csb_field,181825002164144,2021-09-30,PSScene-20210930_154235_11_2223,1.0,False,0.5017761785323379,1.9875543925358485,0.28241005935491087
csb_field,181825002164119,2021-09-30,PSScene-20210930_154235_11_2223,1.0,False,0.5880002193239673,2.391101364713829,0.3524546236789913
csb_field,181825002164140,2021-09-30,PSScene-20210930_154235_11_2223,1.0,False,0.4188987123264209,1.5841181796010295,0.2335848763287675
csb_field,181825002164064,2021-09-30,PSScene-20210930_154235_11_2223,1.0,False,0.48516836470210845,1.7165302926175336,0.26083607894906446
csb_field,181825002164059,2021-09-30,PSScene-20210930_154235_11_2223,1.0,False,0.4509383478249858,1.7801755992345671,0.2584011410729098
csb_field,181825002164061,2021-09-30,PSScene-20210930_154235_11_2223,1.0,False,0.5051277700712047,1.915563409646323,0.28038963925562554
csb_field,181825002164104,2021-09-30,PSScene-20210930_154235_11_2223,1.0,False,0.580681327212583,2.3017273328468355,0.3471980493565457
csb_field,181825002164087,2021-09-30,PSScene-20210930_154235_11_2223,1.0,False,0.5040822883801507,1.9406330944788706,0.2769535206719606
csb_field,181825002164078,2021-09-30,PSScene-20210930_154235_11_2223,1.0,False,0.6204593483137616,2.5024217110408897,0.38850314640234224
csb_field,181825002164073,2021-09-30,PSScene-20210930_154235_11_2223,1.0,False,0.5767729784448574,2.118573084200518,0.3385507758158242
csb_field,181825002164072,2021-09-30,PSScene-20210930_154235_11_2223,1.0,False,0.5779039354300487,2.4452344886223005,0.3099908193691936
csb_field,181825002164058,2021-09-30,PSScene-20210930_154235_11_2223,1.0,False,0.7541529062295106,3.6985991338517077,0.5198721714543032
csb_field,181825002164040,2021-09-30,PSScene-20210930_154235_11_2223,1.0,False,0.49869662732975933,1.823047458070629,0.2725704795051105
csb_field,181825002163999,2021-09-30,PSScene-20210930_154235_11_2223,1.0,False,0.5389097492271497,2.2400551234381196,0.31134036344637084
csb_field,181825002164000,2021-09-30,PSScene-20210930_154235_11_2223,1.0,False,0.5847078239099229,2.375142766832651,0.3597412750252263
csb_field,181825002163982,2021-09-30,PSScene-20210930_154235_11_2223,1.0,False,0.5943317858501043,2.496056846235365,0.3858785395981741
csb_field,181825002163998,2021-09-30,PSScene-20210930_154235_11_2223,1.0,False,0.87022127656208,6.021239934199595,0.6456029604017285
csb_field,181825002163972,2021-09-30,PSScene-20210930_154235_11_2223,1.0,False,0.4285161829259312,1.5574266409094868,0.23723047507262837
csb_field,181825002163954,2021-09-30,PSScene-20210930_154235_11_2223,1.0,False,0.683824179483666,2.8092473931031248,0.42375623182652195
csb_field,181825002163941,2021-09-30,PSScene-20210930_154235_11_2223,1.0,False,0.6322252960937994,2.5346896807056507,0.3749255477833601
csb_field,181825002163948,2021-09-30,PSScene-20210930_154235_11_2223,1.0,False,0.5459729063285401,2.0568835663462464,0.31432751640787726
csb_field,181825002164031,2021-09-30,PSScene-20210930_154235_11_2223,1.0,False,0.47647003984366193,2.001643815266784,0.28142812002123824
csb_field,181825002164028,2021-09-30,PSScene-20210930_154235_11_2223,1.0,False,0.4368468403587342,1.789606414855922,0.24819894365958453
csb_field,181825002164004,2021-09-30,PSScene-20210930_154235_11_2223,1.0,False,0.4776438891634226,2.0045465676547862,0.2843188717034728
csb_field,181825002164005,2021-09-30,PSScene-20210930_154235_11_2223,1.0,False,0.46171835448012744,1.8855393154793654,0.2709405503248606
csb_field,181825002163930,2021-09-30,PSScene-20210930_154235_11_2223,1.0,False,0.7238776031760136,3.7817854288220083,0.488621829960849
csb_field,181825002163963,2021-09-30,PSScene-20210930_154235_11_2223,1.0,False,0.6217395989329647,2.7035522091729427,0.391406792794475
csb_field,181825002163938,2021-09-30,PSScene-20210930_154235_11_2223,1.0,False,0.5539152762999733,2.346117235952553,0.33729666814497594
csb_field,181825002163906,2021-09-30,PSScene-20210930_154235_11_2223,1.0,False,0.4831034504926177,1.8022146214610537,0.27397341848420714
csb_field,181825002163917,2021-09-30,PSScene-20210930_154235_11_2223,1.0,False,0.6388863972187557,2.8705199340222287,0.3731882816184789
csb_field,181825002163904,2021-09-30,PSScene-20210930_154235_11_2223,1.0,False,0.49432146095280116,1.8867549708758937,0.28565577193532293
csb_field,181825002163937,2021-09-30,PSScene-20210930_154235_11_2223,1.0,False,0.5860287861918856,2.270484687332288,0.3346267541952247
csb_field,181825002163924,2021-09-30,PSScene-20210930_154235_11_2223,1.0,False,0.4296964639379305,1.5339578801629155,0.2467887521762002
csb_field,181825002163922,2021-09-30,PSScene-20210930_154235_11_2223,1.0,False,0.5143249670553173,2.011336269242563,0.30811385735848634
csb_field,181825002163878,2021-09-30,PSScene-20210930_154235_11_2223,1.0,False,0.8834114770291496,6.414870400113733,0.6585858812969441
csb_field,181825002163866,2021-09-30,PSScene-20210930_154235_11_2223,1.0,False,0.6141147115755192,2.37053932700333,0.3484164976260194
csb_field,181825002163865,2021-09-30,PSScene-20210930_154235_11_2223,1.0,False,0.6281768708056805,2.4433467021634026,0.36106662638437337
csb_field,181825002163854,2021-09-30,PSScene-20210930_154235_11_2223,1.0,False,0.7985656324933,4.332196575195959,0.5462192824104466
csb_field,181825002163846,2021-09-30,PSScene-20210930_154235_11_2223,1.0,False,0.4408849681100082,1.4552334637869653,0.2725979748408601
csb_field,181825002163942,2021-09-30,PSScene-20210930_154235_11_2223,1.0,False,0.432831800459952,1.5701468352240744,0.24765180182784718
csb_field,181825002163957,2021-09-30,PSScene-20210930_154235_11_2223,1.0,False,0.5836816376519549,2.335450961797152,0.35002661405616164
csb_field,181825002163897,2021-09-30,PSScene-20210930_154235_11_2223,1.0,False,0.7267279237735771,3.3216302697724656,0.47270189671560103
csb_field,181825002163916,2021-09-30,PSScene-20210930_154235_11_2223,1.0,False,0.40457635543965403,1.5656117061847317,0.23706424494786463
csb_field,181825002163879,2021-09-30,PSScene-20210930_154235_11_2223,1.0,False,0.8677786531763362,5.942038240765429,0.6381666218613687
csb_field,181825002163918,2021-09-30,PSScene-20210930_154235_11_2223,1.0,False,0.44878264236274124,1.6093216494786504,0.2415256277302479
csb_field,181825002163911,2021-09-30,PSScene-20210930_154235_11_2223,1.0,False,0.7176625109255936,3.451789186125429,0.4553900547823926
csb_field,181825002163907,2021-09-30,PSScene-20210930_154235_11_2223,1.0,False,0.6002608637058193,2.539919714259324,0.3646881709208475
csb_field,181825002163884,2021-09-30,PSScene-20210930_154235_11_2223,1.0,False,0.5168008057453826,2.099250029633614,0.3197000067382058
csb_field,181825002163859,2021-09-30,PSScene-20210930_154235_11_2223,1.0,False,0.6197493549306154,2.685690401159383,0.3645761172906033
csb_field,181825002163855,2021-09-30,PSScene-20210930_154235_11_2223,1.0,False,0.7588909453053261,3.720802207094947,0.5077186398763467
csb_field,181825002163874,2021-09-30,PSScene-20210930_154235_11_2223,1.0,False,0.43383084489647344,1.637694313312908,0.2346975438384306
csb_field,181825002163842,2021-09-30,PSScene-20210930_154235_11_2223,1.0,False,0.4594943941517298,1.6935838264000074,0.2726553319978673
csb_field,181825002163872,2021-09-30,PSScene-20210930_154235_11_2223,1.0,False,0.43071341816598896,1.4863773063317218,0.23240303896452738
csb_field,181825002163860,2021-09-30,PSScene-20210930_154235_11_2223,1.0,False,0.39868691333252454,1.4155183880113495,0.21289195171205144
gt_field,IN_PENG2025_CCNT,2021-09-30,PSScene-20210930_154237_32_2223,1.0,False,0.4588311597990868,1.8711549995585222,0.26176368302663366
gt_field,IN_PENG2025_NT,2021-09-30,PSScene-20210930_154237_32_2223,1.0,False,0.4262952644622579,1.720537176030092,0.23370649143295166
csb_field,181825002164142,2021-09-30,PSScene-20210930_154237_32_2223,1.0,False,0.45590284616733673,1.789159500173165,0.24021435668190155
csb_field,181825002164143,2021-09-30,PSScene-20210930_154237_32_2223,1.0,False,0.4764435214828033,1.8935088034062184,0.25739437460260184
csb_field,181825002164131,2021-09-30,PSScene-20210930_154237_32_2223,1.0,False,0.461132898134099,1.8215452926178863,0.24014972744550794
csb_field,181825002164136,2021-09-30,PSScene-20210930_154237_32_2223,1.0,False,0.5859856519189399,2.3140290651017823,0.35182862664906517
csb_field,181825002164109,2021-09-30,PSScene-20210930_154237_32_2223,1.0,False,0.5728666158775888,2.306607657676122,0.3388371666141745
csb_field,181825002164090,2021-09-30,PSScene-20210930_154237_32_2223,1.0,False,0.8886486597361112,6.6822944139201175,0.6719169462848296
csb_field,181825002164096,2021-09-30,PSScene-20210930_154237_32_2223,1.0,False,0.8769021264980996,6.354634506408494,0.6609716571143631
csb_field,181825002164060,2021-09-30,PSScene-20210930_154237_32_2223,1.0,False,0.8683233037303962,5.913598033136959,0.6392380972017594
csb_field,181825002164039,2021-09-30,PSScene-20210930_154237_32_2223,1.0,False,0.8354722342283533,5.235893523845957,0.602009197237468
csb_field,181825002164033,2021-09-30,PSScene-20210930_154237_32_2223,1.0,False,0.7271172243820585,3.0443503323386136,0.4686926595694269
csb_field,181825002164017,2021-09-30,PSScene-20210930_154237_32_2223,1.0,False,0.8293597559495107,4.987396175518787,0.5983034234152655
csb_field,181825002164151,2021-09-30,PSScene-20210930_154237_32_2223,1.0,False,0.5218341486778522,2.139297445166597,0.3204606903609876
csb_field,181825002164153,2021-09-30,PSScene-20210930_154237_32_2223,1.0,False,0.46773339565905864,1.9406812732098506,0.25961602827762276
csb_field,181825002164152,2021-09-30,PSScene-20210930_154237_32_2223,1.0,False,0.4813991962140431,1.9747805913222967,0.26310360632880764
csb_field,181825002164141,2021-09-30,PSScene-20210930_154237_32_2223,1.0,False,0.5708023536038072,2.374835814640605,0.334978707008108
csb_field,181825002164144,2021-09-30,PSScene-20210930_154237_32_2223,1.0,False,0.5039656323898238,2.0058467031962763,0.2812618546056781
csb_field,181825002164119,2021-09-30,PSScene-20210930_154237_32_2223,1.0,False,0.5850655502074845,2.366912613185203,0.34494780182948503
csb_field,181825002164140,2021-09-30,PSScene-20210930_154237_32_2223,1.0,False,0.4220744167032495,1.5791009709522175,0.22866139158371426
csb_field,181825002164064,2021-09-30,PSScene-20210930_154237_32_2223,1.0,False,0.48622989695083285,1.724171470570243,0.2584496573730871
csb_field,181825002164059,2021-09-30,PSScene-20210930_154237_32_2223,1.0,False,0.4526718686300999,1.7735099593396109,0.2532432569901631
csb_field,181825002164061,2021-09-30,PSScene-20210930_154237_32_2223,1.0,False,0.5069284505328802,1.9194528618263418,0.27642332962316024
csb_field,181825002164104,2021-09-30,PSScene-20210930_154237_32_2223,1.0,False,0.5792823858096994,2.2818886359890627,0.33931454484114015
csb_field,181825002164087,2021-09-30,PSScene-20210930_154237_32_2223,1.0,False,0.5062749805342229,1.9471071823483326,0.27339504845547624
csb_field,181825002164078,2021-09-30,PSScene-20210930_154237_32_2223,1.0,False,0.6204122646467866,2.4998012368044242,0.38637965359513954
csb_field,181825002164073,2021-09-30,PSScene-20210930_154237_32_2223,1.0,False,0.5757264018102376,2.1221685964904053,0.33584602805994235
csb_field,181825002164072,2021-09-30,PSScene-20210930_154237_32_2223,1.0,False,0.5815894506337161,2.445368846623129,0.3099756662557151
csb_field,181825002164058,2021-09-30,PSScene-20210930_154237_32_2223,1.0,False,0.7530315288137964,3.7324860857070066,0.5200279293423331
csb_field,181825002164040,2021-09-30,PSScene-20210930_154237_32_2223,1.0,False,0.5006778055792325,1.8332320063504761,0.27045071890459055
csb_field,181825002163999,2021-09-30,PSScene-20210930_154237_32_2223,1.0,False,0.539321122271551,2.234811789732728,0.30864859496431823
csb_field,181825002164000,2021-09-30,PSScene-20210930_154237_32_2223,1.0,False,0.5861644540096239,2.3769970571094876,0.3560185353269557
csb_field,181825002163982,2021-09-30,PSScene-20210930_154237_32_2223,1.0,False,0.5917331945627103,2.4368105376569313,0.37266139858013403
csb_field,181825002163998,2021-09-30,PSScene-20210930_154237_32_2223,1.0,False,0.8661561592719368,5.954645455376598,0.6418710291452681
csb_field,181825002163972,2021-09-30,PSScene-20210930_154237_32_2223,1.0,False,0.4278239854968822,1.5388829974844485,0.2305786553752472
csb_field,181825002163954,2021-09-30,PSScene-20210930_154237_32_2223,1.0,False,0.6828424310607827,2.7934416225553536,0.41777138068009695
csb_field,181825002163941,2021-09-30,PSScene-20210930_154237_32_2223,1.0,False,0.6323795046207455,2.5289382338249236,0.3698641817165089
csb_field,181825002163948,2021-09-30,PSScene-20210930_154237_32_2223,1.0,False,0.5450823897095141,2.030039390178971,0.306399117694447
csb_field,181825002164031,2021-09-30,PSScene-20210930_154237_32_2223,1.0,False,0.4817212533855598,2.021446287484263,0.2787407783213605
csb_field,181825002164028,2021-09-30,PSScene-20210930_154237_32_2223,1.0,False,0.4392436671266725,1.7867057330517468,0.2441182329306127
csb_field,181825002164004,2021-09-30,PSScene-20210930_154237_32_2223,1.0,False,0.48520559545559644,2.023509049335008,0.2837087725759169
csb_field,181825002164005,2021-09-30,PSScene-20210930_154237_32_2223,1.0,False,0.4652804861353959,1.8901959628795038,0.2675672355040052
csb_field,181825002163930,2021-09-30,PSScene-20210930_154237_32_2223,1.0,False,0.7134747859165542,3.644106269860838,0.47477018569474505
csb_field,181825002163963,2021-09-30,PSScene-20210930_154237_32_2223,1.0,False,0.6244139261217777,2.73185703609194,0.38654922283683424
csb_field,181825002163938,2021-09-30,PSScene-20210930_154237_32_2223,1.0,False,0.5569476504345786,2.3630876851586553,0.3332659348348101
csb_field,181825002163906,2021-09-30,PSScene-20210930_154237_32_2223,1.0,False,0.4914945926382342,1.8346024034489292,0.27631905489195513
csb_field,181825002163917,2021-09-30,PSScene-20210930_154237_32_2223,1.0,False,0.6492326065479551,2.94149108158605,0.3792009602161954
csb_field,181825002163904,2021-09-30,PSScene-20210930_154237_32_2223,1.0,False,0.4925297715020237,1.8456120323299843,0.2781011835854351
csb_field,181825002163937,2021-09-30,PSScene-20210930_154237_32_2223,1.0,False,0.5886615656203135,2.273244661799871,0.33109494195135086
csb_field,181825002163924,2021-09-30,PSScene-20210930_154237_32_2223,1.0,False,0.43373528632287456,1.5367368811501867,0.2414996823751706
csb_field,181825002163922,2021-09-30,PSScene-20210930_154237_32_2223,1.0,False,0.5221230446941941,2.0332509758474973,0.3089623944209048
csb_field,181825002163878,2021-09-30,PSScene-20210930_154237_32_2223,1.0,False,0.880185702468614,6.395601826775253,0.6558135507673334
csb_field,181825002163866,2021-09-30,PSScene-20210930_154237_32_2223,1.0,False,0.6147798605659772,2.356032419028112,0.3429560356421995
csb_field,181825002163865,2021-09-30,PSScene-20210930_154237_32_2223,1.0,False,0.6298022827275839,2.44150155812323,0.3578975734664625
csb_field,181825002163854,2021-09-30,PSScene-20210930_154237_32_2223,1.0,False,0.7973456838054379,4.346792915596448,0.5448621701304215
csb_field,181825002163846,2021-09-30,PSScene-20210930_154237_32_2223,1.0,False,0.4412492990076437,1.4430739358207536,0.26646063025851086
csb_field,181825002163942,2021-09-30,PSScene-20210930_154237_32_2223,1.0,False,0.43375406628213026,1.5735236573751326,0.24258172354873728
csb_field,181825002163957,2021-09-30,PSScene-20210930_154237_32_2223,1.0,False,0.5829941996947227,2.3139429475934077,0.3448695476665033
csb_field,181825002163897,2021-09-30,PSScene-20210930_154237_32_2223,1.0,False,0.7296565515289729,3.3136264094213717,0.4691456719821466
csb_field,181825002163916,2021-09-30,PSScene-20210930_154237_32_2223,1.0,False,0.41118949758195295,1.5750660240785195,0.2323972425556451
csb_field,181825002163879,2021-09-30,PSScene-20210930_154237_32_2223,1.0,False,0.8620675792263867,5.828559201776227,0.628179399946339
csb_field,181825002163918,2021-09-30,PSScene-20210930_154237_32_2223,1.0,False,0.4482761604830481,1.5943329608680432,0.2358156845026812
csb_field,181825002163911,2021-09-30,PSScene-20210930_154237_32_2223,1.0,False,0.7171193885425512,3.4595554150163426,0.45305831080842507
csb_field,181825002163907,2021-09-30,PSScene-20210930_154237_32_2223,1.0,False,0.6013134528969896,2.510528859480354,0.3584389337246269
csb_field,181825002163884,2021-09-30,PSScene-20210930_154237_32_2223,1.0,False,0.5373537356660034,2.32176631303307,0.3391464503458528
csb_field,181825002163859,2021-09-30,PSScene-20210930_154237_32_2223,1.0,False,0.6226637353346024,2.701161796020143,0.3628512302335848
csb_field,181825002163855,2021-09-30,PSScene-20210930_154237_32_2223,1.0,False,0.7550669000595097,3.6588826764277487,0.4997969141638806
csb_field,181825002163874,2021-09-30,PSScene-20210930_154237_32_2223,1.0,False,0.4379896449605549,1.6415658565503162,0.23252836589131634
csb_field,181825002163842,2021-09-30,PSScene-20210930_154237_32_2223,1.0,False,0.46707011156385686,1.7238192448048333,0.2729455781407423
csb_field,181825002163872,2021-09-30,PSScene-20210930_154237_32_2223,1.0,False,0.44027156534961853,1.5199224161926743,0.2347621022919099
csb_field,181825002163860,2021-09-30,PSScene-20210930_154237_32_2223,1.0,False,0.4036848780931986,1.4245810147260871,0.2098986656921789
gt_field,IN_PENG2025_CCNT,2022-03-13,PSScene-20220313_162208_05_241c,1.0,True,0.2482589609890237,1.1595402783953197,0.10132481021530525
gt_field,IN_PENG2025_NT,2022-03-13,PSScene-20220313_162208_05_241c,1.0,True,0.2278886710742591,1.1038393443032586,0.100292103512079
csb_field,181825002164142,2022-03-13,PSScene-20220313_162208_05_241c,1.0,True,0.1939449327811404,1.0014040863092266,0.09130893009721003
csb_field,181825002164143,2022-03-13,PSScene-20220313_162208_05_241c,1.0,True,0.18991662801149778,0.9998994823369536,0.09029496097839529
csb_field,181825002164131,2022-03-13,PSScene-20220313_162208_05_241c,1.0,True,0.2139902838883595,1.0336036852497483,0.09028641281490084
csb_field,181825002164136,2022-03-13,PSScene-20220313_162208_05_241c,1.0,True,0.19995648422857562,1.0676130481782322,0.09268712698584781
csb_field,181825002164109,2022-03-13,PSScene-20220313_162208_05_241c,1.0,True,0.19543473766065492,1.0484055290575673,0.09461512581577762
csb_field,181825002164090,2022-03-13,PSScene-20220313_162208_05_241c,1.0,True,0.2773245734033342,1.4660523972811386,0.12590820637787448
csb_field,181825002164096,2022-03-13,PSScene-20220313_162208_05_241c,1.0,True,0.27672765836291685,1.4903031890027363,0.13162422751530578
csb_field,181825002164060,2022-03-13,PSScene-20220313_162208_05_241c,1.0,True,0.3180690229413522,1.6984030782099901,0.16109438271189835
csb_field,181825002164039,2022-03-13,PSScene-20220313_162208_05_241c,1.0,True,0.3439230821773994,1.7865963255749764,0.1756910796831061
csb_field,181825002164033,2022-03-13,PSScene-20220313_162208_05_241c,1.0,True,0.3522366473095588,1.7881487641665046,0.18154756718182655
csb_field,181825002164017,2022-03-13,PSScene-20220313_162208_05_241c,1.0,True,0.3751068943888237,1.7869022491152984,0.1970073337340097
csb_field,181825002164151,2022-03-13,PSScene-20220313_162208_05_241c,1.0,True,0.3022012270725825,1.502586846785821,0.1486627002248469
csb_field,181825002164153,2022-03-13,PSScene-20220313_162208_05_241c,1.0,True,0.22451829676367654,1.1158479358005828,0.09770239607727586
csb_field,181825002164152,2022-03-13,PSScene-20220313_162208_05_241c,1.0,True,0.24041717315230388,1.2237781099395384,0.10595199049513165
csb_field,181825002164141,2022-03-13,PSScene-20220313_162208_05_241c,1.0,True,0.19911996755597852,1.062064358875872,0.10064093824555763
csb_field,181825002164144,2022-03-13,PSScene-20220313_162208_05_241c,1.0,True,0.19761855034638398,1.0441864921891244,0.09994670444781319
csb_field,181825002164119,2022-03-13,PSScene-20220313_162208_05_241c,1.0,True,0.2106818879626317,1.1063934262396313,0.10498395765189929
csb_field,181825002164140,2022-03-13,PSScene-20220313_162208_05_241c,1.0,True,0.2317837007063079,1.165429425884458,0.10488283598502209
csb_field,181825002164064,2022-03-13,PSScene-20220313_162208_05_241c,1.0,True,0.20805128462160405,1.123471337095971,0.1053362963314646
csb_field,181825002164059,2022-03-13,PSScene-20220313_162208_05_241c,1.0,True,0.2466756600853071,1.1195195145090164,0.10006122299795397
csb_field,181825002164061,2022-03-13,PSScene-20220313_162208_05_241c,1.0,True,0.2029745246771794,1.0777016611737273,0.0993661524806383
csb_field,181825002164104,2022-03-13,PSScene-20220313_162208_05_241c,1.0,True,0.20384458953010168,1.09112197643949,0.09813199640376041
csb_field,181825002164087,2022-03-13,PSScene-20220313_162208_05_241c,1.0,True,0.22237089342475244,1.1098601759869482,0.1008357012654617
csb_field,181825002164078,2022-03-13,PSScene-20220313_162208_05_241c,1.0,True,0.196152310473258,1.0854930491138075,0.09384427535531471
csb_field,181825002164073,2022-03-13,PSScene-20220313_162208_05_241c,1.0,True,0.20085921236472684,1.0861001362682776,0.0993174714799497
csb_field,181825002164072,2022-03-13,PSScene-20220313_162208_05_241c,1.0,True,0.23326491976220018,1.1646122166485706,0.11121824118734829
csb_field,181825002164058,2022-03-13,PSScene-20220313_162208_05_241c,1.0,True,0.20290740665844817,1.0744425279882959,0.10385946443223056
csb_field,181825002164040,2022-03-13,PSScene-20220313_162208_05_241c,1.0,True,0.19993251837995515,1.087633390500669,0.09910181427144316
csb_field,181825002163999,2022-03-13,PSScene-20220313_162208_05_241c,1.0,True,0.25114466371963035,1.206655599314813,0.11672107234299504
csb_field,181825002164000,2022-03-13,PSScene-20220313_162208_05_241c,1.0,True,0.20646665458410451,1.0970045915583146,0.10229738039871566
csb_field,181825002163982,2022-03-13,PSScene-20220313_162208_05_241c,1.0,True,0.40276872690671434,2.0135239061968857,0.20864114907253706
csb_field,181825002163998,2022-03-13,PSScene-20220313_162208_05_241c,1.0,True,0.29077857132957285,1.50886757358096,0.14445570712024242
csb_field,181825002163972,2022-03-13,PSScene-20220313_162208_05_241c,1.0,True,0.223415046137082,1.1293814651684693,0.10243368788153555
csb_field,181825002163954,2022-03-13,PSScene-20220313_162208_05_241c,1.0,True,0.2665117954602337,1.3511966055567286,0.13824016752697427
csb_field,181825002163941,2022-03-13,PSScene-20220313_162208_05_241c,1.0,True,0.2761064554336464,1.4614510149996374,0.14318949672005146
csb_field,181825002163948,2022-03-13,PSScene-20220313_162208_05_241c,1.0,True,0.2655766092227272,1.307472410658378,0.1245401831666865
csb_field,181825002164031,2022-03-13,PSScene-20220313_162208_05_241c,1.0,True,0.25191960236885375,1.19224631641388,0.10472932464765608
csb_field,181825002164028,2022-03-13,PSScene-20220313_162208_05_241c,1.0,True,0.23614153081785724,1.1450420406011852,0.1053452720765495
csb_field,181825002164004,2022-03-13,PSScene-20220313_162208_05_241c,1.0,True,0.25861055886187717,1.2128139891173575,0.10543694548472995
csb_field,181825002164005,2022-03-13,PSScene-20220313_162208_05_241c,1.0,True,0.25643648165652727,1.2120336876866178,0.10622625066556671
csb_field,181825002163930,2022-03-13,PSScene-20220313_162208_05_241c,1.0,True,0.2420373751539568,1.204316969096714,0.10860281781423338
csb_field,181825002163963,2022-03-13,PSScene-20220313_162208_05_241c,1.0,True,0.22728656690498916,1.1784501544019892,0.11294667472205473
csb_field,181825002163938,2022-03-13,PSScene-20220313_162208_05_241c,1.0,True,0.2391494687867274,1.1451458710896558,0.10521254581815664
csb_field,181825002163906,2022-03-13,PSScene-20220313_162208_05_241c,1.0,True,0.29801186305370925,1.4465582802935906,0.15056361806383148
csb_field,181825002163917,2022-03-13,PSScene-20220313_162208_05_241c,1.0,True,0.3474263141288149,1.7086626765018886,0.16401103400638192
csb_field,181825002163904,2022-03-13,PSScene-20220313_162208_05_241c,1.0,True,0.2825243235222155,1.3480847772383426,0.1355993107855852
csb_field,181825002163937,2022-03-13,PSScene-20220313_162208_05_241c,1.0,True,0.2576098375965437,1.3362729623773784,0.1312265211963806
csb_field,181825002163924,2022-03-13,PSScene-20220313_162208_05_241c,1.0,True,0.2100394101055367,0.9533487449970883,0.09305273299643577
csb_field,181825002163922,2022-03-13,PSScene-20220313_162208_05_241c,1.0,True,0.3073230568853271,1.2845531776645451,0.13018261904225956
csb_field,181825002163878,2022-03-13,PSScene-20220313_162208_05_241c,1.0,True,0.322078742878032,1.691823350419199,0.17267068018926435
csb_field,181825002163866,2022-03-13,PSScene-20220313_162208_05_241c,1.0,True,0.28194236447585064,1.490120100006186,0.12842264241301152
csb_field,181825002163865,2022-03-13,PSScene-20220313_162208_05_241c,1.0,True,0.29010074046092854,1.5240465564830512,0.13142633305090906
csb_field,181825002163854,2022-03-13,PSScene-20220313_162208_05_241c,1.0,True,0.40435362599060015,2.0388771158352585,0.2069735445637581
csb_field,181825002163846,2022-03-13,PSScene-20220313_162208_05_241c,1.0,True,0.25467074303113935,1.120557646501492,0.14149968907575786
csb_field,181825002163942,2022-03-13,PSScene-20220313_162208_05_241c,1.0,True,0.2761929901809072,1.2713386735397896,0.12433921147800865
csb_field,181825002163957,2022-03-13,PSScene-20220313_162208_05_241c,1.0,True,0.2511963180751592,1.2930579947910534,0.12437299277883675
csb_field,181825002163897,2022-03-13,PSScene-20220313_162208_05_241c,1.0,True,0.4267459059238252,2.142635581952461,0.21686508363393786
csb_field,181825002163916,2022-03-13,PSScene-20220313_162208_05_241c,1.0,True,0.2557938473496071,1.1753613706590684,0.11083131903245028
csb_field,181825002163879,2022-03-13,PSScene-20220313_162208_05_241c,1.0,True,0.28536515432241827,1.4460245700821244,0.13758605814151878
csb_field,181825002163918,2022-03-13,PSScene-20220313_162208_05_241c,1.0,True,0.22666324596719686,1.1391463907678512,0.10221244716786383
csb_field,181825002163911,2022-03-13,PSScene-20220313_162208_05_241c,1.0,True,0.32752156418242795,1.7543068777739497,0.1752387796667573
csb_field,181825002163907,2022-03-13,PSScene-20220313_162208_05_241c,1.0,True,0.3134468605039155,1.5149778222752917,0.15299879307987305
csb_field,181825002163884,2022-03-13,PSScene-20220313_162208_05_241c,1.0,True,0.2248381626703789,1.0437842974217,0.09268002072584414
csb_field,181825002163859,2022-03-13,PSScene-20220313_162208_05_241c,1.0,True,0.2584390564998038,1.2343536244561284,0.11687621874030817
csb_field,181825002163855,2022-03-13,PSScene-20220313_162208_05_241c,1.0,True,0.31227896636307245,1.628230433015753,0.17727074013619443
csb_field,181825002163874,2022-03-13,PSScene-20220313_162208_05_241c,1.0,True,0.21142854339822303,0.9584145729255419,0.08347678056717059
csb_field,181825002163842,2022-03-13,PSScene-20220313_162208_05_241c,1.0,True,0.22688877315702025,1.048667051384781,0.09228433476639632
csb_field,181825002163872,2022-03-13,PSScene-20220313_162208_05_241c,1.0,True,0.22028725950785566,1.0319935650185739,0.09600759491030583
csb_field,181825002163860,2022-03-13,PSScene-20220313_162208_05_241c,1.0,True,0.2346468342883372,1.0374078642229836,0.08989750098155314
gt_field,IN_PENG2025_CCNT,2022-03-13,PSScene-20220313_162210_35_241c,1.0,True,0.24787528231008937,1.1566602023022265,0.10182024207355436
gt_field,IN_PENG2025_NT,2022-03-13,PSScene-20220313_162210_35_241c,1.0,True,0.22751744132977889,1.0995148928692275,0.10039154208567615
csb_field,181825002164142,2022-03-13,PSScene-20220313_162210_35_241c,1.0,True,0.19502637966560982,0.9973645536229268,0.09167642307020374
csb_field,181825002164143,2022-03-13,PSScene-20220313_162210_35_241c,1.0,True,0.192167550005585,0.9968997479698706,0.09058079594770127
csb_field,181825002164131,2022-03-13,PSScene-20220313_162210_35_241c,1.0,True,0.21636170530730822,1.0326334749073582,0.09049061598723848
csb_field,181825002164136,2022-03-13,PSScene-20220313_162210_35_241c,1.0,True,0.19928397903316522,1.0620902377870352,0.0923577927842197
csb_field,181825002164109,2022-03-13,PSScene-20220313_162210_35_241c,1.0,True,0.19504299494775376,1.0448101133627141,0.09473188422278014
csb_field,181825002164090,2022-03-13,PSScene-20220313_162210_35_241c,1.0,True,0.27768321949359126,1.4634738200386057,0.12620820366572924
csb_field,181825002164096,2022-03-13,PSScene-20220313_162210_35_241c,1.0,True,0.27676047656007646,1.485268607081211,0.13159648051093292
csb_field,181825002164060,2022-03-13,PSScene-20220313_162210_35_241c,1.0,True,0.31560505750434587,1.684698816912905,0.15836848819777036
csb_field,181825002164039,2022-03-13,PSScene-20220313_162210_35_241c,1.0,True,0.34301086705546585,1.7757905192986398,0.17528239005312465
csb_field,181825002164033,2022-03-13,PSScene-20220313_162210_35_241c,1.0,True,0.35113262075058543,1.775213492377967,0.17952791676340935
csb_field,181825002164017,2022-03-13,PSScene-20220313_162210_35_241c,1.0,True,0.37516856817441824,1.7786950730266355,0.19677461956879824
csb_field,181825002164151,2022-03-13,PSScene-20220313_162210_35_241c,1.0,True,0.3030678738120357,1.5035814927026718,0.1529587173762059
csb_field,181825002164153,2022-03-13,PSScene-20220313_162210_35_241c,1.0,True,0.2252624481915332,1.1160342914566836,0.09819009150806063
csb_field,181825002164152,2022-03-13,PSScene-20220313_162210_35_241c,1.0,True,0.24070433601998334,1.222665112676757,0.10676405993203772
csb_field,181825002164141,2022-03-13,PSScene-20220313_162210_35_241c,1.0,True,0.2000235239467347,1.0597762492926324,0.10111950051432834
csb_field,181825002164144,2022-03-13,PSScene-20220313_162210_35_241c,1.0,True,0.19818807064591193,1.0419585508247056,0.1004220016961222
csb_field,181825002164119,2022-03-13,PSScene-20220313_162210_35_241c,1.0,True,0.21336076871109247,1.107412846504741,0.10555885299197669
csb_field,181825002164140,2022-03-13,PSScene-20220313_162210_35_241c,1.0,True,0.22984192120564814,1.15531371761688,0.10325104885052276
csb_field,181825002164064,2022-03-13,PSScene-20220313_162210_35_241c,1.0,True,0.20560478000606988,1.1216684132515211,0.10367091303238704
csb_field,181825002164059,2022-03-13,PSScene-20220313_162210_35_241c,1.0,True,0.24593799725906226,1.1219042685047576,0.09974931021841159
csb_field,181825002164061,2022-03-13,PSScene-20220313_162210_35_241c,1.0,True,0.20321145618216813,1.0839948787198517,0.10007764592784676
csb_field,181825002164104,2022-03-13,PSScene-20220313_162210_35_241c,1.0,True,0.20555982539772064,1.0978885631354778,0.10036817412939161
csb_field,181825002164087,2022-03-13,PSScene-20220313_162210_35_241c,1.0,True,0.22236807766689085,1.107775674874051,0.1011532931116608
csb_field,181825002164078,2022-03-13,PSScene-20220313_162210_35_241c,1.0,True,0.19581673330339638,1.0859944122100385,0.09418995628909785
csb_field,181825002164073,2022-03-13,PSScene-20220313_162210_35_241c,1.0,True,0.19981074788133532,1.0902923218284717,0.09911232782751142
csb_field,181825002164072,2022-03-13,PSScene-20220313_162210_35_241c,1.0,True,0.23399952773390834,1.1910033723682885,0.11244646080139699
csb_field,181825002164058,2022-03-13,PSScene-20220313_162210_35_241c,1.0,True,0.2032703439102583,1.0798328487885993,0.10518641821450832
csb_field,181825002164040,2022-03-13,PSScene-20220313_162210_35_241c,1.0,True,0.20216966684824988,1.0846082837234494,0.09947213427553145
csb_field,181825002163999,2022-03-13,PSScene-20220313_162210_35_241c,1.0,True,0.25155788217240294,1.2070077148145524,0.11693960370962092
csb_field,181825002164000,2022-03-13,PSScene-20220313_162210_35_241c,1.0,True,0.2062431200911997,1.0996766823154014,0.1024499786069749
csb_field,181825002163982,2022-03-13,PSScene-20220313_162210_35_241c,1.0,True,0.39913255400805875,1.9989474695766107,0.2082306505860076
csb_field,181825002163998,2022-03-13,PSScene-20220313_162210_35_241c,1.0,True,0.2905063620801465,1.506001550536509,0.14481661536435808
csb_field,181825002163972,2022-03-13,PSScene-20220313_162210_35_241c,1.0,True,0.2196919359941488,1.1264933872623155,0.10283374187741141
csb_field,181825002163954,2022-03-13,PSScene-20220313_162210_35_241c,1.0,True,0.2659591949103993,1.3467733868024925,0.1384960688974268
csb_field,181825002163941,2022-03-13,PSScene-20220313_162210_35_241c,1.0,True,0.2752812079029123,1.4547798155663128,0.1424673283246924
csb_field,181825002163948,2022-03-13,PSScene-20220313_162210_35_241c,1.0,True,0.2643160382844904,1.3026352750577763,0.12328325466053698
csb_field,181825002164031,2022-03-13,PSScene-20220313_162210_35_241c,1.0,True,0.25154920904602174,1.1885369718008725,0.10560624882116441
csb_field,181825002164028,2022-03-13,PSScene-20220313_162210_35_241c,1.0,True,0.23556360638658885,1.1397565867617527,0.10504348774588593
csb_field,181825002164004,2022-03-13,PSScene-20220313_162210_35_241c,1.0,True,0.2581379021080297,1.2110711671794772,0.1060649387242834
csb_field,181825002164005,2022-03-13,PSScene-20220313_162210_35_241c,1.0,True,0.2559036248996251,1.2087919922017192,0.10621798992229686
csb_field,181825002163930,2022-03-13,PSScene-20220313_162210_35_241c,1.0,True,0.24251320540385002,1.2187310644073261,0.10968234058372395
csb_field,181825002163963,2022-03-13,PSScene-20220313_162210_35_241c,1.0,True,0.22655086783833162,1.1893526123045999,0.11383342009254821
csb_field,181825002163938,2022-03-13,PSScene-20220313_162210_35_241c,1.0,True,0.23924750587528767,1.1538880373047193,0.10512264885110899
csb_field,181825002163906,2022-03-13,PSScene-20220313_162210_35_241c,1.0,True,0.298542839170488,1.4542499310053536,0.15144046376650222
csb_field,181825002163917,2022-03-13,PSScene-20220313_162210_35_241c,1.0,True,0.3506539469169901,1.722904409448346,0.1680499564903314
csb_field,181825002163904,2022-03-13,PSScene-20220313_162210_35_241c,1.0,True,0.2824981259169863,1.3439763467370567,0.13718346011535335
csb_field,181825002163937,2022-03-13,PSScene-20220313_162210_35_241c,1.0,True,0.25745208066474434,1.3334081082802711,0.13160905616515448
csb_field,181825002163924,2022-03-13,PSScene-20220313_162210_35_241c,1.0,True,0.20977244403755937,0.953285957602829,0.09336233939592004
csb_field,181825002163922,2022-03-13,PSScene-20220313_162210_35_241c,1.0,True,0.30741137664199636,1.2972061112781168,0.13020703533928762
csb_field,181825002163878,2022-03-13,PSScene-20220313_162210_35_241c,1.0,True,0.32228671347523796,1.6915765347976548,0.17477453482336744
csb_field,181825002163866,2022-03-13,PSScene-20220313_162210_35_241c,1.0,True,0.28178566580555764,1.485073590200699,0.12907574734119864
csb_field,181825002163865,2022-03-13,PSScene-20220313_162210_35_241c,1.0,True,0.29050154626558994,1.5217234411774525,0.13235441457057334
csb_field,181825002163854,2022-03-13,PSScene-20220313_162210_35_241c,1.0,True,0.4050807672099978,2.0395997166221798,0.20770965626635624
csb_field,181825002163846,2022-03-13,PSScene-20220313_162210_35_241c,1.0,True,0.2629710208552414,1.1485255192551869,0.14655840174109466
csb_field,181825002163942,2022-03-13,PSScene-20220313_162210_35_241c,1.0,True,0.2763120613790087,1.270684429151918,0.12596145039156076
csb_field,181825002163957,2022-03-13,PSScene-20220313_162210_35_241c,1.0,True,0.2507860681913158,1.2901319972925434,0.12526173874857902
csb_field,181825002163897,2022-03-13,PSScene-20220313_162210_35_241c,1.0,True,0.4281183247817553,2.144397407306345,0.21795723192509148
csb_field,181825002163916,2022-03-13,PSScene-20220313_162210_35_241c,1.0,True,0.25560587966948667,1.1719037677814568,0.11103107762684854
csb_field,181825002163879,2022-03-13,PSScene-20220313_162210_35_241c,1.0,True,0.28408665610330375,1.4374522641906882,0.13631432742746682
csb_field,181825002163918,2022-03-13,PSScene-20220313_162210_35_241c,1.0,True,0.22654265590839714,1.1327396747371457,0.10160930356958128
csb_field,181825002163911,2022-03-13,PSScene-20220313_162210_35_241c,1.0,True,0.32674071648876035,1.7472885211065077,0.1741486349234544
csb_field,181825002163907,2022-03-13,PSScene-20220313_162210_35_241c,1.0,True,0.3145272434767702,1.5166814019317247,0.1552565325039412
csb_field,181825002163884,2022-03-13,PSScene-20220313_162210_35_241c,1.0,True,0.225415561821296,1.0422720256742068,0.09351407656779492
csb_field,181825002163859,2022-03-13,PSScene-20220313_162210_35_241c,1.0,True,0.259107060898127,1.236899736100873,0.11782840663910499
csb_field,181825002163855,2022-03-13,PSScene-20220313_162210_35_241c,1.0,True,0.31205313334960716,1.6264479915414427,0.17787374396885583
csb_field,181825002163874,2022-03-13,PSScene-20220313_162210_35_241c,1.0,True,0.21213907065080503,0.9569211218657983,0.08403445066291196
csb_field,181825002163842,2022-03-13,PSScene-20220313_162210_35_241c,1.0,True,0.2269964127255163,1.045756853097241,0.09257820222252093
csb_field,181825002163872,2022-03-13,PSScene-20220313_162210_35_241c,1.0,True,0.221012139305138,1.0329349086900477,0.0972133550451263
csb_field,181825002163860,2022-03-13,PSScene-20220313_162210_35_241c,1.0,True,0.23372571767232247,1.0311584780436012,0.08811936760309216
gt_field,IN_PENG2025_CCNT,2022-04-16,PSScene-20220416_153419_59_2442,1.0,True,0.2658295568965099,1.1845707003598653,0.17254310110852916
gt_field,IN_PENG2025_NT,2022-04-16,PSScene-20220416_153419_59_2442,1.0,True,0.25217073678630914,1.1656561468376332,0.17050923186138373
csb_field,181825002164142,2022-04-16,PSScene-20220416_153419_59_2442,1.0,True,0.19938371303909153,0.9695262098409212,0.13853769733156884
csb_field,181825002164143,2022-04-16,PSScene-20220416_153419_59_2442,1.0,True,0.2021396596730756,0.9970943365078084,0.14374929886595747
csb_field,181825002164131,2022-04-16,PSScene-20220416_153419_59_2442,1.0,True,0.24347758087680202,1.1223914572110945,0.16471451123700484
csb_field,181825002164136,2022-04-16,PSScene-20220416_153419_59_2442,1.0,True,0.2349138637511509,1.1523816411772925,0.16726444099948704
csb_field,181825002164109,2022-04-16,PSScene-20220416_153419_59_2442,1.0,True,0.20159122811666214,1.0175308386605857,0.14424304346774766
csb_field,181825002164090,2022-04-16,PSScene-20220416_153419_59_2442,1.0,True,0.4931108636586549,2.268311002257021,0.3213054670535477
csb_field,181825002164096,2022-04-16,PSScene-20220416_153419_59_2442,1.0,True,0.6187934335546861,3.1998634521636746,0.41213056158197947
csb_field,181825002164060,2022-04-16,PSScene-20220416_153419_59_2442,1.0,True,0.6562491010789352,3.412112064480761,0.4271919316820573
csb_field,181825002164039,2022-04-16,PSScene-20220416_153419_59_2442,1.0,True,0.4527037733867645,2.0724693934136713,0.28817338254689306
csb_field,181825002164033,2022-04-16,PSScene-20220416_153419_59_2442,1.0,True,0.5486774203932102,2.572720661146164,0.3540860776956531
csb_field,181825002164017,2022-04-16,PSScene-20220416_153419_59_2442,1.0,True,0.7319608214749616,4.16005249948517,0.4827879679532131
csb_field,181825002164151,2022-04-16,PSScene-20220416_153419_59_2442,1.0,True,0.42167041304972913,2.0724860099723825,0.27447963686081994
csb_field,181825002164153,2022-04-16,PSScene-20220416_153419_59_2442,1.0,True,0.26831905971746467,1.2440904225961715,0.18042643415100937
csb_field,181825002164152,2022-04-16,PSScene-20220416_153419_59_2442,1.0,True,0.2898171458490401,1.3908268198611216,0.19544885309465534
csb_field,181825002164141,2022-04-16,PSScene-20220416_153419_59_2442,1.0,True,0.2047993985666792,1.0417138264591639,0.1519627576108915
csb_field,181825002164144,2022-04-16,PSScene-20220416_153419_59_2442,1.0,True,0.20227506805529016,1.029050819914103,0.1478454225089146
csb_field,181825002164119,2022-04-16,PSScene-20220416_153419_59_2442,1.0,True,0.2677952913470909,1.2566364756035844,0.18698107103044834
csb_field,181825002164140,2022-04-16,PSScene-20220416_153419_59_2442,1.0,True,0.2761994297559938,1.3086466734323852,0.18687599870096133
csb_field,181825002164064,2022-04-16,PSScene-20220416_153419_59_2442,1.0,True,0.26024498643029764,1.2244135097475497,0.1712729096222398
csb_field,181825002164059,2022-04-16,PSScene-20220416_153419_59_2442,1.0,True,0.26826615977725804,1.1465276842139291,0.16840087898689354
csb_field,181825002164061,2022-04-16,PSScene-20220416_153419_59_2442,1.0,True,0.21966890080204846,1.0890753738355317,0.1552439809513551
csb_field,181825002164104,2022-04-16,PSScene-20220416_153419_59_2442,1.0,True,0.27678164878788,1.276904130695201,0.18908212085442863
csb_field,181825002164087,2022-04-16,PSScene-20220416_153419_59_2442,1.0,True,0.2881438639908499,1.2968754270006095,0.18966970377263978
csb_field,181825002164078,2022-04-16,PSScene-20220416_153419_59_2442,1.0,True,0.24010592641746237,1.2175347112231776,0.1658769989145627
csb_field,181825002164073,2022-04-16,PSScene-20220416_153419_59_2442,1.0,True,0.2188877553375591,1.075992237649978,0.15322895034251138
csb_field,181825002164072,2022-04-16,PSScene-20220416_153419_59_2442,1.0,True,0.290793047114744,1.3605096232495817,0.19331559956638852
csb_field,181825002164058,2022-04-16,PSScene-20220416_153419_59_2442,1.0,True,0.2451953257068378,1.1519259578306287,0.16819789617150832
csb_field,181825002164040,2022-04-16,PSScene-20220416_153419_59_2442,1.0,True,0.217515661816931,1.0780932836027133,0.15444448916889678
csb_field,181825002163999,2022-04-16,PSScene-20220416_153419_59_2442,1.0,True,0.3133258336226891,1.4480817159818435,0.20940035821405398
csb_field,181825002164000,2022-04-16,PSScene-20220416_153419_59_2442,1.0,True,0.23504820552194258,1.1596232340888426,0.16656108212568257
csb_field,181825002163982,2022-04-16,PSScene-20220416_153419_59_2442,1.0,True,0.421165215478751,2.0545155557176895,0.2864703918980887
csb_field,181825002163998,2022-04-16,PSScene-20220416_153419_59_2442,1.0,True,0.6518104383287258,3.3387312404140927,0.42732864022264516
csb_field,181825002163972,2022-04-16,PSScene-20220416_153419_59_2442,1.0,True,0.24193633443449888,1.1198521181493237,0.16731410526267207
csb_field,181825002163954,2022-04-16,PSScene-20220416_153419_59_2442,1.0,True,0.426355597200676,1.9342195731666028,0.2819691013714697
csb_field,181825002163941,2022-04-16,PSScene-20220416_153419_59_2442,1.0,True,0.3086058872436145,1.433851871815583,0.20704913128609692
csb_field,181825002163948,2022-04-16,PSScene-20220416_153419_59_2442,1.0,True,0.3994115506636896,1.8329247442058367,0.25680411910882633
csb_field,181825002164031,2022-04-16,PSScene-20220416_153419_59_2442,1.0,True,0.27888737265256547,1.250082910698074,0.1812725065417337
csb_field,181825002164028,2022-04-16,PSScene-20220416_153419_59_2442,1.0,True,0.2709249527821297,1.2505586391617867,0.18143745055691793
csb_field,181825002164004,2022-04-16,PSScene-20220416_153419_59_2442,1.0,True,0.2762319757048301,1.2399893559721389,0.18001669406008244
csb_field,181825002164005,2022-04-16,PSScene-20220416_153419_59_2442,1.0,True,0.2692040742083843,1.2146512305454518,0.17490496757502697
csb_field,181825002163930,2022-04-16,PSScene-20220416_153419_59_2442,1.0,True,0.421755744437105,1.8860317290011104,0.27325368012693213
csb_field,181825002163963,2022-04-16,PSScene-20220416_153419_59_2442,1.0,True,0.26007783306812776,1.2467660978642012,0.17710144804125247
csb_field,181825002163938,2022-04-16,PSScene-20220416_153419_59_2442,1.0,True,0.33921962052122784,1.4970183443010303,0.22360547252637045
csb_field,181825002163906,2022-04-16,PSScene-20220416_153419_59_2442,1.0,True,0.3639598338969644,1.6439324755173077,0.22807314528540085
csb_field,181825002163917,2022-04-16,PSScene-20220416_153419_59_2442,1.0,True,0.44731037314669714,2.317326932639698,0.2988734322290381
csb_field,181825002163904,2022-04-16,PSScene-20220416_153419_59_2442,1.0,True,0.3584878444552845,1.5922944336169038,0.22663964428794534
csb_field,181825002163937,2022-04-16,PSScene-20220416_153419_59_2442,1.0,True,0.2932801344111854,1.3499334066222213,0.19615301949364375
csb_field,181825002163924,2022-04-16,PSScene-20220416_153419_59_2442,1.0,True,0.2568306928711224,1.0568866682583649,0.17085209888661596
csb_field,181825002163922,2022-04-16,PSScene-20220416_153419_59_2442,1.0,True,0.4066275218834656,1.6591609728373586,0.24469869227725052
csb_field,181825002163878,2022-04-16,PSScene-20220416_153419_59_2442,1.0,True,0.6989983661508976,3.8665701255995972,0.47131631261413975
csb_field,181825002163866,2022-04-16,PSScene-20220416_153419_59_2442,1.0,True,0.5632433369630419,2.6383821936078933,0.36027531949598385
csb_field,181825002163865,2022-04-16,PSScene-20220416_153419_59_2442,1.0,True,0.5666682483101446,2.636179068763112,0.3621209599199376
csb_field,181825002163854,2022-04-16,PSScene-20220416_153419_59_2442,1.0,True,0.7453929854428752,4.5759242403620695,0.4869332760931297
csb_field,181825002163846,2022-04-16,PSScene-20220416_153419_59_2442,1.0,True,0.3949572908234851,1.9892623664520857,0.29455000488405964
csb_field,181825002163942,2022-04-16,PSScene-20220416_153419_59_2442,1.0,True,0.34378922097148884,1.501658166053333,0.21640845396928549
csb_field,181825002163957,2022-04-16,PSScene-20220416_153419_59_2442,1.0,True,0.35553930004125495,1.7955876380367717,0.23656495587058826
csb_field,181825002163897,2022-04-16,PSScene-20220416_153419_59_2442,1.0,True,0.7016518003425295,4.195093068483764,0.46255345996042
csb_field,181825002163916,2022-04-16,PSScene-20220416_153419_59_2442,1.0,True,0.3166275076073962,1.4046037389923316,0.20559183422699423
csb_field,181825002163879,2022-04-16,PSScene-20220416_153419_59_2442,1.0,True,0.5058312020464125,2.2650476264220027,0.3283694117454684
csb_field,181825002163918,2022-04-16,PSScene-20220416_153419_59_2442,1.0,True,0.2677374320481575,1.2313199695743997,0.17573180222733578
csb_field,181825002163911,2022-04-16,PSScene-20220416_153419_59_2442,1.0,True,0.5888261339787231,3.090831627219424,0.3832794688078602
csb_field,181825002163907,2022-04-16,PSScene-20220416_153419_59_2442,1.0,True,0.4977795522980063,2.613062098634496,0.3240529871898909
csb_field,181825002163884,2022-04-16,PSScene-20220416_153419_59_2442,1.0,True,0.332462175855982,1.4341209049591186,0.21647777042053992
csb_field,181825002163859,2022-04-16,PSScene-20220416_153419_59_2442,1.0,True,0.47282170361143155,2.206714514488935,0.31270800900756696
csb_field,181825002163855,2022-04-16,PSScene-20220416_153419_59_2442,1.0,True,0.5566913429753708,2.7356817010504484,0.3660025118168977
csb_field,181825002163874,2022-04-16,PSScene-20220416_153419_59_2442,1.0,True,0.2523299416947707,1.09001597420852,0.16751300438291947
csb_field,181825002163842,2022-04-16,PSScene-20220416_153419_59_2442,1.0,True,0.33387714651510947,1.4292672874615606,0.21309724452041795
csb_field,181825002163872,2022-04-16,PSScene-20220416_153419_59_2442,1.0,True,0.25883660216828974,1.132082728292869,0.17412276500836374
csb_field,181825002163860,2022-04-16,PSScene-20220416_153419_59_2442,1.0,True,0.300267204340522,1.5065924163959206,0.20386389093660856
gt_field,IN_PENG2025_CCNT,2022-04-16,PSScene-20220416_153421_88_2442,0.5584389131054711,True,0.27707376359069474,1.2258730710073837,0.17966964460841553
gt_field,IN_PENG2025_NT,2022-04-16,PSScene-20220416_153421_88_2442,0.4629772093470526,True,0.2571691231459433,1.169963820857841,0.17027282898840565
csb_field,181825002164142,2022-04-16,PSScene-20220416_153421_88_2442,1.0,True,0.2030858061907295,0.9670295005441792,0.14058517997671185
csb_field,181825002164143,2022-04-16,PSScene-20220416_153421_88_2442,1.0,True,0.2056423845907683,1.001561024526615,0.14437132044264003
csb_field,181825002164131,2022-04-16,PSScene-20220416_153421_88_2442,1.0,True,0.2451016467716769,1.1173595354558066,0.1640423843196404
csb_field,181825002164136,2022-04-16,PSScene-20220416_153421_88_2442,1.0,True,0.238431044691026,1.1545083210969196,0.16737274823519221
csb_field,181825002164109,2022-04-16,PSScene-20220416_153421_88_2442,1.0,True,0.20365808600880153,1.0195483530934955,0.1460711185464001
csb_field,181825002164090,2022-04-16,PSScene-20220416_153421_88_2442,1.0,True,0.49326532092039926,2.2613495914364576,0.32193956209516134
csb_field,181825002164096,2022-04-16,PSScene-20220416_153421_88_2442,1.0,True,0.6168944141492564,3.1729426131734457,0.41150368969401196
csb_field,181825002164060,2022-04-16,PSScene-20220416_153421_88_2442,1.0,True,0.654438738130359,3.3687195409056243,0.42647572780892906
csb_field,181825002164039,2022-04-16,PSScene-20220416_153421_88_2442,1.0,True,0.4514882904494552,2.0452638823276126,0.2864005195000112
csb_field,181825002164033,2022-04-16,PSScene-20220416_153421_88_2442,1.0,True,0.5490832963755768,2.5605251852531135,0.35476144580166563
csb_field,181825002164017,2022-04-16,PSScene-20220416_153421_88_2442,1.0,True,0.7313078234741177,4.121419165043354,0.4820849012010435
csb_field,181825002164151,2022-04-16,PSScene-20220416_153421_88_2442,1.0,True,0.4138116829134607,2.0177899580784557,0.27610435920997395
csb_field,181825002164153,2022-04-16,PSScene-20220416_153421_88_2442,1.0,True,0.26689829469278137,1.2220239314216363,0.1763278901056206
csb_field,181825002164152,2022-04-16,PSScene-20220416_153421_88_2442,1.0,True,0.29099219293681006,1.3785396075322771,0.19508686572896897
csb_field,181825002164141,2022-04-16,PSScene-20220416_153421_88_2442,1.0,True,0.20667899315012034,1.0374332361472929,0.15175943532934522
csb_field,181825002164144,2022-04-16,PSScene-20220416_153421_88_2442,1.0,True,0.2047222433350406,1.0273665043213813,0.14788228564496314
csb_field,181825002164119,2022-04-16,PSScene-20220416_153421_88_2442,1.0,True,0.26877600021182846,1.2620176639417189,0.18616643469742494
csb_field,181825002164140,2022-04-16,PSScene-20220416_153421_88_2442,1.0,True,0.27832497058537387,1.3085271365909699,0.18864537301390774
csb_field,181825002164064,2022-04-16,PSScene-20220416_153421_88_2442,1.0,True,0.26125173007181374,1.2228906334105873,0.17145164974374538
csb_field,181825002164059,2022-04-16,PSScene-20220416_153421_88_2442,1.0,True,0.26988843544447505,1.1407512757466731,0.16861605999465518
csb_field,181825002164061,2022-04-16,PSScene-20220416_153421_88_2442,1.0,True,0.22085066626139585,1.0860840917229282,0.1546188534666972
csb_field,181825002164104,2022-04-16,PSScene-20220416_153421_88_2442,1.0,True,0.2792009760608585,1.281282165973235,0.18795951263683772
csb_field,181825002164087,2022-04-16,PSScene-20220416_153421_88_2442,1.0,True,0.28987994608480927,1.2944179029739904,0.18989853677915444
csb_field,181825002164078,2022-04-16,PSScene-20220416_153421_88_2442,1.0,True,0.24295800031953935,1.220796050963367,0.16735650480061928
csb_field,181825002164073,2022-04-16,PSScene-20220416_153421_88_2442,1.0,True,0.22091275763729337,1.0726791190059894,0.15289904123062414
csb_field,181825002164072,2022-04-16,PSScene-20220416_153421_88_2442,1.0,True,0.2921008535362342,1.3513455502379936,0.19294763640414295
csb_field,181825002164058,2022-04-16,PSScene-20220416_153421_88_2442,1.0,True,0.24836772437523968,1.1531937655162725,0.16702355086997894
csb_field,181825002164040,2022-04-16,PSScene-20220416_153421_88_2442,0.6433644757689996,True,0.22289339423475976,1.1045277221528136,0.15707423222309563
csb_field,181825002163999,2022-04-16,PSScene-20220416_153421_88_2442,0.0,True,,,
csb_field,181825002164000,2022-04-16,PSScene-20220416_153421_88_2442,0.0,True,,,
csb_field,181825002163982,2022-04-16,PSScene-20220416_153421_88_2442,1.0,True,0.41226384632688134,1.9511924930139561,0.2771000529285034
csb_field,181825002163998,2022-04-16,PSScene-20220416_153421_88_2442,1.0,True,0.64992522568451,3.301181744209561,0.42623541955495026
csb_field,181825002163972,2022-04-16,PSScene-20220416_153421_88_2442,0.5458440445586975,True,0.23615766362616622,1.1076642792671578,0.1638722108080538
csb_field,181825002163954,2022-04-16,PSScene-20220416_153421_88_2442,0.0,True,,,
csb_field,181825002163941,2022-04-16,PSScene-20220416_153421_88_2442,0.0,True,,,
csb_field,181825002163948,2022-04-16,PSScene-20220416_153421_88_2442,0.0,True,,,
csb_field,181825002164031,2022-04-16,PSScene-20220416_153421_88_2442,1.0,True,0.28049617230789964,1.2478753549995634,0.18184593811148375
csb_field,181825002164028,2022-04-16,PSScene-20220416_153421_88_2442,0.3807938856015779,True,0.2548896048747736,1.1634283331179902,0.16873628621584355
csb_field,181825002164004,2022-04-16,PSScene-20220416_153421_88_2442,0.4655626646593903,True,0.2885734769444146,1.2806235776356842,0.18763395649482562
csb_field,181825002164005,2022-04-16,PSScene-20220416_153421_88_2442,0.0725067385444744,True,0.2513352580847546,1.1348887912085135,0.16682020167255382
csb_field,181825002163930,2022-04-16,PSScene-20220416_153421_88_2442,0.0,True,,,
csb_field,181825002163963,2022-04-16,PSScene-20220416_153421_88_2442,0.0,True,,,
csb_field,181825002163938,2022-04-16,PSScene-20220416_153421_88_2442,0.0,True,,,
csb_field,181825002163906,2022-04-16,PSScene-20220416_153421_88_2442,0.0,True,,,
csb_field,181825002163917,2022-04-16,PSScene-20220416_153421_88_2442,0.0,True,,,
csb_field,181825002163904,2022-04-16,PSScene-20220416_153421_88_2442,0.0,True,,,
csb_field,181825002163937,2022-04-16,PSScene-20220416_153421_88_2442,0.0,True,,,
csb_field,181825002163924,2022-04-16,PSScene-20220416_153421_88_2442,0.0,True,,,
csb_field,181825002163922,2022-04-16,PSScene-20220416_153421_88_2442,0.0,True,,,
csb_field,181825002163878,2022-04-16,PSScene-20220416_153421_88_2442,0.0,True,,,
csb_field,181825002163866,2022-04-16,PSScene-20220416_153421_88_2442,0.0,True,,,
csb_field,181825002163865,2022-04-16,PSScene-20220416_153421_88_2442,0.0,True,,,
csb_field,181825002163854,2022-04-16,PSScene-20220416_153421_88_2442,0.0,True,,,
csb_field,181825002163846,2022-04-16,PSScene-20220416_153421_88_2442,0.0,True,,,
csb_field,181825002163942,2022-04-16,PSScene-20220416_153421_88_2442,0.0,True,,,
csb_field,181825002163957,2022-04-16,PSScene-20220416_153421_88_2442,0.0,True,,,
csb_field,181825002163897,2022-04-16,PSScene-20220416_153421_88_2442,0.0,True,,,
csb_field,181825002163916,2022-04-16,PSScene-20220416_153421_88_2442,0.0,True,,,
csb_field,181825002163879,2022-04-16,PSScene-20220416_153421_88_2442,0.0,True,,,
csb_field,181825002163918,2022-04-16,PSScene-20220416_153421_88_2442,0.0,True,,,
csb_field,181825002163911,2022-04-16,PSScene-20220416_153421_88_2442,0.0,True,,,
csb_field,181825002163907,2022-04-16,PSScene-20220416_153421_88_2442,0.0,True,,,
csb_field,181825002163884,2022-04-16,PSScene-20220416_153421_88_2442,0.0,True,,,
csb_field,181825002163859,2022-04-16,PSScene-20220416_153421_88_2442,0.0,True,,,
csb_field,181825002163855,2022-04-16,PSScene-20220416_153421_88_2442,0.0,True,,,
csb_field,181825002163874,2022-04-16,PSScene-20220416_153421_88_2442,0.0,True,,,
csb_field,181825002163842,2022-04-16,PSScene-20220416_153421_88_2442,0.0,True,,,
csb_field,181825002163872,2022-04-16,PSScene-20220416_153421_88_2442,0.0,True,,,
csb_field,181825002163860,2022-04-16,PSScene-20220416_153421_88_2442,0.0,True,,,
gt_field,IN_PENG2025_CCNT,2022-04-17,PSScene-20220417_153417_64_2449,1.0,True,0.26058196781355375,1.1484264063491203,0.16419751397598664
gt_field,IN_PENG2025_NT,2022-04-17,PSScene-20220417_153417_64_2449,1.0,True,0.25784272434325267,1.1777558391664202,0.16601459939747612
csb_field,181825002164142,2022-04-17,PSScene-20220417_153417_64_2449,1.0,True,0.2168665648360476,1.0283419755808585,0.14378621758026752
csb_field,181825002164143,2022-04-17,PSScene-20220417_153417_64_2449,1.0,True,0.2150620503889338,1.0494371753620195,0.1465962209134688
csb_field,181825002164131,2022-04-17,PSScene-20220417_153417_64_2449,1.0,True,0.24737708815914686,1.1472291318741727,0.16346441036725562
csb_field,181825002164136,2022-04-17,PSScene-20220417_153417_64_2449,1.0,True,0.24173544912629888,1.1932322307089167,0.1666975573807753
csb_field,181825002164109,2022-04-17,PSScene-20220417_153417_64_2449,1.0,True,0.21332847593983023,1.0637535141049927,0.14547506850617117
csb_field,181825002164090,2022-04-17,PSScene-20220417_153417_64_2449,1.0,True,0.47818383076134974,2.2124729978938777,0.3081351780862359
csb_field,181825002164096,2022-04-17,PSScene-20220417_153417_64_2449,1.0,True,0.5934291170475481,3.0510148698722537,0.39624411406442
csb_field,181825002164060,2022-04-17,PSScene-20220417_153417_64_2449,1.0,True,0.6386651363341124,3.2937184590503286,0.4189751762454621
csb_field,181825002164039,2022-04-17,PSScene-20220417_153417_64_2449,1.0,True,0.4355079827244422,1.9425470495508623,0.27292161111526353
csb_field,181825002164033,2022-04-17,PSScene-20220417_153417_64_2449,1.0,True,0.5302258001932597,2.430756009757319,0.3394842154681493
csb_field,181825002164017,2022-04-17,PSScene-20220417_153417_64_2449,1.0,True,0.7390903476417078,4.274636704365886,0.4873058970885305
csb_field,181825002164151,2022-04-17,PSScene-20220417_153417_64_2449,1.0,True,0.39997659470533803,1.8824093905542285,0.2547768955883496
csb_field,181825002164153,2022-04-17,PSScene-20220417_153417_64_2449,1.0,True,0.26151382930054884,1.204541363498413,0.17029612689771198
csb_field,181825002164152,2022-04-17,PSScene-20220417_153417_64_2449,1.0,True,0.28395248157478964,1.3275113097373978,0.18510281816457708
csb_field,181825002164141,2022-04-17,PSScene-20220417_153417_64_2449,1.0,True,0.21984661170610378,1.0859157371128332,0.151417854222929
csb_field,181825002164144,2022-04-17,PSScene-20220417_153417_64_2449,1.0,True,0.21447395622603246,1.057381174817746,0.14593705656479286
csb_field,181825002164119,2022-04-17,PSScene-20220417_153417_64_2449,1.0,True,0.2842903973000252,1.3389955210153168,0.19111365220885632
csb_field,181825002164140,2022-04-17,PSScene-20220417_153417_64_2449,1.0,True,0.27812691701605785,1.2854587355240614,0.1810208750279489
csb_field,181825002164064,2022-04-17,PSScene-20220417_153417_64_2449,1.0,True,0.2708721792807024,1.270416352370553,0.17280360747016194
csb_field,181825002164059,2022-04-17,PSScene-20220417_153417_64_2449,1.0,True,0.2654750519051813,1.1481621403971969,0.164582301644582
csb_field,181825002164061,2022-04-17,PSScene-20220417_153417_64_2449,1.0,True,0.22692695730934828,1.1183649388106534,0.15531122660044402
csb_field,181825002164104,2022-04-17,PSScene-20220417_153417_64_2449,1.0,True,0.2810012595688553,1.3280707739817983,0.1900839979987883
csb_field,181825002164087,2022-04-17,PSScene-20220417_153417_64_2449,1.0,True,0.2891330875340629,1.3309270756139726,0.18834316586227326
csb_field,181825002164078,2022-04-17,PSScene-20220417_153417_64_2449,1.0,True,0.23249014849223706,1.1799537855884719,0.15974269046084247
csb_field,181825002164073,2022-04-17,PSScene-20220417_153417_64_2449,1.0,True,0.2260397002231082,1.1074166194271613,0.15300672310014313
csb_field,181825002164072,2022-04-17,PSScene-20220417_153417_64_2449,1.0,True,0.29240976083385845,1.3421645389213348,0.1909848466920386
csb_field,181825002164058,2022-04-17,PSScene-20220417_153417_64_2449,1.0,True,0.2539289013487965,1.1758108512096945,0.16648899490926086
csb_field,181825002164040,2022-04-17,PSScene-20220417_153417_64_2449,1.0,True,0.22784992022832437,1.1312733997202618,0.1550786193328249
csb_field,181825002163999,2022-04-17,PSScene-20220417_153417_64_2449,1.0,True,0.3103632747511472,1.4326805404527163,0.20324096556080726
csb_field,181825002164000,2022-04-17,PSScene-20220417_153417_64_2449,1.0,True,0.24295085792291754,1.20866699719474,0.16635813386769022
csb_field,181825002163982,2022-04-17,PSScene-20220417_153417_64_2449,1.0,True,0.44179403937625056,2.205527940289566,0.2966446533128232
csb_field,181825002163998,2022-04-17,PSScene-20220417_153417_64_2449,1.0,True,0.6327986916004251,3.198865764426966,0.4145326715131645
csb_field,181825002163972,2022-04-17,PSScene-20220417_153417_64_2449,1.0,True,0.2346551123843732,1.119942053243192,0.1567436186933129
csb_field,181825002163954,2022-04-17,PSScene-20220417_153417_64_2449,1.0,True,0.4209387098151179,1.9252900897235747,0.272049263056885
csb_field,181825002163941,2022-04-17,PSScene-20220417_153417_64_2449,1.0,True,0.304524441356536,1.4254327829126,0.1982240390254447
csb_field,181825002163948,2022-04-17,PSScene-20220417_153417_64_2449,1.0,True,0.39456599350315275,1.8327124276977356,0.25409028671833445
csb_field,181825002164031,2022-04-17,PSScene-20220417_153417_64_2449,1.0,True,0.26884481648915387,1.190980854325047,0.17086405354637038
csb_field,181825002164028,2022-04-17,PSScene-20220417_153417_64_2449,1.0,True,0.2759734981508333,1.264230325712206,0.17760811855993375
csb_field,181825002164004,2022-04-17,PSScene-20220417_153417_64_2449,1.0,True,0.2734407208740974,1.184989250318104,0.17161599927972368
csb_field,181825002164005,2022-04-17,PSScene-20220417_153417_64_2449,1.0,True,0.26734910871092965,1.1960346292507515,0.16794129903397245
csb_field,181825002163930,2022-04-17,PSScene-20220417_153417_64_2449,1.0,True,0.4152937040057783,1.9053847883109745,0.26993117946632356
csb_field,181825002163963,2022-04-17,PSScene-20220417_153417_64_2449,1.0,True,0.26958109142354864,1.2714164329950866,0.17701023096619475
csb_field,181825002163938,2022-04-17,PSScene-20220417_153417_64_2449,1.0,True,0.3327448785232307,1.4713948914969468,0.21819349910539376
csb_field,181825002163906,2022-04-17,PSScene-20220417_153417_64_2449,1.0,True,0.35494117365409944,1.606158045259835,0.21909268347602764
csb_field,181825002163917,2022-04-17,PSScene-20220417_153417_64_2449,1.0,True,0.45304052795401867,2.421498381532087,0.306148839036828
csb_field,181825002163904,2022-04-17,PSScene-20220417_153417_64_2449,1.0,True,0.3500081953257876,1.5676836369407785,0.21770925685370507
csb_field,181825002163937,2022-04-17,PSScene-20220417_153417_64_2449,1.0,True,0.29208331292365314,1.338616181614035,0.19003819938469702
csb_field,181825002163924,2022-04-17,PSScene-20220417_153417_64_2449,1.0,True,0.24523011171055004,1.0158464132001128,0.15492705126640377
csb_field,181825002163922,2022-04-17,PSScene-20220417_153417_64_2449,1.0,True,0.39408836890249377,1.6000429064704775,0.23109160049001592
csb_field,181825002163878,2022-04-17,PSScene-20220417_153417_64_2449,1.0,True,0.687550028049364,3.822122920953134,0.46307707633664275
csb_field,181825002163866,2022-04-17,PSScene-20220417_153417_64_2449,1.0,True,0.5340448767350312,2.4436220191897364,0.33812623109869366
csb_field,181825002163865,2022-04-17,PSScene-20220417_153417_64_2449,1.0,True,0.5419085420015122,2.482713953457449,0.3447219306493396
csb_field,181825002163854,2022-04-17,PSScene-20220417_153417_64_2449,1.0,True,0.7440227247818396,4.61075422221413,0.48353988904781725
csb_field,181825002163846,2022-04-17,PSScene-20220417_153417_64_2449,1.0,True,0.3435091449450571,1.6162857724102129,0.2533525834116492
csb_field,181825002163942,2022-04-17,PSScene-20220417_153417_64_2449,1.0,True,0.3549447099266836,1.5748365904615607,0.2217028174943073
csb_field,181825002163957,2022-04-17,PSScene-20220417_153417_64_2449,1.0,True,0.3634630452688969,1.8733762021024836,0.23619619887190288
csb_field,181825002163897,2022-04-17,PSScene-20220417_153417_64_2449,1.0,True,0.706176037415421,4.276629538122528,0.46581519882583544
csb_field,181825002163916,2022-04-17,PSScene-20220417_153417_64_2449,1.0,True,0.3275346686465418,1.4625770818176342,0.20459445177131677
csb_field,181825002163879,2022-04-17,PSScene-20220417_153417_64_2449,1.0,True,0.49645541624272826,2.2793595310219725,0.3262564646982704
csb_field,181825002163918,2022-04-17,PSScene-20220417_153417_64_2449,1.0,True,0.27071464755572927,1.2400361406479175,0.17394008135046324
csb_field,181825002163911,2022-04-17,PSScene-20220417_153417_64_2449,1.0,True,0.5891917660474941,3.113795278477294,0.3823397540683826
csb_field,181825002163907,2022-04-17,PSScene-20220417_153417_64_2449,1.0,True,0.4958037193609632,2.6405014230601442,0.321825281445331
csb_field,181825002163884,2022-04-17,PSScene-20220417_153417_64_2449,1.0,True,0.3268827443661904,1.3999040949776007,0.20460824346797424
csb_field,181825002163859,2022-04-17,PSScene-20220417_153417_64_2449,1.0,True,0.46066515965557,2.1171133648348874,0.29858755259713693
csb_field,181825002163855,2022-04-17,PSScene-20220417_153417_64_2449,1.0,True,0.5548936380305786,2.7750503778684665,0.36259203565302944
csb_field,181825002163874,2022-04-17,PSScene-20220417_153417_64_2449,1.0,True,0.25277711152958443,1.0975261121640738,0.15872600360251066
csb_field,181825002163842,2022-04-17,PSScene-20220417_153417_64_2449,1.0,True,0.3326231853777261,1.4195864879625597,0.20498444607007998
csb_field,181825002163872,2022-04-17,PSScene-20220417_153417_64_2449,1.0,True,0.24388087755223709,1.03914644789215,0.15500600341956086
csb_field,181825002163860,2022-04-17,PSScene-20220417_153417_64_2449,1.0,True,0.3017881753348721,1.4868268915510534,0.19414644246332055
gt_field,IN_PENG2025_CCNT,2022-04-17,PSScene-20220417_153419_94_2449,1.0,True,0.2627111448137199,1.1528817973492376,0.16619839934335562
gt_field,IN_PENG2025_NT,2022-04-17,PSScene-20220417_153419_94_2449,1.0,True,0.2581135239168276,1.1778910515922945,0.1667427263275816
csb_field,181825002164142,2022-04-17,PSScene-20220417_153419_94_2449,1.0,True,0.21991412131463428,1.0393109872168844,0.14684911142288284
csb_field,181825002164143,2022-04-17,PSScene-20220417_153419_94_2449,1.0,True,0.21626313263180885,1.0541501746279043,0.14800767165581075
csb_field,181825002164131,2022-04-17,PSScene-20220417_153419_94_2449,1.0,True,0.24932708891025268,1.152811498975372,0.16485585071375325
csb_field,181825002164136,2022-04-17,PSScene-20220417_153419_94_2449,1.0,True,0.24569346943607698,1.2113816003702935,0.16950347922719908
csb_field,181825002164109,2022-04-17,PSScene-20220417_153419_94_2449,1.0,True,0.2139688484352357,1.068170272302653,0.1467963848550739
csb_field,181825002164090,2022-04-17,PSScene-20220417_153419_94_2449,1.0,True,0.4800573383831155,2.2233823244247537,0.31079204601862637
csb_field,181825002164096,2022-04-17,PSScene-20220417_153419_94_2449,1.0,True,0.5916898671510017,3.0325639937164977,0.3962847369325844
csb_field,181825002164060,2022-04-17,PSScene-20220417_153419_94_2449,1.0,True,0.6362404398823515,3.271058847010804,0.4190788778179992
csb_field,181825002164039,2022-04-17,PSScene-20220417_153419_94_2449,1.0,True,0.43533553314214085,1.9329589750546823,0.2740270853878237
csb_field,181825002164033,2022-04-17,PSScene-20220417_153419_94_2449,1.0,True,0.5303245824322423,2.4277778154726866,0.33984301082976887
csb_field,181825002164017,2022-04-17,PSScene-20220417_153419_94_2449,1.0,True,0.7363378315956348,4.217220698868867,0.48620917779878814
csb_field,181825002164151,2022-04-17,PSScene-20220417_153419_94_2449,1.0,True,0.39435183606458263,1.835049730034548,0.25643641380632604
csb_field,181825002164153,2022-04-17,PSScene-20220417_153419_94_2449,1.0,True,0.26266071285469406,1.2054223382098086,0.1708193081236448
csb_field,181825002164152,2022-04-17,PSScene-20220417_153419_94_2449,1.0,True,0.28411317493113303,1.3266518120071538,0.18658454036348007
csb_field,181825002164141,2022-04-17,PSScene-20220417_153419_94_2449,1.0,True,0.2203868217271106,1.0860375234018538,0.15232850610106224
csb_field,181825002164144,2022-04-17,PSScene-20220417_153419_94_2449,1.0,True,0.2162722451232753,1.0635181008482326,0.14763778515962997
csb_field,181825002164119,2022-04-17,PSScene-20220417_153419_94_2449,1.0,True,0.2864700893072266,1.339787130851755,0.19203981972106032
csb_field,181825002164140,2022-04-17,PSScene-20220417_153419_94_2449,1.0,True,0.2787702317061354,1.2885928607674775,0.18232948991873588
csb_field,181825002164064,2022-04-17,PSScene-20220417_153419_94_2449,1.0,True,0.27305953207117445,1.274499015272766,0.174170538507711
csb_field,181825002164059,2022-04-17,PSScene-20220417_153419_94_2449,1.0,True,0.26644713564487504,1.1559322648109824,0.16595796938320717
csb_field,181825002164061,2022-04-17,PSScene-20220417_153419_94_2449,1.0,True,0.22717367521608237,1.120941684770454,0.15649507247704514
csb_field,181825002164104,2022-04-17,PSScene-20220417_153419_94_2449,1.0,True,0.28263722752763176,1.33579673275416,0.19150440024985124
csb_field,181825002164087,2022-04-17,PSScene-20220417_153419_94_2449,1.0,True,0.2879220315546619,1.3246321745288752,0.18814962548131026
csb_field,181825002164078,2022-04-17,PSScene-20220417_153419_94_2449,1.0,True,0.23315571651876477,1.184536465499528,0.1609758195495091
csb_field,181825002164073,2022-04-17,PSScene-20220417_153419_94_2449,1.0,True,0.22698570772221502,1.114058751907859,0.1540465555316417
csb_field,181825002164072,2022-04-17,PSScene-20220417_153419_94_2449,1.0,True,0.29248692508398844,1.356403312955857,0.19224213089917574
csb_field,181825002164058,2022-04-17,PSScene-20220417_153419_94_2449,1.0,True,0.25358222487628357,1.1752495116153572,0.1673524235177825
csb_field,181825002164040,2022-04-17,PSScene-20220417_153419_94_2449,1.0,True,0.2294702180473504,1.1344063110816442,0.15607810088821217
csb_field,181825002163999,2022-04-17,PSScene-20220417_153419_94_2449,1.0,True,0.3049662293604401,1.3929474320754334,0.200623547275992
csb_field,181825002164000,2022-04-17,PSScene-20220417_153419_94_2449,1.0,True,0.24325761578309774,1.2110368568078962,0.16670818234199164
csb_field,181825002163982,2022-04-17,PSScene-20220417_153419_94_2449,1.0,True,0.450158533765597,2.234854556260377,0.29999407799808353
csb_field,181825002163998,2022-04-17,PSScene-20220417_153419_94_2449,1.0,True,0.6311453082722104,3.1789033522282772,0.41519045650804826
csb_field,181825002163972,2022-04-17,PSScene-20220417_153419_94_2449,1.0,True,0.23551418230654936,1.1224696344331115,0.15797886139455425
csb_field,181825002163954,2022-04-17,PSScene-20220417_153419_94_2449,1.0,True,0.4212837371028564,1.9207064787907169,0.27203785214620635
csb_field,181825002163941,2022-04-17,PSScene-20220417_153419_94_2449,1.0,True,0.30703483341463894,1.43459274452166,0.2002600776234471
csb_field,181825002163948,2022-04-17,PSScene-20220417_153419_94_2449,1.0,True,0.3946266693177757,1.8307703303461271,0.2545566179188111
csb_field,181825002164031,2022-04-17,PSScene-20220417_153419_94_2449,1.0,True,0.27132938495123743,1.2013537506321526,0.1739576933782469
csb_field,181825002164028,2022-04-17,PSScene-20220417_153419_94_2449,1.0,True,0.2753084867669667,1.261544832477108,0.17795648879727927
csb_field,181825002164004,2022-04-17,PSScene-20220417_153419_94_2449,1.0,True,0.2750362237807267,1.190563327683783,0.17415840727322687
csb_field,181825002164005,2022-04-17,PSScene-20220417_153419_94_2449,1.0,True,0.267765019402749,1.1847144451042901,0.16768259360056514
csb_field,181825002163930,2022-04-17,PSScene-20220417_153419_94_2449,1.0,True,0.420419830143125,1.940009022095469,0.2767076406701949
csb_field,181825002163963,2022-04-17,PSScene-20220417_153419_94_2449,1.0,True,0.2707868199354793,1.277810639662566,0.17825576659321324
csb_field,181825002163938,2022-04-17,PSScene-20220417_153419_94_2449,1.0,True,0.3330338937367236,1.4764431681053631,0.21864917703380898
csb_field,181825002163906,2022-04-17,PSScene-20220417_153419_94_2449,1.0,True,0.35683356384672554,1.6141984396478186,0.22113850190720544
csb_field,181825002163917,2022-04-17,PSScene-20220417_153419_94_2449,1.0,True,0.4472477645668673,2.3619435302865117,0.29989498534329384
csb_field,181825002163904,2022-04-17,PSScene-20220417_153419_94_2449,1.0,True,0.34961159680039894,1.566206627445143,0.22007617612646163
csb_field,181825002163937,2022-04-17,PSScene-20220417_153419_94_2449,1.0,True,0.29297721309597513,1.3476738820689165,0.19106398083533083
csb_field,181825002163924,2022-04-17,PSScene-20220417_153419_94_2449,1.0,True,0.24600779035899045,1.0214634212202442,0.15654723106697674
csb_field,181825002163922,2022-04-17,PSScene-20220417_153419_94_2449,1.0,True,0.3995273591553963,1.6247641521965552,0.2365982294933905
csb_field,181825002163878,2022-04-17,PSScene-20220417_153419_94_2449,1.0,True,0.6846426031023499,3.7782694746498025,0.46097213578297774
csb_field,181825002163866,2022-04-17,PSScene-20220417_153419_94_2449,1.0,True,0.532731080648777,2.436891380940199,0.33944903247594915
csb_field,181825002163865,2022-04-17,PSScene-20220417_153419_94_2449,1.0,True,0.5408933631276684,2.4698303812499995,0.3441837010950936
csb_field,181825002163854,2022-04-17,PSScene-20220417_153419_94_2449,1.0,True,0.743828224470869,4.610314499723967,0.4880272616283427
csb_field,181825002163846,2022-04-17,PSScene-20220417_153419_94_2449,1.0,True,0.34306013828312576,1.6009678001153516,0.2572585620323914
csb_field,181825002163942,2022-04-17,PSScene-20220417_153419_94_2449,1.0,True,0.3557019733512894,1.582851292773535,0.22582273270264552
csb_field,181825002163957,2022-04-17,PSScene-20220417_153419_94_2449,1.0,True,0.3641931846028469,1.8805527858908864,0.23901620491401068
csb_field,181825002163897,2022-04-17,PSScene-20220417_153419_94_2449,1.0,True,0.7094788204889126,4.301762368533595,0.469554109434995
csb_field,181825002163916,2022-04-17,PSScene-20220417_153419_94_2449,1.0,True,0.327427561856216,1.4670571058942063,0.20641789647985495
csb_field,181825002163879,2022-04-17,PSScene-20220417_153419_94_2449,1.0,True,0.49400951146639743,2.256966826950575,0.32464611171757735
csb_field,181825002163918,2022-04-17,PSScene-20220417_153419_94_2449,1.0,True,0.27310649364932954,1.2504249034254467,0.17701414499011328
csb_field,181825002163911,2022-04-17,PSScene-20220417_153419_94_2449,1.0,True,0.5855707255526706,3.0799852577297653,0.38079190432799986
csb_field,181825002163907,2022-04-17,PSScene-20220417_153419_94_2449,1.0,True,0.4956428024600885,2.626831526736545,0.3228363699703934
csb_field,181825002163884,2022-04-17,PSScene-20220417_153419_94_2449,1.0,True,0.3286608421636442,1.4051178429782878,0.20380775738270582
csb_field,181825002163859,2022-04-17,PSScene-20220417_153419_94_2449,1.0,True,0.46115489373992996,2.1195611562917973,0.300368006885497
csb_field,181825002163855,2022-04-17,PSScene-20220417_153419_94_2449,1.0,True,0.5521586362455371,2.7454261560772846,0.36029673862013983
csb_field,181825002163874,2022-04-17,PSScene-20220417_153419_94_2449,1.0,True,0.2522659680077533,1.0932183033936975,0.15884394902922006
csb_field,181825002163842,2022-04-17,PSScene-20220417_153419_94_2449,1.0,True,0.33245065072159535,1.4192076921678216,0.2057274745685584
csb_field,181825002163872,2022-04-17,PSScene-20220417_153419_94_2449,1.0,True,0.24568585545036134,1.0494134371489143,0.15791560428408113
csb_field,181825002163860,2022-04-17,PSScene-20220417_153419_94_2449,1.0,True,0.30470003735036877,1.5022668406114699,0.19767437969598778
gt_field,IN_PENG2025_CCNT,2022-05-07,PSScene-20220507_160344_04_248b,0.6444372021020899,True,0.3415793285236251,1.6518831901306041,0.145081953965277
gt_field,IN_PENG2025_NT,2022-05-07,PSScene-20220507_160344_04_248b,0.7963746514087893,True,0.33780722199917823,1.6536008460980585,0.14588493927563145
csb_field,181825002164142,2022-05-07,PSScene-20220507_160344_04_248b,0.0,True,,,
csb_field,181825002164143,2022-05-07,PSScene-20220507_160344_04_248b,0.0,True,,,
csb_field,181825002164131,2022-05-07,PSScene-20220507_160344_04_248b,0.0,True,,,
csb_field,181825002164136,2022-05-07,PSScene-20220507_160344_04_248b,0.0,True,,,
csb_field,181825002164109,2022-05-07,PSScene-20220507_160344_04_248b,0.0,True,,,
csb_field,181825002164090,2022-05-07,PSScene-20220507_160344_04_248b,0.0,True,,,
csb_field,181825002164096,2022-05-07,PSScene-20220507_160344_04_248b,0.0,True,,,
csb_field,181825002164060,2022-05-07,PSScene-20220507_160344_04_248b,0.0,True,,,
csb_field,181825002164039,2022-05-07,PSScene-20220507_160344_04_248b,0.0,True,,,
csb_field,181825002164033,2022-05-07,PSScene-20220507_160344_04_248b,0.0,True,,,
csb_field,181825002164017,2022-05-07,PSScene-20220507_160344_04_248b,0.0,True,,,
csb_field,181825002164151,2022-05-07,PSScene-20220507_160344_04_248b,0.0,True,,,
csb_field,181825002164153,2022-05-07,PSScene-20220507_160344_04_248b,0.0,True,,,
csb_field,181825002164152,2022-05-07,PSScene-20220507_160344_04_248b,0.0,True,,,
csb_field,181825002164141,2022-05-07,PSScene-20220507_160344_04_248b,0.0,True,,,
csb_field,181825002164144,2022-05-07,PSScene-20220507_160344_04_248b,0.0,True,,,
csb_field,181825002164119,2022-05-07,PSScene-20220507_160344_04_248b,0.0,True,,,
csb_field,181825002164140,2022-05-07,PSScene-20220507_160344_04_248b,0.0,True,,,
csb_field,181825002164064,2022-05-07,PSScene-20220507_160344_04_248b,0.0,True,,,
csb_field,181825002164059,2022-05-07,PSScene-20220507_160344_04_248b,0.0,True,,,
csb_field,181825002164061,2022-05-07,PSScene-20220507_160344_04_248b,0.07962089986919071,True,0.3458071783137411,1.6735267064878065,0.15433542528620756
csb_field,181825002164104,2022-05-07,PSScene-20220507_160344_04_248b,0.0,True,,,
csb_field,181825002164087,2022-05-07,PSScene-20220507_160344_04_248b,0.0,True,,,
csb_field,181825002164078,2022-05-07,PSScene-20220507_160344_04_248b,0.0,True,,,
csb_field,181825002164073,2022-05-07,PSScene-20220507_160344_04_248b,0.0,True,,,
csb_field,181825002164072,2022-05-07,PSScene-20220507_160344_04_248b,0.0,True,,,
csb_field,181825002164058,2022-05-07,PSScene-20220507_160344_04_248b,0.0,True,,,
csb_field,181825002164040,2022-05-07,PSScene-20220507_160344_04_248b,0.7099382614871879,True,0.2800697924330459,1.4742331215495073,0.12353183230313927
csb_field,181825002163999,2022-05-07,PSScene-20220507_160344_04_248b,1.0,True,0.4306990461193172,2.153657404554093,0.2059920548118037
csb_field,181825002164000,2022-05-07,PSScene-20220507_160344_04_248b,1.0,True,0.29204123270951016,1.5266645574406046,0.13260286151800696
csb_field,181825002163982,2022-05-07,PSScene-20220507_160344_04_248b,0.9726027397260274,True,0.3407978717317653,1.5450569705736417,0.1586866243480714
csb_field,181825002163998,2022-05-07,PSScene-20220507_160344_04_248b,0.6679269061121613,True,0.8563703601967787,6.128369112452274,0.5134524517005044
csb_field,181825002163972,2022-05-07,PSScene-20220507_160344_04_248b,1.0,True,0.2848074349529123,1.4640439543216797,0.12951563892746237
csb_field,181825002163954,2022-05-07,PSScene-20220507_160344_04_248b,1.0,True,0.6758516911458671,3.7383167364417638,0.3748261635344153
csb_field,181825002163941,2022-05-07,PSScene-20220507_160344_04_248b,1.0,True,0.426969822527281,2.166279835975593,0.20266374622560374
csb_field,181825002163948,2022-05-07,PSScene-20220507_160344_04_248b,1.0,True,0.5554756621435587,2.9615121188232623,0.2817127237462658
csb_field,181825002164031,2022-05-07,PSScene-20220507_160344_04_248b,0.18990429724150873,True,0.3419889623690256,1.6646152318250105,0.14508703618112934
csb_field,181825002164028,2022-05-07,PSScene-20220507_160344_04_248b,0.8325936883629191,True,0.3754501757796481,1.8472694205454514,0.1673973243351305
csb_field,181825002164004,2022-05-07,PSScene-20220507_160344_04_248b,1.0,True,0.38365657756904364,1.8367436767024024,0.1684835265241783
csb_field,181825002164005,2022-05-07,PSScene-20220507_160344_04_248b,1.0,True,0.35901342418999305,1.756976120421751,0.15601907673284154
csb_field,181825002163930,2022-05-07,PSScene-20220507_160344_04_248b,1.0,True,0.5840253390830646,3.2862428473912693,0.30854823836592155
csb_field,181825002163963,2022-05-07,PSScene-20220507_160344_04_248b,1.0,True,0.35223763249219836,1.7552105582353974,0.1555237489621767
csb_field,181825002163938,2022-05-07,PSScene-20220507_160344_04_248b,1.0,True,0.47735435518354374,2.4349306418183896,0.2400965922241882
csb_field,181825002163906,2022-05-07,PSScene-20220507_160344_04_248b,1.0,True,0.47347558685487656,2.4065557708280245,0.2224634149770009
csb_field,181825002163917,2022-05-07,PSScene-20220507_160344_04_248b,1.0,True,0.5718684394710151,3.075778465118297,0.29657458382661384
csb_field,181825002163904,2022-05-07,PSScene-20220507_160344_04_248b,1.0,True,0.47905252695837175,2.369372310271286,0.22924138115711962
csb_field,181825002163937,2022-05-07,PSScene-20220507_160344_04_248b,1.0,True,0.3902587509188597,1.918016958039654,0.1794716302671267
csb_field,181825002163924,2022-05-07,PSScene-20220507_160344_04_248b,1.0,True,0.35579230574869514,1.5895353689661487,0.1574237356396436
csb_field,181825002163922,2022-05-07,PSScene-20220507_160344_04_248b,1.0,True,0.5748626794021614,2.7447447867902675,0.2707585534005591
csb_field,181825002163878,2022-05-07,PSScene-20220507_160344_04_248b,1.0,True,0.8842283029585106,6.9182599587916815,0.553015300754012
csb_field,181825002163866,2022-05-07,PSScene-20220507_160344_04_248b,1.0,True,0.808545363908659,5.08074372508572,0.4568375020944333
csb_field,181825002163865,2022-05-07,PSScene-20220507_160344_04_248b,1.0,True,0.8041919841064386,4.917505011921735,0.44869410884686006
csb_field,181825002163854,2022-05-07,PSScene-20220507_160344_04_248b,1.0,True,0.8632620290184726,6.5559034987529765,0.5305201905545469
csb_field,181825002163846,2022-05-07,PSScene-20220507_160344_04_248b,1.0,True,0.4648367783716937,2.5109312361971092,0.2840562214623028
csb_field,181825002163942,2022-05-07,PSScene-20220507_160344_04_248b,1.0,True,0.4684596933227987,2.2875259823576015,0.21715803006885542
csb_field,181825002163957,2022-05-07,PSScene-20220507_160344_04_248b,1.0,True,0.4635541968390197,2.6130739020689226,0.2336228191960154
csb_field,181825002163897,2022-05-07,PSScene-20220507_160344_04_248b,1.0,True,0.7969457552873939,5.476120760834919,0.47763187803707297
csb_field,181825002163916,2022-05-07,PSScene-20220507_160344_04_248b,1.0,True,0.4403277462464942,2.184370435797835,0.2071178569035329
csb_field,181825002163879,2022-05-07,PSScene-20220507_160344_04_248b,1.0,True,0.7637521839164331,4.596008013735709,0.43652662278224214
csb_field,181825002163918,2022-05-07,PSScene-20220507_160344_04_248b,1.0,True,0.3575391492255085,1.7402433526808425,0.15814732300358994
csb_field,181825002163911,2022-05-07,PSScene-20220507_160344_04_248b,1.0,True,0.7938251549013137,5.307287458148411,0.4623988023171963
csb_field,181825002163907,2022-05-07,PSScene-20220507_160344_04_248b,1.0,True,0.6251487769402218,3.8829246390964536,0.35111087245227796
csb_field,181825002163884,2022-05-07,PSScene-20220507_160344_04_248b,1.0,True,0.5052728379848249,2.512384007685454,0.24732154343794702
csb_field,181825002163859,2022-05-07,PSScene-20220507_160344_04_248b,1.0,True,0.6449936122856708,3.407388844620717,0.34283134467156584
csb_field,181825002163855,2022-05-07,PSScene-20220507_160344_04_248b,1.0,True,0.7922509277400396,5.217358885418423,0.47272911638879045
csb_field,181825002163874,2022-05-07,PSScene-20220507_160344_04_248b,1.0,True,0.3241499697235246,1.5481588072548735,0.13859410510376358
csb_field,181825002163842,2022-05-07,PSScene-20220507_160344_04_248b,1.0,True,0.5043115610800292,2.432591515583281,0.23669575774721016
csb_field,181825002163872,2022-05-07,PSScene-20220507_160344_04_248b,1.0,True,0.3277935568521311,1.5551696851243486,0.1482948036201608
csb_field,181825002163860,2022-05-07,PSScene-20220507_160344_04_248b,1.0,True,0.37797897290932814,1.937549595590015,0.168516541890493
gt_field,IN_PENG2025_CCNT,2022-05-07,PSScene-20220507_160346_34_248b,1.0,True,0.35125098678842415,1.6878408796042368,0.15212964602079
gt_field,IN_PENG2025_NT,2022-05-07,PSScene-20220507_160346_34_248b,1.0,True,0.33213544055772753,1.6217506123895338,0.14344461820764362
csb_field,181825002164142,2022-05-07,PSScene-20220507_160346_34_248b,1.0,True,0.25870840160370634,1.3442839309402688,0.10818271733973159
csb_field,181825002164143,2022-05-07,PSScene-20220507_160346_34_248b,1.0,True,0.24776038598197553,1.2986067601147484,0.10541885776640345
csb_field,181825002164131,2022-05-07,PSScene-20220507_160346_34_248b,1.0,True,0.33281995603826486,1.6473232759407732,0.1475002244765628
csb_field,181825002164136,2022-05-07,PSScene-20220507_160346_34_248b,1.0,True,0.2983242538684239,1.5441463020719652,0.13083548535174716
csb_field,181825002164109,2022-05-07,PSScene-20220507_160346_34_248b,1.0,True,0.2427130517209613,1.2933559114566766,0.10442135806742935
csb_field,181825002164090,2022-05-07,PSScene-20220507_160346_34_248b,1.0,True,0.7267181535626746,4.249808289842689,0.40218716090195106
csb_field,181825002164096,2022-05-07,PSScene-20220507_160346_34_248b,1.0,True,0.8417903684152279,6.029843995938272,0.5071571126453849
csb_field,181825002164060,2022-05-07,PSScene-20220507_160346_34_248b,1.0,True,0.8605259308557652,6.213166552245025,0.5203896043648084
csb_field,181825002164039,2022-05-07,PSScene-20220507_160346_34_248b,1.0,True,0.611263825568416,3.3904621776928026,0.33691981644820146
csb_field,181825002164033,2022-05-07,PSScene-20220507_160346_34_248b,1.0,True,0.7056088709785838,3.8901128774760485,0.38973790157259464
csb_field,181825002164017,2022-05-07,PSScene-20220507_160346_34_248b,1.0,True,0.8789709804754015,7.0831736370149425,0.5690593177023601
csb_field,181825002164151,2022-05-07,PSScene-20220507_160346_34_248b,1.0,True,0.5021773542026147,2.563339915571735,0.24154431989821487
csb_field,181825002164153,2022-05-07,PSScene-20220507_160346_34_248b,1.0,True,0.38200186127064334,1.8427069722359148,0.17856940169960925
csb_field,181825002164152,2022-05-07,PSScene-20220507_160346_34_248b,1.0,True,0.41950062273301075,2.0444816155396843,0.19652619502703153
csb_field,181825002164141,2022-05-07,PSScene-20220507_160346_34_248b,1.0,True,0.29103828665661846,1.4483213503317403,0.13329349613401065
csb_field,181825002164144,2022-05-07,PSScene-20220507_160346_34_248b,1.0,True,0.2747595296843643,1.3873938262020586,0.12494575511023477
csb_field,181825002164119,2022-05-07,PSScene-20220507_160346_34_248b,1.0,True,0.355553092036596,1.7423455118891706,0.16739960020472994
csb_field,181825002164140,2022-05-07,PSScene-20220507_160346_34_248b,1.0,True,0.4037816412064417,1.9553744584551285,0.19133731942797153
csb_field,181825002164064,2022-05-07,PSScene-20220507_160346_34_248b,1.0,True,0.38669142754027075,1.7995917902685337,0.1725029643443644
csb_field,181825002164059,2022-05-07,PSScene-20220507_160346_34_248b,1.0,True,0.3660152467612207,1.7098698698556276,0.15710387163568085
csb_field,181825002164061,2022-05-07,PSScene-20220507_160346_34_248b,1.0,True,0.2986229890386794,1.5147421579377867,0.13516230688101968
csb_field,181825002164104,2022-05-07,PSScene-20220507_160346_34_248b,1.0,True,0.371307499779344,1.877742324955243,0.17892736393752656
csb_field,181825002164087,2022-05-07,PSScene-20220507_160346_34_248b,1.0,True,0.40449073435546834,1.981387194414957,0.18746284195746768
csb_field,181825002164078,2022-05-07,PSScene-20220507_160346_34_248b,1.0,True,0.3036413795060824,1.5767517020122583,0.1276600755887349
csb_field,181825002164073,2022-05-07,PSScene-20220507_160346_34_248b,1.0,True,0.2828819962455493,1.4477347030888805,0.12329789847353614
csb_field,181825002164072,2022-05-07,PSScene-20220507_160346_34_248b,1.0,True,0.4139370594709372,2.0072301757718893,0.18919724136000632
csb_field,181825002164058,2022-05-07,PSScene-20220507_160346_34_248b,1.0,True,0.33606933748048706,1.6427265630648795,0.1488960498549686
csb_field,181825002164040,2022-05-07,PSScene-20220507_160346_34_248b,1.0,True,0.2756730589101212,1.448459434164025,0.1223215366983969
csb_field,181825002163999,2022-05-07,PSScene-20220507_160346_34_248b,1.0,True,0.42359530203368195,2.1032606789727146,0.2025947092221234
csb_field,181825002164000,2022-05-07,PSScene-20220507_160346_34_248b,1.0,True,0.28655629076464145,1.4979691902353975,0.1308850703974643
csb_field,181825002163982,2022-05-07,PSScene-20220507_160346_34_248b,1.0,True,0.34604145928071545,1.5568211547530666,0.16319514307770613
csb_field,181825002163998,2022-05-07,PSScene-20220507_160346_34_248b,1.0,True,0.8639246327779145,6.28995663204162,0.5205231525320411
csb_field,181825002163972,2022-05-07,PSScene-20220507_160346_34_248b,1.0,True,0.2810312104924411,1.443706711986122,0.1287389277573844
csb_field,181825002163954,2022-05-07,PSScene-20220507_160346_34_248b,1.0,True,0.6783275002592007,3.7547449914139275,0.3763732892024347
csb_field,181825002163941,2022-05-07,PSScene-20220507_160346_34_248b,1.0,True,0.42537767118746844,2.159665509276998,0.20317541506654344
csb_field,181825002163948,2022-05-07,PSScene-20220507_160346_34_248b,1.0,True,0.5509203960147017,2.9324742552114698,0.2790905964093275
csb_field,181825002164031,2022-05-07,PSScene-20220507_160346_34_248b,1.0,True,0.37336747533003967,1.7893084801593775,0.16567287843773434
csb_field,181825002164028,2022-05-07,PSScene-20220507_160346_34_248b,1.0,True,0.36213686362640424,1.7783838522278657,0.1606872646804089
csb_field,181825002164004,2022-05-07,PSScene-20220507_160346_34_248b,1.0,True,0.37781937199256105,1.8069379955255624,0.16578595685215744
csb_field,181825002164005,2022-05-07,PSScene-20220507_160346_34_248b,1.0,True,0.3530144988470737,1.72548406356502,0.15324290840801588
csb_field,181825002163930,2022-05-07,PSScene-20220507_160346_34_248b,1.0,True,0.6051980643740067,3.5375863673117705,0.33070395815429376
csb_field,181825002163963,2022-05-07,PSScene-20220507_160346_34_248b,1.0,True,0.34360623544526653,1.7114845512085974,0.15218127193177305
csb_field,181825002163938,2022-05-07,PSScene-20220507_160346_34_248b,1.0,True,0.47120624565459984,2.3891463653432647,0.23633675807558693
csb_field,181825002163906,2022-05-07,PSScene-20220507_160346_34_248b,1.0,True,0.4685306810322241,2.3840549962196285,0.2212594750211315
csb_field,181825002163917,2022-05-07,PSScene-20220507_160346_34_248b,1.0,True,0.5616843617463885,2.982389545707241,0.28724841626400494
csb_field,181825002163904,2022-05-07,PSScene-20220507_160346_34_248b,1.0,True,0.47923637153057413,2.3635168001059705,0.22969066720757908
csb_field,181825002163937,2022-05-07,PSScene-20220507_160346_34_248b,1.0,True,0.3844051944309239,1.885291251232318,0.17737772895508677
csb_field,181825002163924,2022-05-07,PSScene-20220507_160346_34_248b,1.0,True,0.35229038321139655,1.5682766031027093,0.1567692826010704
csb_field,181825002163922,2022-05-07,PSScene-20220507_160346_34_248b,1.0,True,0.5717542370162578,2.7181093590649925,0.268950058184231
csb_field,181825002163878,2022-05-07,PSScene-20220507_160346_34_248b,1.0,True,0.8861307235420963,6.952041720199307,0.553987990764255
csb_field,181825002163866,2022-05-07,PSScene-20220507_160346_34_248b,1.0,True,0.8090092718186056,5.065242992631271,0.4556141821641396
csb_field,181825002163865,2022-05-07,PSScene-20220507_160346_34_248b,1.0,True,0.8052883131193417,4.915749060674536,0.44843979727580546
csb_field,181825002163854,2022-05-07,PSScene-20220507_160346_34_248b,1.0,True,0.8656206379075677,6.599108891407492,0.5322052043741514
csb_field,181825002163846,2022-05-07,PSScene-20220507_160346_34_248b,1.0,True,0.4652540790026159,2.4676049686004817,0.28219111340795033
csb_field,181825002163942,2022-05-07,PSScene-20220507_160346_34_248b,1.0,True,0.4674238412469451,2.2729035713355388,0.21683195526033253
csb_field,181825002163957,2022-05-07,PSScene-20220507_160346_34_248b,1.0,True,0.4562656372800438,2.5660589221239425,0.23012177542929674
csb_field,181825002163897,2022-05-07,PSScene-20220507_160346_34_248b,1.0,True,0.8023428213876488,5.518167067290928,0.48065460903603763
csb_field,181825002163916,2022-05-07,PSScene-20220507_160346_34_248b,1.0,True,0.43642118693793025,2.1618265046949876,0.2057117328507876
csb_field,181825002163879,2022-05-07,PSScene-20220507_160346_34_248b,1.0,True,0.762829685721543,4.5917226991417825,0.43699816695096816
csb_field,181825002163918,2022-05-07,PSScene-20220507_160346_34_248b,1.0,True,0.3565643102424648,1.7392360549534787,0.15954991249754857
csb_field,181825002163911,2022-05-07,PSScene-20220507_160346_34_248b,1.0,True,0.7961648888339131,5.321232842529435,0.4638485587311407
csb_field,181825002163907,2022-05-07,PSScene-20220507_160346_34_248b,1.0,True,0.6221524213205297,3.8507320413207164,0.348747160912492
csb_field,181825002163884,2022-05-07,PSScene-20220507_160346_34_248b,1.0,True,0.5049159414126745,2.4915109172163388,0.2471833669285122
csb_field,181825002163859,2022-05-07,PSScene-20220507_160346_34_248b,1.0,True,0.6448933641027571,3.3981845081195554,0.3433716591059019
csb_field,181825002163855,2022-05-07,PSScene-20220507_160346_34_248b,1.0,True,0.7897745124954606,5.187679543098114,0.4709301703192521
csb_field,181825002163874,2022-05-07,PSScene-20220507_160346_34_248b,1.0,True,0.31868358083599746,1.520893068556878,0.13600125633833368
csb_field,181825002163842,2022-05-07,PSScene-20220507_160346_34_248b,1.0,True,0.4983163542047048,2.3888238352479942,0.2346273117414316
csb_field,181825002163872,2022-05-07,PSScene-20220507_160346_34_248b,1.0,True,0.32633508185890847,1.5432267379046645,0.14905289518110043
csb_field,181825002163860,2022-05-07,PSScene-20220507_160346_34_248b,1.0,True,0.37503651168297075,1.914334548714808,0.16688176741725858
gt_field,IN_PENG2025_CCNT,2022-05-30,PSScene-20220530_160530_29_2490,1.0,False,0.38879052649550744,1.6737201380652944,0.26240900236462633
gt_field,IN_PENG2025_NT,2022-05-30,PSScene-20220530_160530_29_2490,1.0,False,0.3508971117588061,1.578733381003941,0.2332748389952526
csb_field,181825002164142,2022-05-30,PSScene-20220530_160530_29_2490,1.0,False,0.24358487152944788,1.1836769392330355,0.18032888687545257
csb_field,181825002164143,2022-05-30,PSScene-20220530_160530_29_2490,1.0,False,0.25490592729055306,1.223290085565994,0.18798718326493208
csb_field,181825002164131,2022-05-30,PSScene-20220530_160530_29_2490,1.0,False,0.3789389549644753,1.6799876118747428,0.25055789736160544
csb_field,181825002164136,2022-05-30,PSScene-20220530_160530_29_2490,1.0,False,0.283641771491388,1.419870554892294,0.20844362485435766
csb_field,181825002164109,2022-05-30,PSScene-20220530_160530_29_2490,1.0,False,0.24707232623095743,1.2486230226636592,0.18526527619258032
csb_field,181825002164090,2022-05-30,PSScene-20220530_160530_29_2490,1.0,False,0.7942291794277225,5.470284402370453,0.5588514066923777
csb_field,181825002164096,2022-05-30,PSScene-20220530_160530_29_2490,1.0,False,0.8581128705700101,7.363334748019227,0.6415539721518985
csb_field,181825002164060,2022-05-30,PSScene-20220530_160530_29_2490,1.0,False,0.7738252898870949,5.595594778209053,0.535446429988514
csb_field,181825002164039,2022-05-30,PSScene-20220530_160530_29_2490,1.0,False,0.6837300173546138,3.6964104552018013,0.46954485726983924
csb_field,181825002164033,2022-05-30,PSScene-20220530_160530_29_2490,1.0,False,0.6135074263093648,2.921883345478111,0.390781804850256
csb_field,181825002164017,2022-05-30,PSScene-20220530_160530_29_2490,1.0,False,0.8772616034789051,7.972330793202352,0.6682421127669245
csb_field,181825002164151,2022-05-30,PSScene-20220530_160530_29_2490,1.0,False,0.4683984895975821,2.347159969053577,0.33509944253048657
csb_field,181825002164153,2022-05-30,PSScene-20220530_160530_29_2490,1.0,False,0.48783161168426004,2.266056106565969,0.3394033992205074
csb_field,181825002164152,2022-05-30,PSScene-20220530_160530_29_2490,1.0,False,0.5523722124648673,2.6603032675767055,0.3700713589498406
csb_field,181825002164141,2022-05-30,PSScene-20220530_160530_29_2490,1.0,False,0.25135399650703827,1.2626285778182638,0.19160516439100247
csb_field,181825002164144,2022-05-30,PSScene-20220530_160530_29_2490,1.0,False,0.24944779449327165,1.2357119014661602,0.1891678984000798
csb_field,181825002164119,2022-05-30,PSScene-20220530_160530_29_2490,1.0,False,0.3403902885464167,1.6686065857188703,0.2435874558884024
csb_field,181825002164140,2022-05-30,PSScene-20220530_160530_29_2490,1.0,False,0.5280070896315814,2.482761148196548,0.35389641557341833
csb_field,181825002164064,2022-05-30,PSScene-20220530_160530_29_2490,1.0,False,0.25126039219812274,1.3137807984558487,0.18474359526076187
csb_field,181825002164059,2022-05-30,PSScene-20220530_160530_29_2490,1.0,False,0.40935413650014796,1.8058806421603169,0.26419754967643716
csb_field,181825002164061,2022-05-30,PSScene-20220530_160530_29_2490,1.0,False,0.2671458427299045,1.3240255299685935,0.198993138502881
csb_field,181825002164104,2022-05-30,PSScene-20220530_160530_29_2490,1.0,False,0.36525251228635447,1.7968516852006533,0.26230091383943427
csb_field,181825002164087,2022-05-30,PSScene-20220530_160530_29_2490,1.0,False,0.4507069107104858,2.072532584827108,0.2942966323466538
csb_field,181825002164078,2022-05-30,PSScene-20220530_160530_29_2490,1.0,False,0.25969495427946154,1.23934208583362,0.18982899535832734
csb_field,181825002164073,2022-05-30,PSScene-20220530_160530_29_2490,1.0,False,0.25751802205659274,1.2850553236234514,0.1927425708025773
csb_field,181825002164072,2022-05-30,PSScene-20220530_160530_29_2490,1.0,False,0.48448743466953803,2.2884349612218458,0.32433965119935837
csb_field,181825002164058,2022-05-30,PSScene-20220530_160530_29_2490,1.0,False,0.44887242524565313,2.187666574821922,0.28966137328534725
csb_field,181825002164040,2022-05-30,PSScene-20220530_160530_29_2490,1.0,False,0.2614188758651396,1.304579355469468,0.1966932380410864
csb_field,181825002163999,2022-05-30,PSScene-20220530_160530_29_2490,1.0,False,0.45601484787316793,2.2106813760966393,0.3075850583573192
csb_field,181825002164000,2022-05-30,PSScene-20220530_160530_29_2490,1.0,False,0.2790035824198957,1.4392928054215641,0.20880016439636176
csb_field,181825002163982,2022-05-30,PSScene-20220530_160530_29_2490,1.0,False,0.41898985105018094,1.9648272795219943,0.31801057290540985
csb_field,181825002163998,2022-05-30,PSScene-20220530_160530_29_2490,1.0,False,0.5278001222959012,2.4394477317123395,0.3405499457436634
csb_field,181825002163972,2022-05-30,PSScene-20220530_160530_29_2490,1.0,False,0.3217582480715398,1.4563961227224134,0.22877715911074592
csb_field,181825002163954,2022-05-30,PSScene-20220530_160530_29_2490,1.0,False,0.8055019025439074,5.607363309226826,0.5725753018937454
csb_field,181825002163941,2022-05-30,PSScene-20220530_160530_29_2490,1.0,False,0.31691620454266545,1.4724673824183359,0.22705561516850906
csb_field,181825002163948,2022-05-30,PSScene-20220530_160530_29_2490,1.0,False,0.4111778231950252,2.295440358690965,0.29439138874440995
csb_field,181825002164031,2022-05-30,PSScene-20220530_160530_29_2490,1.0,False,0.419637608511919,1.8455364743950533,0.2825127332846182
csb_field,181825002164028,2022-05-30,PSScene-20220530_160530_29_2490,1.0,False,0.38920466626585903,1.80879211728507,0.2564856460437982
csb_field,181825002164004,2022-05-30,PSScene-20220530_160530_29_2490,1.0,False,0.42715805591745487,1.871082291281847,0.28515563687077583
csb_field,181825002164005,2022-05-30,PSScene-20220530_160530_29_2490,1.0,False,0.386887992507471,1.7651295654643042,0.2650558359110987
csb_field,181825002163930,2022-05-30,PSScene-20220530_160530_29_2490,1.0,False,0.5425681501558615,3.494205666517993,0.406543292703295
csb_field,181825002163963,2022-05-30,PSScene-20220530_160530_29_2490,1.0,False,0.30891903336122645,1.6032737838671338,0.22868600282140145
csb_field,181825002163938,2022-05-30,PSScene-20220530_160530_29_2490,1.0,False,0.3405360540552107,1.7759986408830228,0.24574122520762062
csb_field,181825002163906,2022-05-30,PSScene-20220530_160530_29_2490,1.0,False,0.304039999294281,1.256615835380554,0.2092574231704076
csb_field,181825002163917,2022-05-30,PSScene-20220530_160530_29_2490,1.0,False,0.4452067100744703,2.2565743799531934,0.30936457435567893
csb_field,181825002163904,2022-05-30,PSScene-20220530_160530_29_2490,1.0,False,0.27540562994869616,1.1374979333229174,0.19282325491576516
csb_field,181825002163937,2022-05-30,PSScene-20220530_160530_29_2490,1.0,False,0.282177801678468,1.344827663808678,0.20472994956444152
csb_field,181825002163924,2022-05-30,PSScene-20220530_160530_29_2490,1.0,False,0.39677364435224804,1.6290092417168056,0.25744075142237627
csb_field,181825002163922,2022-05-30,PSScene-20220530_160530_29_2490,1.0,False,0.42171404878441376,1.6999224902914583,0.269438730694836
csb_field,181825002163878,2022-05-30,PSScene-20220530_160530_29_2490,1.0,False,0.6667564364835235,3.2457172815652777,0.4198488057133692
csb_field,181825002163866,2022-05-30,PSScene-20220530_160530_29_2490,1.0,False,0.8803514476238171,8.061121099574377,0.6678051917457012
csb_field,181825002163865,2022-05-30,PSScene-20220530_160530_29_2490,1.0,False,0.8781261112359815,7.768320688989651,0.6602590840160216
csb_field,181825002163854,2022-05-30,PSScene-20220530_160530_29_2490,1.0,False,0.6167591055234273,2.954621760050456,0.3858504819994171
csb_field,181825002163846,2022-05-30,PSScene-20220530_160530_29_2490,1.0,False,0.369849008380198,1.6184662603864484,0.28553881116357505
csb_field,181825002163942,2022-05-30,PSScene-20220530_160530_29_2490,1.0,False,0.38903329645721063,1.8538924675677588,0.26363614477097724
csb_field,181825002163957,2022-05-30,PSScene-20220530_160530_29_2490,1.0,False,0.3759429043727512,2.2361094735826583,0.2751677093433892
csb_field,181825002163897,2022-05-30,PSScene-20220530_160530_29_2490,1.0,False,0.6975646881900972,3.9976909413538557,0.47271724326562214
csb_field,181825002163916,2022-05-30,PSScene-20220530_160530_29_2490,1.0,False,0.3955324689572657,1.822008203240224,0.26555644976331183
csb_field,181825002163879,2022-05-30,PSScene-20220530_160530_29_2490,1.0,False,0.6094693378178788,2.79402947518522,0.37044417971077187
csb_field,181825002163918,2022-05-30,PSScene-20220530_160530_29_2490,1.0,False,0.394439847988111,1.8495952852346278,0.26587280675906827
csb_field,181825002163911,2022-05-30,PSScene-20220530_160530_29_2490,1.0,False,0.6799200300467626,4.493460274359362,0.470634697801653
csb_field,181825002163907,2022-05-30,PSScene-20220530_160530_29_2490,1.0,False,0.505738986906012,2.4283188175636465,0.33973630126750776
csb_field,181825002163884,2022-05-30,PSScene-20220530_160530_29_2490,1.0,False,0.3543186258553836,1.8834025873320324,0.26503601833672186
csb_field,181825002163859,2022-05-30,PSScene-20220530_160530_29_2490,1.0,False,0.3303906147980773,1.4903709975975064,0.2337684989506322
csb_field,181825002163855,2022-05-30,PSScene-20220530_160530_29_2490,1.0,False,0.8761223832833909,7.965194226935937,0.6639948155750002
csb_field,181825002163874,2022-05-30,PSScene-20220530_160530_29_2490,1.0,False,0.33431801249427434,1.3980517118674092,0.2260258810759447
csb_field,181825002163842,2022-05-30,PSScene-20220530_160530_29_2490,1.0,False,0.28417068304933185,1.3603069216497545,0.21637213330079869
csb_field,181825002163872,2022-05-30,PSScene-20220530_160530_29_2490,1.0,False,0.3215149386432065,1.317200450908332,0.2236081237073267
csb_field,181825002163860,2022-05-30,PSScene-20220530_160530_29_2490,1.0,False,0.40915172097116415,1.8314565752318084,0.26844512869352327
gt_field,IN_PENG2025_CCNT,2022-05-30,PSScene-20220530_160532_58_2490,0.0,False,,,
gt_field,IN_PENG2025_NT,2022-05-30,PSScene-20220530_160532_58_2490,0.0,False,,,
csb_field,181825002164142,2022-05-30,PSScene-20220530_160532_58_2490,1.0,False,0.23642112051938852,1.1465143114497909,0.17243389206365242
csb_field,181825002164143,2022-05-30,PSScene-20220530_160532_58_2490,0.9131508931965032,False,0.25254939921068476,1.216206879347842,0.18531132924228008
csb_field,181825002164131,2022-05-30,PSScene-20220530_160532_58_2490,0.582707423580786,False,0.3873274389216654,1.7316251109472567,0.2560749914121928
csb_field,181825002164136,2022-05-30,PSScene-20220530_160532_58_2490,0.2197457774682222,False,0.38104140397202574,1.913415786203605,0.2720250887132107
csb_field,181825002164109,2022-05-30,PSScene-20220530_160532_58_2490,0.1506533435818601,False,0.2437331470343184,1.2113004698987373,0.18306705356187272
csb_field,181825002164090,2022-05-30,PSScene-20220530_160532_58_2490,1.0,False,0.7970070840086344,5.486479588740848,0.5595768379539715
csb_field,181825002164096,2022-05-30,PSScene-20220530_160532_58_2490,0.9873587649625237,False,0.8579395791448597,7.354138820181621,0.641309219917526
csb_field,181825002164060,2022-05-30,PSScene-20220530_160532_58_2490,0.015937058704861812,False,0.864558146724218,7.687437407578094,0.662783794765231
csb_field,181825002164039,2022-05-30,PSScene-20220530_160532_58_2490,0.0,False,,,
csb_field,181825002164033,2022-05-30,PSScene-20220530_160532_58_2490,0.0,False,,,
csb_field,181825002164017,2022-05-30,PSScene-20220530_160532_58_2490,0.0,False,,,
csb_field,181825002164151,2022-05-30,PSScene-20220530_160532_58_2490,1.0,False,0.4718909539133081,2.392207112628249,0.33551032101887585
csb_field,181825002164153,2022-05-30,PSScene-20220530_160532_58_2490,1.0,False,0.490041208585339,2.2700160518822505,0.3401441927755324
csb_field,181825002164152,2022-05-30,PSScene-20220530_160532_58_2490,1.0,False,0.5548527816898949,2.6676307447301824,0.3705650253812099
csb_field,181825002164141,2022-05-30,PSScene-20220530_160532_58_2490,1.0,False,0.2510265549128638,1.2558007166778362,0.19017086550884188
csb_field,181825002164144,2022-05-30,PSScene-20220530_160532_58_2490,1.0,False,0.24929659503490703,1.2304632595787655,0.18820526677774835
csb_field,181825002164119,2022-05-30,PSScene-20220530_160532_58_2490,1.0,False,0.3361226092233802,1.6455952519533403,0.241965020050138
csb_field,181825002164140,2022-05-30,PSScene-20220530_160532_58_2490,0.504771225838023,False,0.5046076160666437,2.360912973627672,0.34190665376573526
csb_field,181825002164064,2022-05-30,PSScene-20220530_160532_58_2490,0.0,False,,,
csb_field,181825002164059,2022-05-30,PSScene-20220530_160532_58_2490,0.0,False,,,
csb_field,181825002164061,2022-05-30,PSScene-20220530_160532_58_2490,0.0,False,,,
csb_field,181825002164104,2022-05-30,PSScene-20220530_160532_58_2490,0.0,False,,,
csb_field,181825002164087,2022-05-30,PSScene-20220530_160532_58_2490,0.0,False,,,
csb_field,181825002164078,2022-05-30,PSScene-20220530_160532_58_2490,0.0,False,,,
csb_field,181825002164073,2022-05-30,PSScene-20220530_160532_58_2490,0.0,False,,,
csb_field,181825002164072,2022-05-30,PSScene-20220530_160532_58_2490,0.0,False,,,
csb_field,181825002164058,2022-05-30,PSScene-20220530_160532_58_2490,0.0,False,,,
csb_field,181825002164040,2022-05-30,PSScene-20220530_160532_58_2490,0.0,False,,,
csb_field,181825002163999,2022-05-30,PSScene-20220530_160532_58_2490,0.0,False,,,
csb_field,181825002164000,2022-05-30,PSScene-20220530_160532_58_2490,0.0,False,,,
csb_field,181825002163982,2022-05-30,PSScene-20220530_160532_58_2490,0.0,False,,,
csb_field,181825002163998,2022-05-30,PSScene-20220530_160532_58_2490,0.0,False,,,
csb_field,181825002163972,2022-05-30,PSScene-20220530_160532_58_2490,0.0,False,,,
csb_field,181825002163954,2022-05-30,PSScene-20220530_160532_58_2490,0.0,False,,,
csb_field,181825002163941,2022-05-30,PSScene-20220530_160532_58_2490,0.0,False,,,
csb_field,181825002163948,2022-05-30,PSScene-20220530_160532_58_2490,0.0,False,,,
csb_field,181825002164031,2022-05-30,PSScene-20220530_160532_58_2490,0.0,False,,,
csb_field,181825002164028,2022-05-30,PSScene-20220530_160532_58_2490,0.0,False,,,
csb_field,181825002164004,2022-05-30,PSScene-20220530_160532_58_2490,0.0,False,,,
csb_field,181825002164005,2022-05-30,PSScene-20220530_160532_58_2490,0.0,False,,,
csb_field,181825002163930,2022-05-30,PSScene-20220530_160532_58_2490,0.0,False,,,
csb_field,181825002163963,2022-05-30,PSScene-20220530_160532_58_2490,0.0,False,,,
csb_field,181825002163938,2022-05-30,PSScene-20220530_160532_58_2490,0.0,False,,,
csb_field,181825002163906,2022-05-30,PSScene-20220530_160532_58_2490,0.0,False,,,
csb_field,181825002163917,2022-05-30,PSScene-20220530_160532_58_2490,0.0,False,,,
csb_field,181825002163904,2022-05-30,PSScene-20220530_160532_58_2490,0.0,False,,,
csb_field,181825002163937,2022-05-30,PSScene-20220530_160532_58_2490,0.0,False,,,
csb_field,181825002163924,2022-05-30,PSScene-20220530_160532_58_2490,0.0,False,,,
csb_field,181825002163922,2022-05-30,PSScene-20220530_160532_58_2490,0.0,False,,,
csb_field,181825002163878,2022-05-30,PSScene-20220530_160532_58_2490,0.0,False,,,
csb_field,181825002163866,2022-05-30,PSScene-20220530_160532_58_2490,0.0,False,,,
csb_field,181825002163865,2022-05-30,PSScene-20220530_160532_58_2490,0.0,False,,,
csb_field,181825002163854,2022-05-30,PSScene-20220530_160532_58_2490,0.0,False,,,
csb_field,181825002163846,2022-05-30,PSScene-20220530_160532_58_2490,0.0,False,,,
csb_field,181825002163942,2022-05-30,PSScene-20220530_160532_58_2490,0.0,False,,,
csb_field,181825002163957,2022-05-30,PSScene-20220530_160532_58_2490,0.0,False,,,
csb_field,181825002163897,2022-05-30,PSScene-20220530_160532_58_2490,0.0,False,,,
csb_field,181825002163916,2022-05-30,PSScene-20220530_160532_58_2490,0.0,False,,,
csb_field,181825002163879,2022-05-30,PSScene-20220530_160532_58_2490,0.0,False,,,
csb_field,181825002163918,2022-05-30,PSScene-20220530_160532_58_2490,0.0,False,,,
csb_field,181825002163911,2022-05-30,PSScene-20220530_160532_58_2490,0.0,False,,,
csb_field,181825002163907,2022-05-30,PSScene-20220530_160532_58_2490,0.0,False,,,
csb_field,181825002163884,2022-05-30,PSScene-20220530_160532_58_2490,0.0,False,,,
csb_field,181825002163859,2022-05-30,PSScene-20220530_160532_58_2490,0.0,False,,,
csb_field,181825002163855,2022-05-30,PSScene-20220530_160532_58_2490,0.0,False,,,
csb_field,181825002163874,2022-05-30,PSScene-20220530_160532_58_2490,0.0,False,,,
csb_field,181825002163842,2022-05-30,PSScene-20220530_160532_58_2490,0.0,False,,,
csb_field,181825002163872,2022-05-30,PSScene-20220530_160532_58_2490,0.0,False,,,
csb_field,181825002163860,2022-05-30,PSScene-20220530_160532_58_2490,0.0,False,,,
gt_field,IN_PENG2025_CCNT,2022-05-31,PSScene-20220531_153349_53_2434,0.4481199331893918,False,0.35272604560716586,1.443625468340787,0.2390413650761951
gt_field,IN_PENG2025_NT,2022-05-31,PSScene-20220531_153349_53_2434,0.9418694105202423,False,0.33173051553764704,1.4130185890163676,0.22372742568063933
csb_field,181825002164142,2022-05-31,PSScene-20220531_153349_53_2434,1.0,False,0.2184139646598232,1.0399306310050451,0.1649030927098245
csb_field,181825002164143,2022-05-31,PSScene-20220531_153349_53_2434,1.0,False,0.23251858167279496,1.1001700456040027,0.1759703783527249
csb_field,181825002164131,2022-05-31,PSScene-20220531_153349_53_2434,1.0,False,0.3602641638423678,1.5128925524632484,0.23565072013821664
csb_field,181825002164136,2022-05-31,PSScene-20220531_153349_53_2434,1.0,False,0.26485460611060585,1.2731803770204797,0.20052130302651386
csb_field,181825002164109,2022-05-31,PSScene-20220531_153349_53_2434,1.0,False,0.2288238160893856,1.142941126925177,0.17536501543349794
csb_field,181825002164090,2022-05-31,PSScene-20220531_153349_53_2434,1.0,False,0.7711634518182957,4.676911946250985,0.5295249602993845
csb_field,181825002164096,2022-05-31,PSScene-20220531_153349_53_2434,0.7623895290300928,False,0.7425578416793205,4.924190842659265,0.5531651049568123
csb_field,181825002164060,2022-05-31,PSScene-20220531_153349_53_2434,1.0,False,0.6430577643340408,3.2000645948124915,0.4135070819154439
csb_field,181825002164039,2022-05-31,PSScene-20220531_153349_53_2434,1.0,False,0.663469543268806,3.378386914102655,0.445002030385168
csb_field,181825002164033,2022-05-31,PSScene-20220531_153349_53_2434,1.0,False,0.5363972709272746,2.460809251776448,0.3472766996257835
csb_field,181825002164017,2022-05-31,PSScene-20220531_153349_53_2434,0.0,False,,,
csb_field,181825002164151,2022-05-31,PSScene-20220531_153349_53_2434,1.0,False,0.4406376896635593,2.076104109753813,0.3243048498966661
csb_field,181825002164153,2022-05-31,PSScene-20220531_153349_53_2434,1.0,False,0.4732433379742137,2.056408934101871,0.32607912097502734
csb_field,181825002164152,2022-05-31,PSScene-20220531_153349_53_2434,1.0,False,0.5398141685123952,2.4268027597090067,0.35735164518523804
csb_field,181825002164141,2022-05-31,PSScene-20220531_153349_53_2434,1.0,False,0.22998784206208542,1.1284051591488276,0.17694001778041266
csb_field,181825002164144,2022-05-31,PSScene-20220531_153349_53_2434,1.0,False,0.22959827549299855,1.1360508981457604,0.18104768748372568
csb_field,181825002164119,2022-05-31,PSScene-20220531_153349_53_2434,1.0,False,0.3190254069934818,1.494606293107275,0.2274895702238616
csb_field,181825002164140,2022-05-31,PSScene-20220531_153349_53_2434,1.0,False,0.5065880341352796,2.2450322951085124,0.3368743321234654
csb_field,181825002164064,2022-05-31,PSScene-20220531_153349_53_2434,1.0,False,0.23926813843615505,1.2160841954324675,0.18159666906083363
csb_field,181825002164059,2022-05-31,PSScene-20220531_153349_53_2434,0.61351217088922,False,0.4072280774996509,1.672925650984974,0.26619739051048574
csb_field,181825002164061,2022-05-31,PSScene-20220531_153349_53_2434,1.0,False,0.2502125091426896,1.2098656771322298,0.19138857545860488
csb_field,181825002164104,2022-05-31,PSScene-20220531_153349_53_2434,1.0,False,0.346825547563484,1.616933958921727,0.2516796627828167
csb_field,181825002164087,2022-05-31,PSScene-20220531_153349_53_2434,1.0,False,0.4342486622944867,1.8751966784937448,0.27926883153410387
csb_field,181825002164078,2022-05-31,PSScene-20220531_153349_53_2434,1.0,False,0.23577950450733964,1.0358372772562092,0.18118301503763998
csb_field,181825002164073,2022-05-31,PSScene-20220531_153349_53_2434,1.0,False,0.24228994846997381,1.1815050177171196,0.18442411532953734
csb_field,181825002164072,2022-05-31,PSScene-20220531_153349_53_2434,1.0,False,0.47021430032095696,2.022159958815652,0.30537592442231987
csb_field,181825002164058,2022-05-31,PSScene-20220531_153349_53_2434,1.0,False,0.43048559655720847,1.9786125051977557,0.27521972396553107
csb_field,181825002164040,2022-05-31,PSScene-20220531_153349_53_2434,1.0,False,0.24462607820043927,1.1931834369124412,0.18774031480661424
csb_field,181825002163999,2022-05-31,PSScene-20220531_153349_53_2434,1.0,False,0.4373871335381451,1.9709455371769782,0.28992437808203336
csb_field,181825002164000,2022-05-31,PSScene-20220531_153349_53_2434,0.7391013584117032,False,0.2677894045946886,1.3021565763307077,0.19828758263956373
csb_field,181825002163982,2022-05-31,PSScene-20220531_153349_53_2434,0.0,False,,,
csb_field,181825002163998,2022-05-31,PSScene-20220531_153349_53_2434,0.0,False,,,
csb_field,181825002163972,2022-05-31,PSScene-20220531_153349_53_2434,0.04798628963153385,False,0.4341412255806582,1.3493681848049164,0.3206121761884008
csb_field,181825002163954,2022-05-31,PSScene-20220531_153349_53_2434,0.20065481758652948,False,0.6930984573347585,3.4966065561299002,0.47075236371624996
csb_field,181825002163941,2022-05-31,PSScene-20220531_153349_53_2434,0.9947310038824182,False,0.3046871402991792,1.402525733831303,0.22709035284761137
csb_field,181825002163948,2022-05-31,PSScene-20220531_153349_53_2434,1.0,False,0.3493730187904788,1.5546170216434965,0.2442079393191429
csb_field,181825002164031,2022-05-31,PSScene-20220531_153349_53_2434,0.0,False,,,
csb_field,181825002164028,2022-05-31,PSScene-20220531_153349_53_2434,0.9612508218277449,False,0.3715845428482676,1.630537996804562,0.24649390866254184
csb_field,181825002164004,2022-05-31,PSScene-20220531_153349_53_2434,0.4339480617237486,False,0.38050364597610875,1.5193662833671207,0.24266683454370871
csb_field,181825002164005,2022-05-31,PSScene-20220531_153349_53_2434,0.9517520215633423,False,0.3825248942464199,1.6290949590931103,0.2566618965273143
csb_field,181825002163930,2022-05-31,PSScene-20220531_153349_53_2434,1.0,False,0.5184784639592565,3.0683105237987065,0.3896330565624281
csb_field,181825002163963,2022-05-31,PSScene-20220531_153349_53_2434,1.0,False,0.29562199089243846,1.4757048709660656,0.22277400253262472
csb_field,181825002163938,2022-05-31,PSScene-20220531_153349_53_2434,1.0,False,0.3286114258447249,1.6525257637328152,0.24359423296854776
csb_field,181825002163906,2022-05-31,PSScene-20220531_153349_53_2434,1.0,False,0.2928365345557531,1.2243025731404622,0.20969134747982024
csb_field,181825002163917,2022-05-31,PSScene-20220531_153349_53_2434,1.0,False,0.42352357103830174,1.9794691999753316,0.29149870624839563
csb_field,181825002163904,2022-05-31,PSScene-20220531_153349_53_2434,1.0,False,0.2708394252769895,1.1321884386937948,0.1959587945844679
csb_field,181825002163937,2022-05-31,PSScene-20220531_153349_53_2434,0.6300398759415153,False,0.28256560162066074,1.2856164534383685,0.2173262791375403
csb_field,181825002163924,2022-05-31,PSScene-20220531_153349_53_2434,0.40577684602841835,False,0.31627869239904577,1.2805994672424894,0.2252448094168295
csb_field,181825002163922,2022-05-31,PSScene-20220531_153349_53_2434,1.0,False,0.4174193103322022,1.6476376689595285,0.2650160955332166
csb_field,181825002163878,2022-05-31,PSScene-20220531_153349_53_2434,0.016699801192842943,False,0.46812436055569423,1.425915553456261,0.2669588600595792
csb_field,181825002163866,2022-05-31,PSScene-20220531_153349_53_2434,1.0,False,0.8548256667378051,7.113823428061609,0.6425902543231379
csb_field,181825002163865,2022-05-31,PSScene-20220531_153349_53_2434,1.0,False,0.8445579552625249,6.49533620999681,0.6205339114207294
csb_field,181825002163854,2022-05-31,PSScene-20220531_153349_53_2434,0.9583333333333334,False,0.5802515256016151,2.3740166379057843,0.3519957765288975
csb_field,181825002163846,2022-05-31,PSScene-20220531_153349_53_2434,1.0,False,0.3501165418648252,1.4044415763780183,0.2646332022313978
csb_field,181825002163942,2022-05-31,PSScene-20220531_153349_53_2434,1.0,False,0.3432881430589636,1.6025536288095799,0.23979366579099712
csb_field,181825002163957,2022-05-31,PSScene-20220531_153349_53_2434,0.0,False,,,
csb_field,181825002163897,2022-05-31,PSScene-20220531_153349_53_2434,0.9781591263650546,False,0.6650348252466801,3.472567894432153,0.44173862070938424
csb_field,181825002163916,2022-05-31,PSScene-20220531_153349_53_2434,0.7962702172150387,False,0.36590107246172043,1.616320327263731,0.24593286213224305
csb_field,181825002163879,2022-05-31,PSScene-20220531_153349_53_2434,1.0,False,0.48794723819829056,2.0766984021582573,0.29664157729223006
csb_field,181825002163918,2022-05-31,PSScene-20220531_153349_53_2434,1.0,False,0.3786983695364109,1.6876964268860994,0.2532971548054505
csb_field,181825002163911,2022-05-31,PSScene-20220531_153349_53_2434,1.0,False,0.6503658455003536,3.8971492551891913,0.4418679078420003
csb_field,181825002163907,2022-05-31,PSScene-20220531_153349_53_2434,0.9959717124697879,False,0.49804869873150204,2.2873611815773325,0.328149434861446
csb_field,181825002163884,2022-05-31,PSScene-20220531_153349_53_2434,1.0,False,0.32956028878170057,1.5893619958995424,0.24494167759015936
csb_field,181825002163859,2022-05-31,PSScene-20220531_153349_53_2434,1.0,False,0.3250201861305303,1.4310952719142394,0.23458548916178512
csb_field,181825002163855,2022-05-31,PSScene-20220531_153349_53_2434,1.0,False,0.842878853848277,6.469663186617564,0.6223594231540543
csb_field,181825002163874,2022-05-31,PSScene-20220531_153349_53_2434,0.13022002694207455,False,0.3164741831606832,1.2618026359327907,0.22762305109665312
csb_field,181825002163842,2022-05-31,PSScene-20220531_153349_53_2434,0.8048780487804879,False,0.29935005303434653,1.2092173016733594,0.21529703500746478
csb_field,181825002163872,2022-05-31,PSScene-20220531_153349_53_2434,0.0,False,,,
csb_field,181825002163860,2022-05-31,PSScene-20220531_153349_53_2434,0.9929278642149929,False,0.37539119794540254,1.4027204930442692,0.24956549887686033
gt_field,IN_PENG2025_CCNT,2022-06-03,PSScene-20220603_160712_62_2446,0.0,True,,,
gt_field,IN_PENG2025_NT,2022-06-03,PSScene-20220603_160712_62_2446,0.0,True,,,
csb_field,181825002164142,2022-06-03,PSScene-20220603_160712_62_2446,0.0,True,,,
csb_field,181825002164143,2022-06-03,PSScene-20220603_160712_62_2446,0.0024705435195743063,True,0.29107168516167997,1.2380833245274492,0.1795745227725106
csb_field,181825002164131,2022-06-03,PSScene-20220603_160712_62_2446,0.18602620087336244,True,0.30716842798043176,1.3107078280419515,0.18774697806668336
csb_field,181825002164136,2022-06-03,PSScene-20220603_160712_62_2446,0.612223576527947,True,0.22572948795894904,1.1214548524045165,0.14705038183403304
csb_field,181825002164109,2022-06-03,PSScene-20220603_160712_62_2446,0.4504959554921123,True,0.2256900851582337,1.0800604658595652,0.1476693577759334
csb_field,181825002164090,2022-06-03,PSScene-20220603_160712_62_2446,0.0,True,,,
csb_field,181825002164096,2022-06-03,PSScene-20220603_160712_62_2446,0.0,True,,,
csb_field,181825002164060,2022-06-03,PSScene-20220603_160712_62_2446,0.0,True,,,
csb_field,181825002164039,2022-06-03,PSScene-20220603_160712_62_2446,0.0,True,,,
csb_field,181825002164033,2022-06-03,PSScene-20220603_160712_62_2446,0.0,True,,,
csb_field,181825002164017,2022-06-03,PSScene-20220603_160712_62_2446,0.0,True,,,
csb_field,181825002164151,2022-06-03,PSScene-20220603_160712_62_2446,0.0,True,,,
csb_field,181825002164153,2022-06-03,PSScene-20220603_160712_62_2446,0.0,True,,,
csb_field,181825002164152,2022-06-03,PSScene-20220603_160712_62_2446,0.0,True,,,
csb_field,181825002164141,2022-06-03,PSScene-20220603_160712_62_2446,0.0,True,,,
csb_field,181825002164144,2022-06-03,PSScene-20220603_160712_62_2446,0.0,True,,,
csb_field,181825002164119,2022-06-03,PSScene-20220603_160712_62_2446,0.0,True,,,
csb_field,181825002164140,2022-06-03,PSScene-20220603_160712_62_2446,0.0,True,,,
csb_field,181825002164064,2022-06-03,PSScene-20220603_160712_62_2446,0.0,True,,,
csb_field,181825002164059,2022-06-03,PSScene-20220603_160712_62_2446,0.0,True,,,
csb_field,181825002164061,2022-06-03,PSScene-20220603_160712_62_2446,0.5802009033245304,True,0.24610913964088854,1.1657937052460294,0.16304283350926657
csb_field,181825002164104,2022-06-03,PSScene-20220603_160712_62_2446,0.8455526609601787,True,0.3191339406309529,1.5418090725959819,0.2111627034633005
csb_field,181825002164087,2022-06-03,PSScene-20220603_160712_62_2446,1.0,True,0.3854659001682483,1.6898372129155845,0.23478984767427813
csb_field,181825002164078,2022-06-03,PSScene-20220603_160712_62_2446,1.0,True,0.2416332838341982,1.1682445647488782,0.1563818106353745
csb_field,181825002164073,2022-06-03,PSScene-20220603_160712_62_2446,0.8322482062184428,True,0.23576394227884206,1.1393522314750495,0.1551273337593639
csb_field,181825002164072,2022-06-03,PSScene-20220603_160712_62_2446,1.0,True,0.4622832890813729,2.051278171485218,0.28322079891082097
csb_field,181825002164058,2022-06-03,PSScene-20220603_160712_62_2446,1.0,True,0.2831341173675484,1.4242551031140156,0.18411784798719313
csb_field,181825002164040,2022-06-03,PSScene-20220603_160712_62_2446,1.0,True,0.2380882550986331,1.165123286371743,0.15624367637875472
csb_field,181825002163999,2022-06-03,PSScene-20220603_160712_62_2446,1.0,True,0.41717922471491525,1.924228515803409,0.2618342278219368
csb_field,181825002164000,2022-06-03,PSScene-20220603_160712_62_2446,1.0,True,0.2547247252377169,1.2577537604601081,0.16842181325059155
csb_field,181825002163982,2022-06-03,PSScene-20220603_160712_62_2446,0.0,True,,,
csb_field,181825002163998,2022-06-03,PSScene-20220603_160712_62_2446,0.0,True,,,
csb_field,181825002163972,2022-06-03,PSScene-20220603_160712_62_2446,0.0,True,,,
csb_field,181825002163954,2022-06-03,PSScene-20220603_160712_62_2446,0.0,True,,,
csb_field,181825002163941,2022-06-03,PSScene-20220603_160712_62_2446,0.0,True,,,
csb_field,181825002163948,2022-06-03,PSScene-20220603_160712_62_2446,0.0,True,,,
csb_field,181825002164031,2022-06-03,PSScene-20220603_160712_62_2446,0.0,True,,,
csb_field,181825002164028,2022-06-03,PSScene-20220603_160712_62_2446,0.009944115713346482,True,0.6185186900567526,3.261294819934407,0.39015093898152525
csb_field,181825002164004,2022-06-03,PSScene-20220603_160712_62_2446,0.0,True,,,
csb_field,181825002164005,2022-06-03,PSScene-20220603_160712_62_2446,0.0,True,,,
csb_field,181825002163930,2022-06-03,PSScene-20220603_160712_62_2446,0.0,True,,,
csb_field,181825002163963,2022-06-03,PSScene-20220603_160712_62_2446,0.4952668516402807,True,0.2588158540837977,1.2516764393484507,0.17216458088277808
csb_field,181825002163938,2022-06-03,PSScene-20220603_160712_62_2446,0.0,True,,,
csb_field,181825002163906,2022-06-03,PSScene-20220603_160712_62_2446,0.0,True,,,
csb_field,181825002163917,2022-06-03,PSScene-20220603_160712_62_2446,0.0,True,,,
csb_field,181825002163904,2022-06-03,PSScene-20220603_160712_62_2446,0.0,True,,,
csb_field,181825002163937,2022-06-03,PSScene-20220603_160712_62_2446,0.0,True,,,
csb_field,181825002163924,2022-06-03,PSScene-20220603_160712_62_2446,0.0,True,,,
csb_field,181825002163922,2022-06-03,PSScene-20220603_160712_62_2446,0.0,True,,,
csb_field,181825002163878,2022-06-03,PSScene-20220603_160712_62_2446,0.0,True,,,
csb_field,181825002163866,2022-06-03,PSScene-20220603_160712_62_2446,0.0,True,,,
csb_field,181825002163865,2022-06-03,PSScene-20220603_160712_62_2446,0.0,True,,,
csb_field,181825002163854,2022-06-03,PSScene-20220603_160712_62_2446,0.0,True,,,
csb_field,181825002163846,2022-06-03,PSScene-20220603_160712_62_2446,0.0,True,,,
csb_field,181825002163942,2022-06-03,PSScene-20220603_160712_62_2446,1.0,True,0.34182183571680735,1.5772813593125894,0.21289134468842988
csb_field,181825002163957,2022-06-03,PSScene-20220603_160712_62_2446,1.0,True,0.3496551389860499,1.9370271360982172,0.23063943275188023
csb_field,181825002163897,2022-06-03,PSScene-20220603_160712_62_2446,1.0,True,0.6591736296055765,3.4207154559753405,0.4248053646631819
csb_field,181825002163916,2022-06-03,PSScene-20220603_160712_62_2446,0.956130243673452,True,0.3381116255474855,1.4523213267117077,0.20667711313481077
csb_field,181825002163879,2022-06-03,PSScene-20220603_160712_62_2446,1.0,True,0.42676884717105257,1.8961059364663535,0.25880049421519763
csb_field,181825002163918,2022-06-03,PSScene-20220603_160712_62_2446,0.0,True,,,
csb_field,181825002163911,2022-06-03,PSScene-20220603_160712_62_2446,0.11055486024196913,True,0.41309891653481856,1.9977408485061288,0.25505640958894604
csb_field,181825002163907,2022-06-03,PSScene-20220603_160712_62_2446,0.0,True,,,
csb_field,181825002163884,2022-06-03,PSScene-20220603_160712_62_2446,0.0,True,,,
csb_field,181825002163859,2022-06-03,PSScene-20220603_160712_62_2446,0.0,True,,,
csb_field,181825002163855,2022-06-03,PSScene-20220603_160712_62_2446,0.0,True,,,
csb_field,181825002163874,2022-06-03,PSScene-20220603_160712_62_2446,0.0,True,,,
csb_field,181825002163842,2022-06-03,PSScene-20220603_160712_62_2446,0.0,True,,,
csb_field,181825002163872,2022-06-03,PSScene-20220603_160712_62_2446,0.0,True,,,
csb_field,181825002163860,2022-06-03,PSScene-20220603_160712_62_2446,0.0,True,,,
gt_field,IN_PENG2025_CCNT,2022-06-03,PSScene-20220603_160714_90_2446,0.0,True,,,
gt_field,IN_PENG2025_NT,2022-06-03,PSScene-20220603_160714_90_2446,0.0,True,,,
csb_field,181825002164142,2022-06-03,PSScene-20220603_160714_90_2446,1.0,True,0.2143419141241137,1.0097934621517335,0.1384079723524055
csb_field,181825002164143,2022-06-03,PSScene-20220603_160714_90_2446,1.0,True,0.22821416179696669,1.088599809937343,0.1470357910553589
csb_field,181825002164131,2022-06-03,PSScene-20220603_160714_90_2446,1.0,True,0.31232093678423467,1.3365791687856658,0.18901824742016526
csb_field,181825002164136,2022-06-03,PSScene-20220603_160714_90_2446,1.0,True,0.25436573116768074,1.2622863243119964,0.16749343372273787
csb_field,181825002164109,2022-06-03,PSScene-20220603_160714_90_2446,0.765198931225065,True,0.22309914908230036,1.0717946127465559,0.14548872521441775
csb_field,181825002164090,2022-06-03,PSScene-20220603_160714_90_2446,0.0,True,,,
csb_field,181825002164096,2022-06-03,PSScene-20220603_160714_90_2446,0.0,True,,,
csb_field,181825002164060,2022-06-03,PSScene-20220603_160714_90_2446,0.0,True,,,
csb_field,181825002164039,2022-06-03,PSScene-20220603_160714_90_2446,0.0,True,,,
csb_field,181825002164033,2022-06-03,PSScene-20220603_160714_90_2446,0.0,True,,,
csb_field,181825002164017,2022-06-03,PSScene-20220603_160714_90_2446,0.0,True,,,
csb_field,181825002164151,2022-06-03,PSScene-20220603_160714_90_2446,0.0,True,,,
csb_field,181825002164153,2022-06-03,PSScene-20220603_160714_90_2446,0.0,True,,,
csb_field,181825002164152,2022-06-03,PSScene-20220603_160714_90_2446,0.0,True,,,
csb_field,181825002164141,2022-06-03,PSScene-20220603_160714_90_2446,1.0,True,0.22488374551465415,1.0594406964993428,0.14901547274855997
csb_field,181825002164144,2022-06-03,PSScene-20220603_160714_90_2446,0.35254454968694815,True,0.22256905730848942,1.0562314414525262,0.14687259464717953
csb_field,181825002164119,2022-06-03,PSScene-20220603_160714_90_2446,1.0,True,0.3164399117268569,1.4787228066315004,0.20702056687521692
csb_field,181825002164140,2022-06-03,PSScene-20220603_160714_90_2446,0.0,True,,,
csb_field,181825002164064,2022-06-03,PSScene-20220603_160714_90_2446,0.0,True,,,
csb_field,181825002164059,2022-06-03,PSScene-20220603_160714_90_2446,0.0,True,,,
csb_field,181825002164061,2022-06-03,PSScene-20220603_160714_90_2446,0.5566799121356467,True,0.24376136104878218,1.1558454245244787,0.16173602522652272
csb_field,181825002164104,2022-06-03,PSScene-20220603_160714_90_2446,1.0,True,0.3360575629922206,1.6101767331145809,0.2200861135002493
csb_field,181825002164087,2022-06-03,PSScene-20220603_160714_90_2446,1.0,True,0.38087176603904804,1.6858548333743169,0.23287884294334393
csb_field,181825002164078,2022-06-03,PSScene-20220603_160714_90_2446,1.0,True,0.24777753042815645,1.1879587662691218,0.158886389067411
csb_field,181825002164073,2022-06-03,PSScene-20220603_160714_90_2446,0.8330454424661174,True,0.2362767068651339,1.1401526543284506,0.1554737657768993
csb_field,181825002164072,2022-06-03,PSScene-20220603_160714_90_2446,1.0,True,0.4635916326957206,2.0715060491067967,0.28455028953194855
csb_field,181825002164058,2022-06-03,PSScene-20220603_160714_90_2446,1.0,True,0.2915612159928697,1.4879111985220435,0.1914045307193969
csb_field,181825002164040,2022-06-03,PSScene-20220603_160714_90_2446,1.0,True,0.24000406801245974,1.1727222903147942,0.1576995800563912
csb_field,181825002163999,2022-06-03,PSScene-20220603_160714_90_2446,1.0,True,0.4199048528140386,1.963184936248698,0.2654573524002659
csb_field,181825002164000,2022-06-03,PSScene-20220603_160714_90_2446,1.0,True,0.25849345611379015,1.2762558282530092,0.1723428634671374
csb_field,181825002163982,2022-06-03,PSScene-20220603_160714_90_2446,0.0,True,,,
csb_field,181825002163998,2022-06-03,PSScene-20220603_160714_90_2446,0.0,True,,,
csb_field,181825002163972,2022-06-03,PSScene-20220603_160714_90_2446,0.0,True,,,
csb_field,181825002163954,2022-06-03,PSScene-20220603_160714_90_2446,0.0,True,,,
csb_field,181825002163941,2022-06-03,PSScene-20220603_160714_90_2446,0.0,True,,,
csb_field,181825002163948,2022-06-03,PSScene-20220603_160714_90_2446,0.0,True,,,
csb_field,181825002164031,2022-06-03,PSScene-20220603_160714_90_2446,0.0,True,,,
csb_field,181825002164028,2022-06-03,PSScene-20220603_160714_90_2446,0.007190992767915845,True,0.6574945363829244,3.9409976056311073,0.4354288102579721
csb_field,181825002164004,2022-06-03,PSScene-20220603_160714_90_2446,0.0,True,,,
csb_field,181825002164005,2022-06-03,PSScene-20220603_160714_90_2446,0.0,True,,,
csb_field,181825002163930,2022-06-03,PSScene-20220603_160714_90_2446,0.0,True,,,
csb_field,181825002163963,2022-06-03,PSScene-20220603_160714_90_2446,0.4774767422882324,True,0.2567227158828895,1.231956929463,0.16829073592324648
csb_field,181825002163938,2022-06-03,PSScene-20220603_160714_90_2446,0.0,True,,,
csb_field,181825002163906,2022-06-03,PSScene-20220603_160714_90_2446,0.0,True,,,
csb_field,181825002163917,2022-06-03,PSScene-20220603_160714_90_2446,0.0,True,,,
csb_field,181825002163904,2022-06-03,PSScene-20220603_160714_90_2446,0.0,True,,,
csb_field,181825002163937,2022-06-03,PSScene-20220603_160714_90_2446,0.0,True,,,
csb_field,181825002163924,2022-06-03,PSScene-20220603_160714_90_2446,0.0,True,,,
csb_field,181825002163922,2022-06-03,PSScene-20220603_160714_90_2446,0.0,True,,,
csb_field,181825002163878,2022-06-03,PSScene-20220603_160714_90_2446,0.0,True,,,
csb_field,181825002163866,2022-06-03,PSScene-20220603_160714_90_2446,0.0,True,,,
csb_field,181825002163865,2022-06-03,PSScene-20220603_160714_90_2446,0.0,True,,,
csb_field,181825002163854,2022-06-03,PSScene-20220603_160714_90_2446,0.0,True,,,
csb_field,181825002163846,2022-06-03,PSScene-20220603_160714_90_2446,0.0,True,,,
csb_field,181825002163942,2022-06-03,PSScene-20220603_160714_90_2446,1.0,True,0.34363199682177353,1.61484495056013,0.2193607312351679
csb_field,181825002163957,2022-06-03,PSScene-20220603_160714_90_2446,1.0,True,0.35083465958061866,1.9416336750888767,0.23290443386149393
csb_field,181825002163897,2022-06-03,PSScene-20220603_160714_90_2446,1.0,True,0.6596966737422923,3.4581490851652954,0.4302946148100552
csb_field,181825002163916,2022-06-03,PSScene-20220603_160714_90_2446,0.9495156403362779,True,0.33634930496410304,1.4526572575178882,0.20620042496315322
csb_field,181825002163879,2022-06-03,PSScene-20220603_160714_90_2446,1.0,True,0.42817678329889053,1.904169978693883,0.26032255103052615
csb_field,181825002163918,2022-06-03,PSScene-20220603_160714_90_2446,0.0,True,,,
csb_field,181825002163911,2022-06-03,PSScene-20220603_160714_90_2446,0.07509386733416772,True,0.42100607645172444,2.109796918407932,0.26756323314259167
csb_field,181825002163907,2022-06-03,PSScene-20220603_160714_90_2446,0.0,True,,,
csb_field,181825002163884,2022-06-03,PSScene-20220603_160714_90_2446,0.0,True,,,
csb_field,181825002163859,2022-06-03,PSScene-20220603_160714_90_2446,0.0,True,,,
csb_field,181825002163855,2022-06-03,PSScene-20220603_160714_90_2446,0.0,True,,,
csb_field,181825002163874,2022-06-03,PSScene-20220603_160714_90_2446,0.0,True,,,
csb_field,181825002163842,2022-06-03,PSScene-20220603_160714_90_2446,0.0,True,,,
csb_field,181825002163872,2022-06-03,PSScene-20220603_160714_90_2446,0.0,True,,,
csb_field,181825002163860,2022-06-03,PSScene-20220603_160714_90_2446,0.0,True,,,
gt_field,IN_PENG2025_CCNT,2022-06-18,PSScene-20220618_153316_79_2457,1.0,True,0.28813708885583333,1.241537703553037,0.20785378123971243
gt_field,IN_PENG2025_NT,2022-06-18,PSScene-20220618_153316_79_2457,1.0,True,0.2606490121468644,1.1688093304185356,0.1927853265113576
csb_field,181825002164142,2022-06-18,PSScene-20220618_153316_79_2457,1.0,True,0.2213711960818742,1.0347445168930747,0.16321136577702824
csb_field,181825002164143,2022-06-18,PSScene-20220618_153316_79_2457,1.0,True,0.23914911536305644,1.1361066048963637,0.17625278777535677
csb_field,181825002164131,2022-06-18,PSScene-20220618_153316_79_2457,1.0,True,0.2786636788349165,1.2241657497685259,0.20223332311810877
csb_field,181825002164136,2022-06-18,PSScene-20220618_153316_79_2457,1.0,True,0.27263803684124505,1.3307070604136149,0.20026530561158512
csb_field,181825002164109,2022-06-18,PSScene-20220618_153316_79_2457,1.0,True,0.2695821606376632,1.2434229495535327,0.19557496012683975
csb_field,181825002164090,2022-06-18,PSScene-20220618_153316_79_2457,1.0,True,0.35195101914874455,1.6892873892778435,0.25318588562502164
csb_field,181825002164096,2022-06-18,PSScene-20220618_153316_79_2457,1.0,True,0.3495245129611464,1.6506439455322974,0.2495934681760791
csb_field,181825002164060,2022-06-18,PSScene-20220618_153316_79_2457,1.0,True,0.8096895461378067,5.985185409298845,0.603582937501276
csb_field,181825002164039,2022-06-18,PSScene-20220618_153316_79_2457,1.0,True,0.21723920844984887,0.9032153571131044,0.16011899409423255
csb_field,181825002164033,2022-06-18,PSScene-20220618_153316_79_2457,1.0,True,0.3450512183452797,1.5181865653508413,0.24876134181762552
csb_field,181825002164017,2022-06-18,PSScene-20220618_153316_79_2457,1.0,True,0.6611237100786794,3.4045629356083045,0.455981284483512
csb_field,181825002164151,2022-06-18,PSScene-20220618_153316_79_2457,1.0,True,0.5580661062615169,2.935891739704242,0.4357416886521728
csb_field,181825002164153,2022-06-18,PSScene-20220618_153316_79_2457,1.0,True,0.28511857922330686,1.3102420553823815,0.20697294602216715
csb_field,181825002164152,2022-06-18,PSScene-20220618_153316_79_2457,1.0,True,0.3526457713694779,1.7666303819507554,0.255028297531875
csb_field,181825002164141,2022-06-18,PSScene-20220618_153316_79_2457,1.0,True,0.27378674757495236,1.2315466351305222,0.2037429647721147
csb_field,181825002164144,2022-06-18,PSScene-20220618_153316_79_2457,1.0,True,0.2633226218809414,1.198968454254043,0.19678436482273207
csb_field,181825002164119,2022-06-18,PSScene-20220618_153316_79_2457,1.0,True,0.3509084956414028,1.6475119383237895,0.2528896509896918
csb_field,181825002164140,2022-06-18,PSScene-20220618_153316_79_2457,1.0,True,0.29098920022463093,1.3765094355122522,0.2137673295036201
csb_field,181825002164064,2022-06-18,PSScene-20220618_153316_79_2457,1.0,True,0.2726633028246228,1.3184727975958315,0.19918982081243938
csb_field,181825002164059,2022-06-18,PSScene-20220618_153316_79_2457,1.0,True,0.2748498784495004,1.2068088003260158,0.19706175535240741
csb_field,181825002164061,2022-06-18,PSScene-20220618_153316_79_2457,1.0,True,0.2738217806126053,1.2878672310843338,0.20281024179650875
csb_field,181825002164104,2022-06-18,PSScene-20220618_153316_79_2457,1.0,True,0.34512569003811333,1.6639042133954987,0.2520205086716156
csb_field,181825002164087,2022-06-18,PSScene-20220618_153316_79_2457,1.0,True,0.33834589282951155,1.5343877130305488,0.2413777513521289
csb_field,181825002164078,2022-06-18,PSScene-20220618_153316_79_2457,1.0,True,0.26527184165448586,1.2210646550021034,0.19291704822738676
csb_field,181825002164073,2022-06-18,PSScene-20220618_153316_79_2457,1.0,True,0.29111573018555764,1.3448491804867901,0.21341442254761375
csb_field,181825002164072,2022-06-18,PSScene-20220618_153316_79_2457,1.0,True,0.3537075602936848,1.767391073817221,0.2641695281953294
csb_field,181825002164058,2022-06-18,PSScene-20220618_153316_79_2457,1.0,True,0.28188465992267087,1.4806297940778428,0.21113374389926975
csb_field,181825002164040,2022-06-18,PSScene-20220618_153316_79_2457,1.0,True,0.2713068584437763,1.270532642027671,0.20238283400373835
csb_field,181825002163999,2022-06-18,PSScene-20220618_153316_79_2457,1.0,True,0.3356134965147254,1.584945709805007,0.24802736566016495
csb_field,181825002164000,2022-06-18,PSScene-20220618_153316_79_2457,1.0,True,0.318094975993919,1.4895110851345212,0.23295296949616645
csb_field,181825002163982,2022-06-18,PSScene-20220618_153316_79_2457,1.0,True,0.4796121943341309,2.3220479112486982,0.35982923466031885
csb_field,181825002163998,2022-06-18,PSScene-20220618_153316_79_2457,1.0,True,0.8544608855039315,6.390042103980716,0.6385946710875463
csb_field,181825002163972,2022-06-18,PSScene-20220618_153316_79_2457,1.0,True,0.4551750412399291,1.967644161226387,0.31326678301796235
csb_field,181825002163954,2022-06-18,PSScene-20220618_153316_79_2457,1.0,True,0.638452881915544,3.1082540676632915,0.42511727644359854
csb_field,181825002163941,2022-06-18,PSScene-20220618_153316_79_2457,1.0,True,0.29021472670646375,1.2459789734592424,0.21157753157316406
csb_field,181825002163948,2022-06-18,PSScene-20220618_153316_79_2457,1.0,True,0.5063253324913211,2.3343320581440383,0.35697971986168325
csb_field,181825002164031,2022-06-18,PSScene-20220618_153316_79_2457,1.0,True,0.3083524219773855,1.3583982106072936,0.22213415813357879
csb_field,181825002164028,2022-06-18,PSScene-20220618_153316_79_2457,1.0,True,0.27852956869671003,1.279350755519307,0.20632494194736573
csb_field,181825002164004,2022-06-18,PSScene-20220618_153316_79_2457,1.0,True,0.33229404709170113,1.4766509254929736,0.24285673801251273
csb_field,181825002164005,2022-06-18,PSScene-20220618_153316_79_2457,1.0,True,0.31231004499444326,1.4526853921023877,0.22883740796834645
csb_field,181825002163930,2022-06-18,PSScene-20220618_153316_79_2457,1.0,True,0.553324466874543,2.5592040416547834,0.3865148234433989
csb_field,181825002163963,2022-06-18,PSScene-20220618_153316_79_2457,1.0,True,0.3061883050789274,1.5463369499034973,0.23175416908805338
csb_field,181825002163938,2022-06-18,PSScene-20220618_153316_79_2457,1.0,True,0.5016486369357118,2.1544845387908715,0.35458265838272807
csb_field,181825002163906,2022-06-18,PSScene-20220618_153316_79_2457,1.0,True,0.3447426123480892,1.42600503223846,0.23959513839218313
csb_field,181825002163917,2022-06-18,PSScene-20220618_153316_79_2457,1.0,True,0.7331977712543437,3.995866313169697,0.5224966481071507
csb_field,181825002163904,2022-06-18,PSScene-20220618_153316_79_2457,1.0,True,0.37543638262673984,1.544019855241058,0.2634635231679909
csb_field,181825002163937,2022-06-18,PSScene-20220618_153316_79_2457,1.0,True,0.24912776317053822,1.089685144667513,0.1816600565738804
csb_field,181825002163924,2022-06-18,PSScene-20220618_153316_79_2457,1.0,True,0.2529273735462966,1.094259159338896,0.1829566705067155
csb_field,181825002163922,2022-06-18,PSScene-20220618_153316_79_2457,1.0,True,0.7307245810888449,3.995135620122501,0.5201887407058774
csb_field,181825002163878,2022-06-18,PSScene-20220618_153316_79_2457,1.0,True,0.8579744672151218,6.132678377434709,0.6295499056259966
csb_field,181825002163866,2022-06-18,PSScene-20220618_153316_79_2457,1.0,True,0.839158394087945,5.976448455431371,0.6211488742095457
csb_field,181825002163865,2022-06-18,PSScene-20220618_153316_79_2457,1.0,True,0.8495387830048912,6.068545765002716,0.6266073457155569
csb_field,181825002163854,2022-06-18,PSScene-20220618_153316_79_2457,1.0,True,0.683486211631135,3.6419720483398366,0.4662931814898597
csb_field,181825002163846,2022-06-18,PSScene-20220618_153316_79_2457,1.0,True,0.3268156378639128,1.3948613678985184,0.2546916905067308
csb_field,181825002163942,2022-06-18,PSScene-20220618_153316_79_2457,1.0,True,0.5183248723241836,2.4993802062511152,0.40087497288026447
csb_field,181825002163957,2022-06-18,PSScene-20220618_153316_79_2457,1.0,True,0.3581911385995107,1.8604962521199555,0.2617874465069165
csb_field,181825002163897,2022-06-18,PSScene-20220618_153316_79_2457,1.0,True,0.6820638995268714,3.858670791251336,0.4887061920063284
csb_field,181825002163916,2022-06-18,PSScene-20220618_153316_79_2457,1.0,True,0.41327406232321856,1.9372196131373838,0.3099934508050515
csb_field,181825002163879,2022-06-18,PSScene-20220618_153316_79_2457,1.0,True,0.8209826019003625,5.5278744136285365,0.6075370910267615
csb_field,181825002163918,2022-06-18,PSScene-20220618_153316_79_2457,1.0,True,0.29001005226108656,1.3639912141161679,0.21030961390532465
csb_field,181825002163911,2022-06-18,PSScene-20220618_153316_79_2457,1.0,True,0.6537876685873135,3.454028323810783,0.46351058459850936
csb_field,181825002163907,2022-06-18,PSScene-20220618_153316_79_2457,1.0,True,0.3753897091355353,1.691097027496298,0.26755576334880543
csb_field,181825002163884,2022-06-18,PSScene-20220618_153316_79_2457,1.0,True,0.3763031717653737,1.5561173733480844,0.26078164486081995
csb_field,181825002163859,2022-06-18,PSScene-20220618_153316_79_2457,1.0,True,0.38058344265538463,1.656698734845347,0.2616557908849745
csb_field,181825002163855,2022-06-18,PSScene-20220618_153316_79_2457,1.0,True,0.7345696862723898,4.366709384608072,0.5174220045182796
csb_field,181825002163874,2022-06-18,PSScene-20220618_153316_79_2457,1.0,True,0.435489751834905,1.8207765250215584,0.30052602923664606
csb_field,181825002163842,2022-06-18,PSScene-20220618_153316_79_2457,1.0,True,0.3271643601479176,1.2634493683705046,0.22434331919824757
csb_field,181825002163872,2022-06-18,PSScene-20220618_153316_79_2457,1.0,True,0.23761632179735503,0.9510051686126696,0.17168227678393666
csb_field,181825002163860,2022-06-18,PSScene-20220618_153316_79_2457,1.0,True,0.25007472013388826,1.1898670380026413,0.18363429607596019
gt_field,IN_PENG2025_CCNT,2022-06-19,PSScene-20220619_155236_54_2251,1.0,True,0.29126467708505044,1.2512129157873115,0.22101676272563006
gt_field,IN_PENG2025_NT,2022-06-19,PSScene-20220619_155236_54_2251,1.0,True,0.26538865421026586,1.1751819848550928,0.20528428212347422
csb_field,181825002164142,2022-06-19,PSScene-20220619_155236_54_2251,1.0,True,0.22088769583575305,1.0338523169334748,0.17644588232762357
csb_field,181825002164143,2022-06-19,PSScene-20220619_155236_54_2251,1.0,True,0.23901511126746042,1.132797624861898,0.18851297181025078
csb_field,181825002164131,2022-06-19,PSScene-20220619_155236_54_2251,1.0,True,0.28660472583973895,1.2418567416233992,0.2187007924288629
csb_field,181825002164136,2022-06-19,PSScene-20220619_155236_54_2251,1.0,True,0.2742225375077875,1.3260047891198785,0.21042295964816166
csb_field,181825002164109,2022-06-19,PSScene-20220619_155236_54_2251,1.0,True,0.2644897043872569,1.226981188378421,0.20532931168013427
csb_field,181825002164090,2022-06-19,PSScene-20220619_155236_54_2251,1.0,True,0.35858157326118173,1.6948320112858857,0.26248200439812236
csb_field,181825002164096,2022-06-19,PSScene-20220619_155236_54_2251,1.0,True,0.3630103788840728,1.6746623482825465,0.2653179314622256
csb_field,181825002164060,2022-06-19,PSScene-20220619_155236_54_2251,1.0,True,0.8148817598037896,6.09234098505963,0.5970904492895894
csb_field,181825002164039,2022-06-19,PSScene-20220619_155236_54_2251,1.0,True,0.21637490985974503,0.8939446967432152,0.17313972380552245
csb_field,181825002164033,2022-06-19,PSScene-20220619_155236_54_2251,1.0,True,0.33495631146216664,1.461697323850667,0.2508411181625212
csb_field,181825002164017,2022-06-19,PSScene-20220619_155236_54_2251,1.0,True,0.6582307816867341,3.397793422739025,0.45440181357672027
csb_field,181825002164151,2022-06-19,PSScene-20220619_155236_54_2251,1.0,True,0.5609046130416057,2.971460020833859,0.43149502759606384
csb_field,181825002164153,2022-06-19,PSScene-20220619_155236_54_2251,1.0,True,0.2871059838073393,1.3171134068496155,0.2175099558140133
csb_field,181825002164152,2022-06-19,PSScene-20220619_155236_54_2251,1.0,True,0.35262054028682466,1.7595836999758818,0.2619587005687119
csb_field,181825002164141,2022-06-19,PSScene-20220619_155236_54_2251,1.0,True,0.2693414469808804,1.218785107777326,0.20953062274941142
csb_field,181825002164144,2022-06-19,PSScene-20220619_155236_54_2251,1.0,True,0.2616677639996213,1.1801303326072763,0.20285251464052406
csb_field,181825002164119,2022-06-19,PSScene-20220619_155236_54_2251,1.0,True,0.3495882566117642,1.6476547299785793,0.257802892342122
csb_field,181825002164140,2022-06-19,PSScene-20220619_155236_54_2251,1.0,True,0.2973043981295084,1.3913808315705907,0.22649742807456513
csb_field,181825002164064,2022-06-19,PSScene-20220619_155236_54_2251,1.0,True,0.2642922879269919,1.2866252057613614,0.2052994147789925
csb_field,181825002164059,2022-06-19,PSScene-20220619_155236_54_2251,1.0,True,0.27852019288909097,1.2249951085707695,0.21297130218049024
csb_field,181825002164061,2022-06-19,PSScene-20220619_155236_54_2251,1.0,True,0.269030170603885,1.2799596939839808,0.21245264571348726
csb_field,181825002164104,2022-06-19,PSScene-20220619_155236_54_2251,1.0,True,0.34821905427260263,1.6845915525997202,0.26164007358200264
csb_field,181825002164087,2022-06-19,PSScene-20220619_155236_54_2251,1.0,True,0.34646232713204167,1.5612594066077152,0.25639403695761787
csb_field,181825002164078,2022-06-19,PSScene-20220619_155236_54_2251,1.0,True,0.2710929690586413,1.2390289792187787,0.20723354620638476
csb_field,181825002164073,2022-06-19,PSScene-20220619_155236_54_2251,1.0,True,0.286497309666855,1.3213072353416797,0.2216636939165148
csb_field,181825002164072,2022-06-19,PSScene-20220619_155236_54_2251,1.0,True,0.3632155732289359,1.8038702595448173,0.2755777055051265
csb_field,181825002164058,2022-06-19,PSScene-20220619_155236_54_2251,1.0,True,0.2848491407563763,1.4985913405893285,0.22207104509437647
csb_field,181825002164040,2022-06-19,PSScene-20220619_155236_54_2251,1.0,True,0.26886239004784357,1.2632866716522457,0.21058562481935142
csb_field,181825002163999,2022-06-19,PSScene-20220619_155236_54_2251,1.0,True,0.3433771583107674,1.6390215734894016,0.2605765795961823
csb_field,181825002164000,2022-06-19,PSScene-20220619_155236_54_2251,1.0,True,0.31131506753280486,1.4760643725412421,0.2388861582751978
csb_field,181825002163982,2022-06-19,PSScene-20220619_155236_54_2251,1.0,True,0.48787820628036394,2.3415943443973637,0.3657498890221474
csb_field,181825002163998,2022-06-19,PSScene-20220619_155236_54_2251,1.0,True,0.8605260102810479,6.577350079792891,0.6349236617151688
csb_field,181825002163972,2022-06-19,PSScene-20220619_155236_54_2251,1.0,True,0.44757158873181435,1.9051787474566102,0.3129306796076878
csb_field,181825002163954,2022-06-19,PSScene-20220619_155236_54_2251,1.0,True,0.5349516593709459,2.389515686054053,0.3563060705535706
csb_field,181825002163941,2022-06-19,PSScene-20220619_155236_54_2251,1.0,True,0.2795084878705751,1.1980385329802987,0.21781617388168914
csb_field,181825002163948,2022-06-19,PSScene-20220619_155236_54_2251,1.0,True,0.4957896355094546,2.2669990750381657,0.35162865553192124
csb_field,181825002164031,2022-06-19,PSScene-20220619_155236_54_2251,1.0,True,0.31154792543330895,1.3757273350044386,0.23700001056895087
csb_field,181825002164028,2022-06-19,PSScene-20220619_155236_54_2251,1.0,True,0.285745421381596,1.3064677028511646,0.21978491721583052
csb_field,181825002164004,2022-06-19,PSScene-20220619_155236_54_2251,1.0,True,0.3314853752048303,1.4554804784778408,0.24968872952163249
csb_field,181825002164005,2022-06-19,PSScene-20220619_155236_54_2251,1.0,True,0.3164789497247286,1.4572050478707799,0.2390492960506546
csb_field,181825002163930,2022-06-19,PSScene-20220619_155236_54_2251,1.0,True,0.5600444636535381,2.6329195286591585,0.3939530810595181
csb_field,181825002163963,2022-06-19,PSScene-20220619_155236_54_2251,1.0,True,0.30187973433350374,1.5463962235494535,0.23984441027136694
csb_field,181825002163938,2022-06-19,PSScene-20220619_155236_54_2251,1.0,True,0.4994624592139317,2.140207645261797,0.3562030546332995
csb_field,181825002163906,2022-06-19,PSScene-20220619_155236_54_2251,1.0,True,0.33562520424411324,1.4036817187952288,0.24726554533487924
csb_field,181825002163917,2022-06-19,PSScene-20220619_155236_54_2251,1.0,True,0.7413973127989943,4.157955865412761,0.5188131643012007
csb_field,181825002163904,2022-06-19,PSScene-20220619_155236_54_2251,1.0,True,0.36613129457756166,1.517972823535527,0.26795855375036587
csb_field,181825002163937,2022-06-19,PSScene-20220619_155236_54_2251,1.0,True,0.24312482689984105,1.0616625319990443,0.19138825906597062
csb_field,181825002163924,2022-06-19,PSScene-20220619_155236_54_2251,1.0,True,0.24592584227057435,1.0749860610346262,0.19336528554952462
csb_field,181825002163922,2022-06-19,PSScene-20220619_155236_54_2251,1.0,True,0.7347644140582476,4.084216718456375,0.5209112613705653
csb_field,181825002163878,2022-06-19,PSScene-20220619_155236_54_2251,1.0,True,0.8671841508186922,6.354731803418251,0.6253280722455613
csb_field,181825002163866,2022-06-19,PSScene-20220619_155236_54_2251,1.0,True,0.8462171578443771,6.195687008984552,0.6194422399569106
csb_field,181825002163865,2022-06-19,PSScene-20220619_155236_54_2251,1.0,True,0.8559289281735445,6.214949121942644,0.6218468781976351
csb_field,181825002163854,2022-06-19,PSScene-20220619_155236_54_2251,1.0,True,0.666485222855441,3.623903303628535,0.4567971037877613
csb_field,181825002163846,2022-06-19,PSScene-20220619_155236_54_2251,1.0,True,0.34177548448016565,1.5908870603118004,0.27555901505132
csb_field,181825002163942,2022-06-19,PSScene-20220619_155236_54_2251,1.0,True,0.5304484613834605,2.6201307771314144,0.4062650382421503
csb_field,181825002163957,2022-06-19,PSScene-20220619_155236_54_2251,1.0,True,0.3602853667077823,1.893560063769595,0.26954787279145076
csb_field,181825002163897,2022-06-19,PSScene-20220619_155236_54_2251,1.0,True,0.6847167848625386,3.971972053993088,0.4852336719503634
csb_field,181825002163916,2022-06-19,PSScene-20220619_155236_54_2251,1.0,True,0.4217577245043007,1.983979898221696,0.31683493811821994
csb_field,181825002163879,2022-06-19,PSScene-20220619_155236_54_2251,1.0,True,0.8288724872439645,5.769654337652579,0.6023182573513319
csb_field,181825002163918,2022-06-19,PSScene-20220619_155236_54_2251,1.0,True,0.289260467901762,1.371914207135926,0.22101576494890407
csb_field,181825002163911,2022-06-19,PSScene-20220619_155236_54_2251,1.0,True,0.6598396527792737,3.5310446617975595,0.4596810968972242
csb_field,181825002163907,2022-06-19,PSScene-20220619_155236_54_2251,1.0,True,0.3765959807420435,1.7064105542048529,0.2740055872317504
csb_field,181825002163884,2022-06-19,PSScene-20220619_155236_54_2251,1.0,True,0.3646711364904795,1.5079944817155162,0.26132848388164975
csb_field,181825002163859,2022-06-19,PSScene-20220619_155236_54_2251,1.0,True,0.3783963810516014,1.628836180722659,0.26881931599672565
csb_field,181825002163855,2022-06-19,PSScene-20220619_155236_54_2251,1.0,True,0.7276732706892021,4.305825125212342,0.5056998177482721
csb_field,181825002163874,2022-06-19,PSScene-20220619_155236_54_2251,1.0,True,0.4053122651091259,1.6512280774741077,0.28361500508550336
csb_field,181825002163842,2022-06-19,PSScene-20220619_155236_54_2251,1.0,True,0.3270441172942636,1.254445955798076,0.23132491931547672
csb_field,181825002163872,2022-06-19,PSScene-20220619_155236_54_2251,1.0,True,0.23608817145737107,0.9466227284743288,0.18022338245534553
csb_field,181825002163860,2022-06-19,PSScene-20220619_155236_54_2251,1.0,True,0.25397495415063814,1.1974874689204749,0.1988082334801044
gt_field,IN_PENG2025_CCNT,2022-06-21,PSScene-20220621_160338_10_2484,1.0,True,0.3028973539636879,1.3158025614764322,0.1838628746662902
gt_field,IN_PENG2025_NT,2022-06-21,PSScene-20220621_160338_10_2484,1.0,True,0.2770227781057256,1.2505491849122845,0.16796256463315865
csb_field,181825002164142,2022-06-21,PSScene-20220621_160338_10_2484,1.0,True,0.22061037106935863,1.0602331281706505,0.1332220441186215
csb_field,181825002164143,2022-06-21,PSScene-20220621_160338_10_2484,1.0,True,0.24011380075594072,1.1717858710297375,0.14675958076320936
csb_field,181825002164131,2022-06-21,PSScene-20220621_160338_10_2484,1.0,True,0.3057559260559281,1.3517956023595812,0.18816833335866132
csb_field,181825002164136,2022-06-21,PSScene-20220621_160338_10_2484,1.0,True,0.2766249938322671,1.3795752233438747,0.16935797640494868
csb_field,181825002164109,2022-06-21,PSScene-20220621_160338_10_2484,1.0,True,0.2699469186962722,1.29824801055276,0.16550325259490825
csb_field,181825002164090,2022-06-21,PSScene-20220621_160338_10_2484,1.0,True,0.3873669074751332,1.90956330600672,0.23835207990149992
csb_field,181825002164096,2022-06-21,PSScene-20220621_160338_10_2484,1.0,True,0.4077195671272046,1.9715439211399153,0.25226547004267347
csb_field,181825002164060,2022-06-21,PSScene-20220621_160338_10_2484,1.0,True,0.833525341644814,6.797046759581075,0.5689037865460279
csb_field,181825002164039,2022-06-21,PSScene-20220621_160338_10_2484,1.0,True,0.2355858713581562,1.0071522238305648,0.14182447840219928
csb_field,181825002164033,2022-06-21,PSScene-20220621_160338_10_2484,1.0,True,0.3283661093828351,1.484812027038486,0.19954879079123736
csb_field,181825002164017,2022-06-21,PSScene-20220621_160338_10_2484,1.0,True,0.6702769979059542,3.644377376958305,0.41349943382633747
csb_field,181825002164151,2022-06-21,PSScene-20220621_160338_10_2484,1.0,True,0.5580542199744575,3.032743228044995,0.380629688810466
csb_field,181825002164153,2022-06-21,PSScene-20220621_160338_10_2484,1.0,True,0.30545961491274315,1.435433986521544,0.1865217072671257
csb_field,181825002164152,2022-06-21,PSScene-20220621_160338_10_2484,1.0,True,0.3743865881004312,1.909110281283392,0.22884206605941845
csb_field,181825002164141,2022-06-21,PSScene-20220621_160338_10_2484,1.0,True,0.2729238071803091,1.2702221086339889,0.16910039124187926
csb_field,181825002164144,2022-06-21,PSScene-20220621_160338_10_2484,1.0,True,0.2639354305970641,1.2295109599503726,0.1627819123938955
csb_field,181825002164119,2022-06-21,PSScene-20220621_160338_10_2484,1.0,True,0.34787353586066255,1.6580869315223756,0.2124159346825593
csb_field,181825002164140,2022-06-21,PSScene-20220621_160338_10_2484,1.0,True,0.30855001610252153,1.4679649726571768,0.1889677548592027
csb_field,181825002164064,2022-06-21,PSScene-20220621_160338_10_2484,1.0,True,0.26719634105575474,1.342256408121211,0.16180021756392893
csb_field,181825002164059,2022-06-21,PSScene-20220621_160338_10_2484,1.0,True,0.2932686625505408,1.3093376236146055,0.17495687265676177
csb_field,181825002164061,2022-06-21,PSScene-20220621_160338_10_2484,1.0,True,0.2722883427337781,1.3236086347335625,0.16795209080198928
csb_field,181825002164104,2022-06-21,PSScene-20220621_160338_10_2484,1.0,True,0.3416876129339186,1.6753341074935129,0.214293284655473
csb_field,181825002164087,2022-06-21,PSScene-20220621_160338_10_2484,1.0,True,0.3616874045437211,1.6532605287673772,0.22012043959410274
csb_field,181825002164078,2022-06-21,PSScene-20220621_160338_10_2484,1.0,True,0.2731837828117316,1.2804860251608077,0.16809585245226488
csb_field,181825002164073,2022-06-21,PSScene-20220621_160338_10_2484,1.0,True,0.2932801136135576,1.4054861315331384,0.18189538665907878
csb_field,181825002164072,2022-06-21,PSScene-20220621_160338_10_2484,1.0,True,0.3722213782520699,1.8458589971166044,0.2364312562666453
csb_field,181825002164058,2022-06-21,PSScene-20220621_160338_10_2484,1.0,True,0.27715419995203233,1.4616570759803795,0.1744886754915411
csb_field,181825002164040,2022-06-21,PSScene-20220621_160338_10_2484,1.0,True,0.2679902817693858,1.293257037464255,0.16618736438365492
csb_field,181825002163999,2022-06-21,PSScene-20220621_160338_10_2484,1.0,True,0.35332830941141113,1.7092612507237075,0.21873441123816462
csb_field,181825002164000,2022-06-21,PSScene-20220621_160338_10_2484,1.0,True,0.3103027775359332,1.5178130134993908,0.1929684208733408
csb_field,181825002163982,2022-06-21,PSScene-20220621_160338_10_2484,1.0,True,0.4685858733520982,2.1666990649493902,0.3059791165307018
csb_field,181825002163998,2022-06-21,PSScene-20220621_160338_10_2484,1.0,True,0.8702428579499748,7.345923972043407,0.6040686717085588
csb_field,181825002163972,2022-06-21,PSScene-20220621_160338_10_2484,1.0,True,0.4362659252407333,1.8510894941907925,0.24181946650797814
csb_field,181825002163954,2022-06-21,PSScene-20220621_160338_10_2484,1.0,True,0.5132228043922292,2.573812425784078,0.2907180748058081
csb_field,181825002163941,2022-06-21,PSScene-20220621_160338_10_2484,1.0,True,0.280298999347473,1.232741323948894,0.16766996777869225
csb_field,181825002163948,2022-06-21,PSScene-20220621_160338_10_2484,1.0,True,0.48371503431695634,2.239493680012007,0.2846406388903933
csb_field,181825002164031,2022-06-21,PSScene-20220621_160338_10_2484,1.0,True,0.31962924298365225,1.4095682879042801,0.19383399126465922
csb_field,181825002164028,2022-06-21,PSScene-20220621_160338_10_2484,1.0,True,0.29811328926722674,1.3914115479603262,0.18297186586944805
csb_field,181825002164004,2022-06-21,PSScene-20220621_160338_10_2484,1.0,True,0.33786289567003974,1.4931192073793025,0.2087095590536286
csb_field,181825002164005,2022-06-21,PSScene-20220621_160338_10_2484,1.0,True,0.32442121071970786,1.4881292999308484,0.1996819823525701
csb_field,181825002163930,2022-06-21,PSScene-20220621_160338_10_2484,1.0,True,0.5660492718494164,2.8649488073016545,0.35309218624004846
csb_field,181825002163963,2022-06-21,PSScene-20220621_160338_10_2484,1.0,True,0.30529072891856934,1.585062389769999,0.1952796114433072
csb_field,181825002163938,2022-06-21,PSScene-20220621_160338_10_2484,1.0,True,0.47732040161088385,2.032735102090558,0.2769921511486194
csb_field,181825002163906,2022-06-21,PSScene-20220621_160338_10_2484,1.0,True,0.32965830780795663,1.4039552584281836,0.19795373844053635
csb_field,181825002163917,2022-06-21,PSScene-20220621_160338_10_2484,1.0,True,0.7517891650008849,4.217611948454786,0.46916122121951137
csb_field,181825002163904,2022-06-21,PSScene-20220621_160338_10_2484,1.0,True,0.3622495695907259,1.5177244244768506,0.21430951530164705
csb_field,181825002163937,2022-06-21,PSScene-20220621_160338_10_2484,1.0,True,0.2464662187649402,1.104999706057073,0.1459055432714998
csb_field,181825002163924,2022-06-21,PSScene-20220621_160338_10_2484,1.0,True,0.24934694544229835,1.1179380548924995,0.1485823003045195
csb_field,181825002163922,2022-06-21,PSScene-20220621_160338_10_2484,1.0,True,0.7296941688464824,4.1786499285240835,0.47542042472093177
csb_field,181825002163878,2022-06-21,PSScene-20220621_160338_10_2484,1.0,True,0.8794727730479814,6.884639292341625,0.5888735735943056
csb_field,181825002163866,2022-06-21,PSScene-20220621_160338_10_2484,1.0,True,0.8420468072382995,6.529249732473726,0.576145114289799
csb_field,181825002163865,2022-06-21,PSScene-20220621_160338_10_2484,1.0,True,0.8568789899327369,6.683591926737502,0.5840958153661661
csb_field,181825002163854,2022-06-21,PSScene-20220621_160338_10_2484,1.0,True,0.6548443306747659,3.626569980595638,0.39878652932799946
csb_field,181825002163846,2022-06-21,PSScene-20220621_160338_10_2484,1.0,True,0.34202125560951174,1.5748234607103995,0.24117320362993674
csb_field,181825002163942,2022-06-21,PSScene-20220621_160338_10_2484,1.0,True,0.5407678914263917,2.71740819955261,0.36181395508950026
csb_field,181825002163957,2022-06-21,PSScene-20220621_160338_10_2484,1.0,True,0.3587827597186807,1.9145633167996285,0.2253434541397464
csb_field,181825002163897,2022-06-21,PSScene-20220621_160338_10_2484,1.0,True,0.6579381750073092,3.755657389711015,0.42085442023700537
csb_field,181825002163916,2022-06-21,PSScene-20220621_160338_10_2484,1.0,True,0.4182690590215641,1.9885666715222012,0.26870516200335015
csb_field,181825002163879,2022-06-21,PSScene-20220621_160338_10_2484,1.0,True,0.8255006815982244,5.93592423439282,0.5565448339220588
csb_field,181825002163918,2022-06-21,PSScene-20220621_160338_10_2484,1.0,True,0.28891334044264555,1.3935848170395855,0.17552741517321388
csb_field,181825002163911,2022-06-21,PSScene-20220621_160338_10_2484,1.0,True,0.6415171518616122,3.520964665329091,0.39432615200783433
csb_field,181825002163907,2022-06-21,PSScene-20220621_160338_10_2484,1.0,True,0.3745761808215203,1.722868228773938,0.2274339519134912
csb_field,181825002163884,2022-06-21,PSScene-20220621_160338_10_2484,1.0,True,0.34022597830917933,1.444625237430777,0.19703388776922226
csb_field,181825002163859,2022-06-21,PSScene-20220621_160338_10_2484,1.0,True,0.37850114175653465,1.6861728342451,0.2235470399822331
csb_field,181825002163855,2022-06-21,PSScene-20220621_160338_10_2484,1.0,True,0.7083943565966028,4.247290143014588,0.4449206519875442
csb_field,181825002163874,2022-06-21,PSScene-20220621_160338_10_2484,1.0,True,0.3778738876017973,1.5411891682812628,0.21195328640943564
csb_field,181825002163842,2022-06-21,PSScene-20220621_160338_10_2484,1.0,True,0.30572812421992973,1.217534353199059,0.17274187833829446
csb_field,181825002163872,2022-06-21,PSScene-20220621_160338_10_2484,1.0,True,0.24893789285685586,0.9955913828494527,0.14376201325001728
csb_field,181825002163860,2022-06-21,PSScene-20220621_160338_10_2484,1.0,True,0.24787040572060792,1.2052539745758695,0.149493364688943
gt_field,IN_PENG2025_CCNT,2022-06-22,PSScene-20220622_162129_47_2403,1.0,False,0.27969629580297034,1.266450409932984,0.254711135179891
gt_field,IN_PENG2025_NT,2022-06-22,PSScene-20220622_162129_47_2403,1.0,False,0.2518634854155773,1.205275906069976,0.2415179471536455
csb_field,181825002164142,2022-06-22,PSScene-20220622_162129_47_2403,1.0,False,0.17693706319066527,0.9909773834327715,0.19627913535997457
csb_field,181825002164143,2022-06-22,PSScene-20220622_162129_47_2403,1.0,False,0.1988447583169314,1.0939877751945126,0.2112812205882908
csb_field,181825002164131,2022-06-22,PSScene-20220622_162129_47_2403,1.0,False,0.25141948470408665,1.2204869087448065,0.2505805805911143
csb_field,181825002164136,2022-06-22,PSScene-20220622_162129_47_2403,1.0,False,0.20814018722151914,1.0887075928959116,0.22729816602878034
csb_field,181825002164109,2022-06-22,PSScene-20220622_162129_47_2403,1.0,False,0.23762042141109702,1.2505403321028512,0.23908974545591288
csb_field,181825002164090,2022-06-22,PSScene-20220622_162129_47_2403,1.0,False,0.4002284756217479,1.9602951972106273,0.3262352383179214
csb_field,181825002164096,2022-06-22,PSScene-20220622_162129_47_2403,1.0,False,0.4419686239000302,2.107670547984483,0.3517799285457283
csb_field,181825002164060,2022-06-22,PSScene-20220622_162129_47_2403,1.0,False,0.8768648447022965,6.209692731400085,0.6124010680001759
csb_field,181825002164039,2022-06-22,PSScene-20220622_162129_47_2403,1.0,False,0.16891882006884362,0.8919605501092441,0.20290723929279728
csb_field,181825002164033,2022-06-22,PSScene-20220622_162129_47_2403,1.0,False,0.27995226360877423,1.3730027125253956,0.2629437401752781
csb_field,181825002164017,2022-06-22,PSScene-20220622_162129_47_2403,1.0,False,0.6521991130174548,3.331240428254703,0.4626815636380971
csb_field,181825002164151,2022-06-22,PSScene-20220622_162129_47_2403,1.0,False,0.6496958595928477,3.2390079058817562,0.4622125289014014
csb_field,181825002164153,2022-06-22,PSScene-20220622_162129_47_2403,1.0,False,0.28526699434453573,1.3698460192128226,0.25546151273687123
csb_field,181825002164152,2022-06-22,PSScene-20220622_162129_47_2403,1.0,False,0.37092653141231,1.8393540431013968,0.2986591231585316
csb_field,181825002164141,2022-06-22,PSScene-20220622_162129_47_2403,1.0,False,0.2541297984703455,1.2050168706258053,0.23885218932305716
csb_field,181825002164144,2022-06-22,PSScene-20220622_162129_47_2403,1.0,False,0.2384906925961059,1.1927303603863058,0.23360823988818802
csb_field,181825002164119,2022-06-22,PSScene-20220622_162129_47_2403,1.0,False,0.3156146786364599,1.4473671277042695,0.2697326913164576
csb_field,181825002164140,2022-06-22,PSScene-20220622_162129_47_2403,1.0,False,0.2756020431185978,1.4069082947501734,0.25892650915994775
csb_field,181825002164064,2022-06-22,PSScene-20220622_162129_47_2403,1.0,False,0.22716018123159878,1.2866018557957597,0.23245748541485475
csb_field,181825002164059,2022-06-22,PSScene-20220622_162129_47_2403,1.0,False,0.23255603574098074,1.1765629878947403,0.23663975508387938
csb_field,181825002164061,2022-06-22,PSScene-20220622_162129_47_2403,1.0,False,0.23939152356484555,1.253172963197442,0.23617950221966122
csb_field,181825002164104,2022-06-22,PSScene-20220622_162129_47_2403,1.0,False,0.266203701406823,1.2797887003793287,0.2587011316905556
csb_field,181825002164087,2022-06-22,PSScene-20220622_162129_47_2403,1.0,False,0.28703846754698586,1.3693529433380014,0.2716777290343985
csb_field,181825002164078,2022-06-22,PSScene-20220622_162129_47_2403,1.0,False,0.22784406238316468,1.0897433730365207,0.23544604672586977
csb_field,181825002164073,2022-06-22,PSScene-20220622_162129_47_2403,1.0,False,0.264318008364265,1.334654680609764,0.25499598697370396
csb_field,181825002164072,2022-06-22,PSScene-20220622_162129_47_2403,1.0,False,0.31356832751738906,1.4158117529420724,0.28045108352877596
csb_field,181825002164058,2022-06-22,PSScene-20220622_162129_47_2403,1.0,False,0.21995977127426541,1.1777892724342969,0.23675322322003087
csb_field,181825002164040,2022-06-22,PSScene-20220622_162129_47_2403,1.0,False,0.21562018952442288,1.0305936716916326,0.22951224893909566
csb_field,181825002163999,2022-06-22,PSScene-20220622_162129_47_2403,1.0,False,0.21089391780411523,0.8826091464921085,0.22610812144867726
csb_field,181825002164000,2022-06-22,PSScene-20220622_162129_47_2403,1.0,False,0.2640511093036214,1.0870684204943637,0.2483693564897296
csb_field,181825002163982,2022-06-22,PSScene-20220622_162129_47_2403,1.0,False,0.4229409066570295,2.133804554157528,0.36725604085073077
csb_field,181825002163998,2022-06-22,PSScene-20220622_162129_47_2403,1.0,False,0.8816827721987679,6.396978484057847,0.6398780332208055
csb_field,181825002163972,2022-06-22,PSScene-20220622_162129_47_2403,1.0,False,0.37694514538111773,1.6091539681116598,0.29577659804696393
csb_field,181825002163954,2022-06-22,PSScene-20220622_162129_47_2403,1.0,False,0.47681484336200325,2.1692820373769788,0.33590620400695964
csb_field,181825002163941,2022-06-22,PSScene-20220622_162129_47_2403,1.0,False,0.2525102472906436,1.166594190145498,0.2412451031352835
csb_field,181825002163948,2022-06-22,PSScene-20220622_162129_47_2403,1.0,False,0.47874915006954755,2.1581365304941382,0.3434134688191037
csb_field,181825002164031,2022-06-22,PSScene-20220622_162129_47_2403,1.0,False,0.2818810932436205,1.2976606349186603,0.25886356628219076
csb_field,181825002164028,2022-06-22,PSScene-20220622_162129_47_2403,1.0,False,0.25937361222066224,1.2661811951234325,0.2508569050532503
csb_field,181825002164004,2022-06-22,PSScene-20220622_162129_47_2403,1.0,False,0.3355943238478322,1.4479429888022857,0.2800266740070414
csb_field,181825002164005,2022-06-22,PSScene-20220622_162129_47_2403,1.0,False,0.3128053603215358,1.4716529518629209,0.2723517638526569
csb_field,181825002163930,2022-06-22,PSScene-20220622_162129_47_2403,1.0,False,0.5545099674619139,2.686998840700901,0.4119776738038577
csb_field,181825002163963,2022-06-22,PSScene-20220622_162129_47_2403,1.0,False,0.24990782934332645,1.063828011544903,0.24880618762187823
csb_field,181825002163938,2022-06-22,PSScene-20220622_162129_47_2403,1.0,False,0.41594768786515884,1.8267958035306477,0.32919329089951194
csb_field,181825002163906,2022-06-22,PSScene-20220622_162129_47_2403,1.0,False,0.2983261492718852,1.331697772169869,0.27625384798844654
csb_field,181825002163917,2022-06-22,PSScene-20220622_162129_47_2403,1.0,False,0.5336741813921337,1.9427209002908208,0.40566294829606453
csb_field,181825002163904,2022-06-22,PSScene-20220622_162129_47_2403,1.0,False,0.31411690075711457,1.2955122649465296,0.2817481781819499
csb_field,181825002163937,2022-06-22,PSScene-20220622_162129_47_2403,1.0,False,0.22090432718694855,1.0785833709554526,0.22305699590037342
csb_field,181825002163924,2022-06-22,PSScene-20220622_162129_47_2403,1.0,False,0.23255813515121293,1.074471128567004,0.223809267760656
csb_field,181825002163922,2022-06-22,PSScene-20220622_162129_47_2403,1.0,False,0.7316834969037188,3.882901248322758,0.5279315792399345
csb_field,181825002163878,2022-06-22,PSScene-20220622_162129_47_2403,1.0,False,0.8331512942947493,4.700714040920026,0.5876461084746936
csb_field,181825002163866,2022-06-22,PSScene-20220622_162129_47_2403,1.0,False,0.6765877935965167,3.626987224125698,0.5520971342143999
csb_field,181825002163865,2022-06-22,PSScene-20220622_162129_47_2403,1.0,False,0.7416424998587858,4.314382444307857,0.5802282478668221
csb_field,181825002163854,2022-06-22,PSScene-20220622_162129_47_2403,1.0,False,0.6006334990287018,2.6687822723558137,0.4163929811368386
csb_field,181825002163846,2022-06-22,PSScene-20220622_162129_47_2403,1.0,False,0.30382721229778037,1.1591048544729672,0.2734210800890829
csb_field,181825002163942,2022-06-22,PSScene-20220622_162129_47_2403,1.0,False,0.36911488654381464,1.3396562054648344,0.31746673740062725
csb_field,181825002163957,2022-06-22,PSScene-20220622_162129_47_2403,1.0,False,0.29898720577199084,1.209256210737402,0.2634639169202101
csb_field,181825002163897,2022-06-22,PSScene-20220622_162129_47_2403,1.0,False,0.5079170073993042,1.952636841166333,0.37702477392093997
csb_field,181825002163916,2022-06-22,PSScene-20220622_162129_47_2403,1.0,False,0.3614044452330399,1.3217884697750613,0.29401568763197466
csb_field,181825002163879,2022-06-22,PSScene-20220622_162129_47_2403,1.0,False,0.7873406204285339,3.7624527501766485,0.5038391817415421
csb_field,181825002163918,2022-06-22,PSScene-20220622_162129_47_2403,1.0,False,0.2544081124486599,1.047170307667672,0.24555165594167733
csb_field,181825002163911,2022-06-22,PSScene-20220622_162129_47_2403,1.0,False,0.43796165412709465,1.5647543046713104,0.33616579024989157
csb_field,181825002163907,2022-06-22,PSScene-20220622_162129_47_2403,1.0,False,0.34391372866148456,1.3412168575557972,0.28720002433797176
csb_field,181825002163884,2022-06-22,PSScene-20220622_162129_47_2403,1.0,False,0.2954003248896381,1.1044573493880059,0.2661053223439774
csb_field,181825002163859,2022-06-22,PSScene-20220622_162129_47_2403,1.0,False,0.3485130251680905,1.3373179801406019,0.284305387960632
csb_field,181825002163855,2022-06-22,PSScene-20220622_162129_47_2403,1.0,False,0.55514996230484,2.268764756679789,0.4017011541524169
csb_field,181825002163874,2022-06-22,PSScene-20220622_162129_47_2403,1.0,False,0.25991984959734016,1.0470422674125544,0.24534696006673198
csb_field,181825002163842,2022-06-22,PSScene-20220622_162129_47_2403,1.0,False,0.28272766314037684,1.051135975072775,0.25202901035971276
csb_field,181825002163872,2022-06-22,PSScene-20220622_162129_47_2403,1.0,False,0.21746569853377373,0.9008848469353956,0.22934931633008387
csb_field,181825002163860,2022-06-22,PSScene-20220622_162129_47_2403,1.0,False,0.20025826941288707,0.9227843609248947,0.2213244728607032
gt_field,IN_PENG2025_CCNT,2022-06-22,PSScene-20220622_162131_76_2403,0.44278323216686355,True,0.3329566693766383,1.49479070601882,0.3126337103541842
gt_field,IN_PENG2025_NT,2022-06-22,PSScene-20220622_162131_76_2403,0.2951726127512261,True,0.3026807102085266,1.4304993483201096,0.3018904338586776
csb_field,181825002164142,2022-06-22,PSScene-20220622_162131_76_2403,1.0,True,0.2446298308843333,1.1989841497341045,0.26001625275815515
csb_field,181825002164143,2022-06-22,PSScene-20220622_162131_76_2403,1.0,True,0.26222580493452685,1.306354526500489,0.27147304071996353
csb_field,181825002164131,2022-06-22,PSScene-20220622_162131_76_2403,1.0,True,0.31275376314078207,1.4757671058240966,0.3128012330951741
csb_field,181825002164136,2022-06-22,PSScene-20220622_162131_76_2403,1.0,True,0.2556326726766184,1.220487438645533,0.2700715752530608
csb_field,181825002164109,2022-06-22,PSScene-20220622_162131_76_2403,1.0,True,0.28326319205184636,1.3795090922684519,0.28113225639207395
csb_field,181825002164090,2022-06-22,PSScene-20220622_162131_76_2403,1.0,True,0.42647194447622655,2.1062161118249803,0.35942637261950716
csb_field,181825002164096,2022-06-22,PSScene-20220622_162131_76_2403,1.0,True,0.45767065226474174,2.1909728350841453,0.37516231577523446
csb_field,181825002164060,2022-06-22,PSScene-20220622_162131_76_2403,1.0,True,0.8445412426317348,5.953368101432409,0.6047873825918817
csb_field,181825002164039,2022-06-22,PSScene-20220622_162131_76_2403,1.0,True,0.2103539114478437,0.9430014634102244,0.23453521310014444
csb_field,181825002164033,2022-06-22,PSScene-20220622_162131_76_2403,1.0,True,0.3156886514758059,1.4680820601526843,0.2965812445886698
csb_field,181825002164017,2022-06-22,PSScene-20220622_162131_76_2403,1.0,True,0.6389613851448112,3.256381423464867,0.46424525934187116
csb_field,181825002164151,2022-06-22,PSScene-20220622_162131_76_2403,1.0,True,0.6563934435725679,4.058798789216709,0.5248365579643429
csb_field,181825002164153,2022-06-22,PSScene-20220622_162131_76_2403,1.0,True,0.35584695654883275,1.7330562404690852,0.3322456069328698
csb_field,181825002164152,2022-06-22,PSScene-20220622_162131_76_2403,1.0,True,0.4246155613794202,2.2181838373929117,0.36585701468774284
csb_field,181825002164141,2022-06-22,PSScene-20220622_162131_76_2403,1.0,True,0.31086250052191555,1.416591824292612,0.29655104094568124
csb_field,181825002164144,2022-06-22,PSScene-20220622_162131_76_2403,1.0,True,0.3033756541748785,1.4495958996852658,0.2994940583027996
csb_field,181825002164119,2022-06-22,PSScene-20220622_162131_76_2403,1.0,True,0.35939665336108445,1.6662591413172987,0.3207305746892878
csb_field,181825002164140,2022-06-22,PSScene-20220622_162131_76_2403,1.0,True,0.3267383057276829,1.621054251368046,0.3117439584280954
csb_field,181825002164064,2022-06-22,PSScene-20220622_162131_76_2403,1.0,True,0.27461811866223435,1.4246990427977007,0.2758758805878271
csb_field,181825002164059,2022-06-22,PSScene-20220622_162131_76_2403,1.0,True,0.2726457067558654,1.266620069815428,0.2725539883921481
csb_field,181825002164061,2022-06-22,PSScene-20220622_162131_76_2403,0.9744551669669521,True,0.3021029924419735,1.5092342439483764,0.30026607945712724
csb_field,181825002164104,2022-06-22,PSScene-20220622_162131_76_2403,1.0,True,0.30314128716009875,1.3791544068256154,0.2962338486038239
csb_field,181825002164087,2022-06-22,PSScene-20220622_162131_76_2403,1.0,True,0.33915544066313635,1.5837584947096846,0.32545563291403434
csb_field,181825002164078,2022-06-22,PSScene-20220622_162131_76_2403,1.0,True,0.2750136240468468,1.2066020438042004,0.2794402845998026
csb_field,181825002164073,2022-06-22,PSScene-20220622_162131_76_2403,1.0,True,0.3103433309063241,1.4898873177134995,0.3000245152145207
csb_field,181825002164072,2022-06-22,PSScene-20220622_162131_76_2403,1.0,True,0.3633092626072052,1.651498506933155,0.33674087802128577
csb_field,181825002164058,2022-06-22,PSScene-20220622_162131_76_2403,1.0,True,0.26192785402645435,1.281916201061773,0.27595900093146836
csb_field,181825002164040,2022-06-22,PSScene-20220622_162131_76_2403,0.3973392340053543,True,0.29606979261812666,1.3573554974081168,0.29655067607647906
csb_field,181825002163999,2022-06-22,PSScene-20220622_162131_76_2403,0.0,True,,,
csb_field,181825002164000,2022-06-22,PSScene-20220622_162131_76_2403,0.0,True,,,
csb_field,181825002163982,2022-06-22,PSScene-20220622_162131_76_2403,1.0,True,0.4401168655280747,2.1796608737794068,0.3801480743711969
csb_field,181825002163998,2022-06-22,PSScene-20220622_162131_76_2403,0.8855282503675699,True,0.8558890952474927,6.478016872318872,0.6426710472435719
csb_field,181825002163972,2022-06-22,PSScene-20220622_162131_76_2403,0.01970865467009426,True,0.3332084886202049,1.496738525959713,0.29758166274305514
csb_field,181825002163954,2022-06-22,PSScene-20220622_162131_76_2403,0.0,True,,,
csb_field,181825002163941,2022-06-22,PSScene-20220622_162131_76_2403,0.0,True,,,
csb_field,181825002163948,2022-06-22,PSScene-20220622_162131_76_2403,0.0,True,,,
csb_field,181825002164031,2022-06-22,PSScene-20220622_162131_76_2403,0.9663163820604241,True,0.33098888185042413,1.4931808382259428,0.3116865995035412
csb_field,181825002164028,2022-06-22,PSScene-20220622_162131_76_2403,0.23898750821827744,True,0.298213452923494,1.410262651392809,0.29946088605003685
csb_field,181825002164004,2022-06-22,PSScene-20220622_162131_76_2403,0.017312758750470454,True,0.5013695887195834,2.239468878248341,0.4081886794060051
csb_field,181825002164005,2022-06-22,PSScene-20220622_162131_76_2403,0.00026954177897574127,True,0.3421315142112882,1.479023745757998,0.34243975281879485
csb_field,181825002163930,2022-06-22,PSScene-20220622_162131_76_2403,0.0,True,,,
csb_field,181825002163963,2022-06-22,PSScene-20220622_162131_76_2403,0.0,True,,,
csb_field,181825002163938,2022-06-22,PSScene-20220622_162131_76_2403,0.0,True,,,
csb_field,181825002163906,2022-06-22,PSScene-20220622_162131_76_2403,0.0,True,,,
csb_field,181825002163917,2022-06-22,PSScene-20220622_162131_76_2403,0.0,True,,,
csb_field,181825002163904,2022-06-22,PSScene-20220622_162131_76_2403,0.0,True,,,
csb_field,181825002163937,2022-06-22,PSScene-20220622_162131_76_2403,0.0,True,,,
csb_field,181825002163924,2022-06-22,PSScene-20220622_162131_76_2403,0.0,True,,,
csb_field,181825002163922,2022-06-22,PSScene-20220622_162131_76_2403,0.0,True,,,
csb_field,181825002163878,2022-06-22,PSScene-20220622_162131_76_2403,0.0,True,,,
csb_field,181825002163866,2022-06-22,PSScene-20220622_162131_76_2403,0.0,True,,,
csb_field,181825002163865,2022-06-22,PSScene-20220622_162131_76_2403,0.0,True,,,
csb_field,181825002163854,2022-06-22,PSScene-20220622_162131_76_2403,0.0,True,,,
csb_field,181825002163846,2022-06-22,PSScene-20220622_162131_76_2403,0.0,True,,,
csb_field,181825002163942,2022-06-22,PSScene-20220622_162131_76_2403,0.0,True,,,
csb_field,181825002163957,2022-06-22,PSScene-20220622_162131_76_2403,0.0,True,,,
csb_field,181825002163897,2022-06-22,PSScene-20220622_162131_76_2403,0.0,True,,,
csb_field,181825002163916,2022-06-22,PSScene-20220622_162131_76_2403,0.0,True,,,
csb_field,181825002163879,2022-06-22,PSScene-20220622_162131_76_2403,0.0,True,,,
csb_field,181825002163918,2022-06-22,PSScene-20220622_162131_76_2403,0.0,True,,,
csb_field,181825002163911,2022-06-22,PSScene-20220622_162131_76_2403,0.0,True,,,
csb_field,181825002163907,2022-06-22,PSScene-20220622_162131_76_2403,0.0,True,,,
csb_field,181825002163884,2022-06-22,PSScene-20220622_162131_76_2403,0.0,True,,,
csb_field,181825002163859,2022-06-22,PSScene-20220622_162131_76_2403,0.0,True,,,
csb_field,181825002163855,2022-06-22,PSScene-20220622_162131_76_2403,0.0,True,,,
csb_field,181825002163874,2022-06-22,PSScene-20220622_162131_76_2403,0.0,True,,,
csb_field,181825002163842,2022-06-22,PSScene-20220622_162131_76_2403,0.0,True,,,
csb_field,181825002163872,2022-06-22,PSScene-20220622_162131_76_2403,0.0,True,,,
csb_field,181825002163860,2022-06-22,PSScene-20220622_162131_76_2403,0.0,True,,,
gt_field,IN_PENG2025_CCNT,2022-06-23,PSScene-20220623_162316_64_2402,1.0,False,0.3066458545445221,1.2958225620037214,0.2220887907498013
gt_field,IN_PENG2025_NT,2022-06-23,PSScene-20220623_162316_64_2402,1.0,False,0.28679532502486005,1.2565685854082853,0.2100064483717412
csb_field,181825002164142,2022-06-23,PSScene-20220623_162316_64_2402,1.0,False,0.2228100897746417,1.0456853413337734,0.1626220360584769
csb_field,181825002164143,2022-06-23,PSScene-20220623_162316_64_2402,1.0,False,0.24287534199289748,1.1554134266768876,0.17822946059821632
csb_field,181825002164131,2022-06-23,PSScene-20220623_162316_64_2402,1.0,False,0.3155058720512682,1.365333268694482,0.23008735638128097
csb_field,181825002164136,2022-06-23,PSScene-20220623_162316_64_2402,1.0,False,0.2792636684641364,1.3459515260649582,0.2017459850962644
csb_field,181825002164109,2022-06-23,PSScene-20220623_162316_64_2402,1.0,False,0.2804837897253579,1.3151540347124053,0.20386956428317382
csb_field,181825002164090,2022-06-23,PSScene-20220623_162316_64_2402,1.0,False,0.41266413492396703,1.971185412431628,0.2950166617689046
csb_field,181825002164096,2022-06-23,PSScene-20220623_162316_64_2402,1.0,False,0.460781252541549,2.197193622002333,0.3278641230055304
csb_field,181825002164060,2022-06-23,PSScene-20220623_162316_64_2402,1.0,False,0.8202905198403224,6.4607962378816834,0.5994342750230335
csb_field,181825002164039,2022-06-23,PSScene-20220623_162316_64_2402,1.0,False,0.25262779844434635,1.0191939906070107,0.18016703630748548
csb_field,181825002164033,2022-06-23,PSScene-20220623_162316_64_2402,1.0,False,0.32484471352977884,1.4381970868066505,0.23122124498089155
csb_field,181825002164017,2022-06-23,PSScene-20220623_162316_64_2402,1.0,False,0.6402701358143374,3.4134239395745367,0.4330049609537605
csb_field,181825002164151,2022-06-23,PSScene-20220623_162316_64_2402,1.0,False,0.5810968667865718,3.1771056475734856,0.4420642937735894
csb_field,181825002164153,2022-06-23,PSScene-20220623_162316_64_2402,1.0,False,0.3080674657740356,1.4234696430190275,0.22780588981337627
csb_field,181825002164152,2022-06-23,PSScene-20220623_162316_64_2402,1.0,False,0.37991190077773107,1.8869395310328108,0.27358643663904486
csb_field,181825002164141,2022-06-23,PSScene-20220623_162316_64_2402,1.0,False,0.2793277704755279,1.2668160776157662,0.20394305775493127
csb_field,181825002164144,2022-06-23,PSScene-20220623_162316_64_2402,1.0,False,0.26640081950348976,1.2059638362804297,0.19448746786509497
csb_field,181825002164119,2022-06-23,PSScene-20220623_162316_64_2402,1.0,False,0.3461724511554996,1.6318041689094456,0.24403645568444562
csb_field,181825002164140,2022-06-23,PSScene-20220623_162316_64_2402,1.0,False,0.3226752803207231,1.4947990599138274,0.23463104753585268
csb_field,181825002164064,2022-06-23,PSScene-20220623_162316_64_2402,1.0,False,0.2773251852321869,1.34801233154223,0.20068712315282408
csb_field,181825002164059,2022-06-23,PSScene-20220623_162316_64_2402,1.0,False,0.3004312061025056,1.3081334362827126,0.21389404812676263
csb_field,181825002164061,2022-06-23,PSScene-20220623_162316_64_2402,1.0,False,0.28069652847150006,1.3192872807060263,0.20513613682163842
csb_field,181825002164104,2022-06-23,PSScene-20220623_162316_64_2402,1.0,False,0.34504281663189246,1.6423328057691249,0.24733377090829609
csb_field,181825002164087,2022-06-23,PSScene-20220623_162316_64_2402,1.0,False,0.36825808277806865,1.6602265279159316,0.2636997685445513
csb_field,181825002164078,2022-06-23,PSScene-20220623_162316_64_2402,1.0,False,0.30402995062432264,1.3866523140169718,0.22491334923749487
csb_field,181825002164073,2022-06-23,PSScene-20220623_162316_64_2402,1.0,False,0.307996970198706,1.44193723711472,0.22553529653132928
csb_field,181825002164072,2022-06-23,PSScene-20220623_162316_64_2402,1.0,False,0.38723272224676314,1.8821232687742455,0.28857675604158983
csb_field,181825002164058,2022-06-23,PSScene-20220623_162316_64_2402,1.0,False,0.2930074318669977,1.5086697242034517,0.21583564273452555
csb_field,181825002164040,2022-06-23,PSScene-20220623_162316_64_2402,1.0,False,0.27987569227952264,1.3076657825810318,0.20421607910590256
csb_field,181825002163999,2022-06-23,PSScene-20220623_162316_64_2402,1.0,False,0.350315589582348,1.6635746386405974,0.25396115176462747
csb_field,181825002164000,2022-06-23,PSScene-20220623_162316_64_2402,1.0,False,0.31695684279082587,1.5234050484411146,0.23119386140829343
csb_field,181825002163982,2022-06-23,PSScene-20220623_162316_64_2402,1.0,False,0.45245959170877115,2.1277638396171676,0.3322110602708712
csb_field,181825002163998,2022-06-23,PSScene-20220623_162316_64_2402,1.0,False,0.8512558565999099,6.979006505668527,0.6306755038475544
csb_field,181825002163972,2022-06-23,PSScene-20220623_162316_64_2402,1.0,False,0.40468358521085573,1.7098007134729303,0.2557638419318015
csb_field,181825002163954,2022-06-23,PSScene-20220623_162316_64_2402,1.0,False,0.4762778727109461,2.3987554247073755,0.31332649109350175
csb_field,181825002163941,2022-06-23,PSScene-20220623_162316_64_2402,1.0,False,0.28022081959482303,1.2047683504377547,0.19942607626079256
csb_field,181825002163948,2022-06-23,PSScene-20220623_162316_64_2402,1.0,False,0.45894538953950115,2.1426348890209863,0.3111834491784363
csb_field,181825002164031,2022-06-23,PSScene-20220623_162316_64_2402,1.0,False,0.3211008297119742,1.3767858638081594,0.23103928523196537
csb_field,181825002164028,2022-06-23,PSScene-20220623_162316_64_2402,1.0,False,0.30613160116584537,1.3883227755626042,0.22402711022941593
csb_field,181825002164004,2022-06-23,PSScene-20220623_162316_64_2402,1.0,False,0.3302746059854631,1.4048711051158453,0.23901031575998866
csb_field,181825002164005,2022-06-23,PSScene-20220623_162316_64_2402,1.0,False,0.3250754359731349,1.4418829807695352,0.23585743642238916
csb_field,181825002163930,2022-06-23,PSScene-20220623_162316_64_2402,1.0,False,0.5642188041718728,2.7839624496228104,0.3860336276916189
csb_field,181825002163963,2022-06-23,PSScene-20220623_162316_64_2402,1.0,False,0.31051745327861113,1.5593233739296608,0.2315276369916998
csb_field,181825002163938,2022-06-23,PSScene-20220623_162316_64_2402,1.0,False,0.4500338629309543,1.9618655364707585,0.3022917305553391
csb_field,181825002163906,2022-06-23,PSScene-20220623_162316_64_2402,1.0,False,0.3355713222662608,1.3995734983444215,0.23597274592717488
csb_field,181825002163917,2022-06-23,PSScene-20220623_162316_64_2402,1.0,False,0.7406985363412848,4.073823463944566,0.5014342647610288
csb_field,181825002163904,2022-06-23,PSScene-20220623_162316_64_2402,1.0,False,0.3923762529047173,1.6834358043328448,0.2838176207456868
csb_field,181825002163937,2022-06-23,PSScene-20220623_162316_64_2402,1.0,False,0.25147234944904806,1.096213681855242,0.1794330227887361
csb_field,181825002163924,2022-06-23,PSScene-20220623_162316_64_2402,1.0,False,0.24758096695841816,1.0797463491361179,0.1738766097677787
csb_field,181825002163922,2022-06-23,PSScene-20220623_162316_64_2402,1.0,False,0.7433367489910812,4.573219623154015,0.5393402006128709
csb_field,181825002163878,2022-06-23,PSScene-20220623_162316_64_2402,1.0,False,0.8512622546012074,6.450310545745,0.6081551803864731
csb_field,181825002163866,2022-06-23,PSScene-20220623_162316_64_2402,1.0,False,0.8202074755943657,6.02002532187233,0.5926815650013627
csb_field,181825002163865,2022-06-23,PSScene-20220623_162316_64_2402,1.0,False,0.8412371499908903,6.522121196065342,0.6174890578391689
csb_field,181825002163854,2022-06-23,PSScene-20220623_162316_64_2402,1.0,False,0.6346905836214621,3.52062644859155,0.4295510829736789
csb_field,181825002163846,2022-06-23,PSScene-20220623_162316_64_2402,1.0,False,0.3286522431116478,1.3291736163345038,0.251583613893565
csb_field,181825002163942,2022-06-23,PSScene-20220623_162316_64_2402,1.0,False,0.5565357489701385,2.847419051252018,0.41871903456953435
csb_field,181825002163957,2022-06-23,PSScene-20220623_162316_64_2402,1.0,False,0.36106710772496026,1.882538114875336,0.2583826016087232
csb_field,181825002163897,2022-06-23,PSScene-20220623_162316_64_2402,1.0,False,0.6274200381708219,3.433876858114638,0.43182581556196703
csb_field,181825002163916,2022-06-23,PSScene-20220623_162316_64_2402,1.0,False,0.42780614438732734,2.0289791059500124,0.31513743276534106
csb_field,181825002163879,2022-06-23,PSScene-20220623_162316_64_2402,1.0,False,0.814640065208005,5.822280422707457,0.5876774219081052
csb_field,181825002163918,2022-06-23,PSScene-20220623_162316_64_2402,1.0,False,0.28795735912604464,1.3541947048847323,0.20842553754164664
csb_field,181825002163911,2022-06-23,PSScene-20220623_162316_64_2402,1.0,False,0.610537680751043,3.4145147134027334,0.4203435994861869
csb_field,181825002163907,2022-06-23,PSScene-20220623_162316_64_2402,1.0,False,0.37961264886445556,1.7088733119168946,0.26846839467143746
csb_field,181825002163884,2022-06-23,PSScene-20220623_162316_64_2402,1.0,False,0.31814186485100043,1.330650139415233,0.21375935391123344
csb_field,181825002163859,2022-06-23,PSScene-20220623_162316_64_2402,1.0,False,0.4144970188054906,1.945076636911785,0.30279531296857226
csb_field,181825002163855,2022-06-23,PSScene-20220623_162316_64_2402,1.0,False,0.6470304991561265,3.5246750827136193,0.4257823821328568
csb_field,181825002163874,2022-06-23,PSScene-20220623_162316_64_2402,1.0,False,0.3376960577280146,1.3577117792522635,0.21509882598968166
csb_field,181825002163842,2022-06-23,PSScene-20220623_162316_64_2402,1.0,False,0.28333721806605655,1.142814905905142,0.18897504276194707
csb_field,181825002163872,2022-06-23,PSScene-20220623_162316_64_2402,1.0,False,0.26725713634268666,1.0543580980567666,0.19252225959842856
csb_field,181825002163860,2022-06-23,PSScene-20220623_162316_64_2402,1.0,False,0.24620580980936235,1.1571756581100074,0.177538170799339
gt_field,IN_PENG2025_CCNT,2022-06-24,PSScene-20220624_153114_46_2428,1.0,False,0.33134176290928335,1.4411880575469804,0.23917876476097258
gt_field,IN_PENG2025_NT,2022-06-24,PSScene-20220624_153114_46_2428,1.0,False,0.3222524489007703,1.4449033435806309,0.23469318929819297
csb_field,181825002164142,2022-06-24,PSScene-20220624_153114_46_2428,1.0,False,0.23517637807490205,1.0936856150491516,0.17002608387204432
csb_field,181825002164143,2022-06-24,PSScene-20220624_153114_46_2428,1.0,False,0.2579347998136035,1.2252623680787864,0.1888386810128338
csb_field,181825002164131,2022-06-24,PSScene-20220624_153114_46_2428,1.0,False,0.3462245463596161,1.505300089323885,0.2567691427417197
csb_field,181825002164136,2022-06-24,PSScene-20220624_153114_46_2428,1.0,False,0.2965721970580709,1.4607979376598785,0.21647944658781912
csb_field,181825002164109,2022-06-24,PSScene-20220624_153114_46_2428,1.0,False,0.29744406003031987,1.400529902731228,0.21655952011160984
csb_field,181825002164090,2022-06-24,PSScene-20220624_153114_46_2428,1.0,False,0.45570534172376204,2.2318863266490285,0.32599718446018167
csb_field,181825002164096,2022-06-24,PSScene-20220624_153114_46_2428,1.0,False,0.5210680558332356,2.580749560127937,0.37120909821348363
csb_field,181825002164060,2022-06-24,PSScene-20220624_153114_46_2428,1.0,False,0.8437516296886258,6.923437287159593,0.6283022947842396
csb_field,181825002164039,2022-06-24,PSScene-20220624_153114_46_2428,1.0,False,0.27799493772418876,1.1153998763937698,0.1977483417642744
csb_field,181825002164033,2022-06-24,PSScene-20220624_153114_46_2428,1.0,False,0.33735738296268714,1.5253393106438495,0.24430184464694726
csb_field,181825002164017,2022-06-24,PSScene-20220624_153114_46_2428,1.0,False,0.656130158215118,3.6091644266526477,0.45323892934716864
csb_field,181825002164151,2022-06-24,PSScene-20220624_153114_46_2428,1.0,False,0.6298830659804616,3.5936543269223535,0.48595237483963577
csb_field,181825002164153,2022-06-24,PSScene-20220624_153114_46_2428,1.0,False,0.3320713042034642,1.54299774640043,0.24013843083782258
csb_field,181825002164152,2022-06-24,PSScene-20220624_153114_46_2428,1.0,False,0.4087492801996063,2.0351828991307856,0.29156322090637204
csb_field,181825002164141,2022-06-24,PSScene-20220624_153114_46_2428,1.0,False,0.2940111768131699,1.3390060453839268,0.21525529712717761
csb_field,181825002164144,2022-06-24,PSScene-20220624_153114_46_2428,1.0,False,0.2861092869730014,1.3097278148409528,0.20877111003312393
csb_field,181825002164119,2022-06-24,PSScene-20220624_153114_46_2428,1.0,False,0.36203999477151544,1.731909287137796,0.257100655725508
csb_field,181825002164140,2022-06-24,PSScene-20220624_153114_46_2428,1.0,False,0.3495792806914187,1.6475469705263384,0.25486140047786343
csb_field,181825002164064,2022-06-24,PSScene-20220624_153114_46_2428,1.0,False,0.300333611446524,1.4667553372155018,0.21443593147335943
csb_field,181825002164059,2022-06-24,PSScene-20220624_153114_46_2428,1.0,False,0.31837749689148737,1.4075943999761065,0.23028979600425845
csb_field,181825002164061,2022-06-24,PSScene-20220624_153114_46_2428,1.0,False,0.29766448896938125,1.4078334618742199,0.2168121525999994
csb_field,181825002164104,2022-06-24,PSScene-20220624_153114_46_2428,1.0,False,0.3674252253007747,1.8168285136157178,0.26561704026219746
csb_field,181825002164087,2022-06-24,PSScene-20220624_153114_46_2428,1.0,False,0.3990175796808173,1.8347690426086118,0.28949489074140666
csb_field,181825002164078,2022-06-24,PSScene-20220624_153114_46_2428,1.0,False,0.3141716190893662,1.4415779977009213,0.2273527252042822
csb_field,181825002164073,2022-06-24,PSScene-20220624_153114_46_2428,1.0,False,0.3271602146404714,1.5374394404485825,0.2390110850355947
csb_field,181825002164072,2022-06-24,PSScene-20220624_153114_46_2428,1.0,False,0.41580060706236766,2.082094628167695,0.30935661533801034
csb_field,181825002164058,2022-06-24,PSScene-20220624_153114_46_2428,1.0,False,0.30359504760475875,1.5872272900607365,0.22517653307574004
csb_field,181825002164040,2022-06-24,PSScene-20220624_153114_46_2428,1.0,False,0.29782602317814016,1.3899564469035828,0.21813198280570248
csb_field,181825002163999,2022-06-24,PSScene-20220624_153114_46_2428,1.0,False,0.3779151340169174,1.8413542336303519,0.2743161148416493
csb_field,181825002164000,2022-06-24,PSScene-20220624_153114_46_2428,1.0,False,0.3423835561890836,1.6542283987077178,0.2510230583525501
csb_field,181825002163982,2022-06-24,PSScene-20220624_153114_46_2428,1.0,False,0.45828708802184015,2.2303556154852044,0.33575587995248296
csb_field,181825002163998,2022-06-24,PSScene-20220624_153114_46_2428,1.0,False,0.8698654919205481,7.450514425326986,0.6576061428557222
csb_field,181825002163972,2022-06-24,PSScene-20220624_153114_46_2428,1.0,False,0.40924927211768014,1.731100373525546,0.2616135708496115
csb_field,181825002163954,2022-06-24,PSScene-20220624_153114_46_2428,1.0,False,0.49254655888194343,2.5432219638012636,0.3224069328788734
csb_field,181825002163941,2022-06-24,PSScene-20220624_153114_46_2428,1.0,False,0.29245059223173064,1.2576105200245984,0.2095545073573416
csb_field,181825002163948,2022-06-24,PSScene-20220624_153114_46_2428,1.0,False,0.47673047045593636,2.3140279810967286,0.3300701015584472
csb_field,181825002164031,2022-06-24,PSScene-20220624_153114_46_2428,1.0,False,0.3462304103693812,1.5406149613474744,0.24921882301177511
csb_field,181825002164028,2022-06-24,PSScene-20220624_153114_46_2428,1.0,False,0.3394788028898892,1.5715742869587968,0.24704806808563518
csb_field,181825002164004,2022-06-24,PSScene-20220624_153114_46_2428,1.0,False,0.35551729707463053,1.5589507480380138,0.25764365460040833
csb_field,181825002164005,2022-06-24,PSScene-20220624_153114_46_2428,1.0,False,0.3457310418662785,1.5878556437248168,0.2514653289293986
csb_field,181825002163930,2022-06-24,PSScene-20220624_153114_46_2428,1.0,False,0.5903878793325446,3.2561158209765724,0.4221390331112737
csb_field,181825002163963,2022-06-24,PSScene-20220624_153114_46_2428,1.0,False,0.32276309372181405,1.6536415093715962,0.2397783740440492
csb_field,181825002163938,2022-06-24,PSScene-20220624_153114_46_2428,1.0,False,0.46015500528105785,2.1108136503270307,0.3165151610582797
csb_field,181825002163906,2022-06-24,PSScene-20220624_153114_46_2428,1.0,False,0.3588624875307083,1.5434914111455282,0.2575018893877665
csb_field,181825002163917,2022-06-24,PSScene-20220624_153114_46_2428,1.0,False,0.7805276304344475,4.680894360675678,0.5448864554955964
csb_field,181825002163904,2022-06-24,PSScene-20220624_153114_46_2428,1.0,False,0.3757730974297798,1.60461624170723,0.26489314999751484
csb_field,181825002163937,2022-06-24,PSScene-20220624_153114_46_2428,1.0,False,0.2571032250619431,1.1278192700143932,0.18342644336361455
csb_field,181825002163924,2022-06-24,PSScene-20220624_153114_46_2428,1.0,False,0.2606991146401095,1.1335169505384344,0.18844081571461463
csb_field,181825002163922,2022-06-24,PSScene-20220624_153114_46_2428,1.0,False,0.7615082877145397,4.754984821003975,0.55449361576022
csb_field,181825002163878,2022-06-24,PSScene-20220624_153114_46_2428,1.0,False,0.8734904803528226,6.9973032183486,0.6432501977054073
csb_field,181825002163866,2022-06-24,PSScene-20220624_153114_46_2428,1.0,False,0.8480199594522553,6.834308204281347,0.6366611527037513
csb_field,181825002163865,2022-06-24,PSScene-20220624_153114_46_2428,1.0,False,0.8620996725987682,7.019448945688647,0.6447712886472081
csb_field,181825002163854,2022-06-24,PSScene-20220624_153114_46_2428,1.0,False,0.6546954305221637,3.690927017728488,0.45190840071688093
csb_field,181825002163846,2022-06-24,PSScene-20220624_153114_46_2428,1.0,False,0.35204383175747067,1.6311507295159733,0.27549457798401517
csb_field,181825002163942,2022-06-24,PSScene-20220624_153114_46_2428,1.0,False,0.6014697544304676,3.17174564372635,0.4548886593130008
csb_field,181825002163957,2022-06-24,PSScene-20220624_153114_46_2428,1.0,False,0.37631030206903865,1.970758580353233,0.27141281681691476
csb_field,181825002163897,2022-06-24,PSScene-20220624_153114_46_2428,1.0,False,0.6359223722016756,3.5410277103299097,0.4447548897143645
csb_field,181825002163916,2022-06-24,PSScene-20220624_153114_46_2428,1.0,False,0.46616818609257205,2.263456817819536,0.3465177112317434
csb_field,181825002163879,2022-06-24,PSScene-20220624_153114_46_2428,1.0,False,0.8364256230573033,6.170512579852105,0.6165133803880134
csb_field,181825002163918,2022-06-24,PSScene-20220624_153114_46_2428,1.0,False,0.3009305949219399,1.4537395001285607,0.21732484491679954
csb_field,181825002163911,2022-06-24,PSScene-20220624_153114_46_2428,1.0,False,0.6285820426757405,3.684899731482075,0.4410895773201472
csb_field,181825002163907,2022-06-24,PSScene-20220624_153114_46_2428,1.0,False,0.39914499163072714,1.8338788296497452,0.2803879073612501
csb_field,181825002163884,2022-06-24,PSScene-20220624_153114_46_2428,1.0,False,0.35264546228969895,1.5508818340052513,0.24737581133427466
csb_field,181825002163859,2022-06-24,PSScene-20220624_153114_46_2428,1.0,False,0.39850909220820196,1.800383750404305,0.2787679038767085
csb_field,181825002163855,2022-06-24,PSScene-20220624_153114_46_2428,1.0,False,0.684799755756859,4.101802037156217,0.4733966767432539
csb_field,181825002163874,2022-06-24,PSScene-20220624_153114_46_2428,1.0,False,0.33917128766096916,1.3926299464076315,0.219421492478855
csb_field,181825002163842,2022-06-24,PSScene-20220624_153114_46_2428,1.0,False,0.3095502307017644,1.2555907045195742,0.2120172252227378
csb_field,181825002163872,2022-06-24,PSScene-20220624_153114_46_2428,1.0,False,0.27605307769108484,1.0748049026324755,0.19583346296996226
csb_field,181825002163860,2022-06-24,PSScene-20220624_153114_46_2428,1.0,False,0.25226467603335456,1.214173930453445,0.18540288535337973
gt_field,IN_PENG2025_CCNT,2022-06-28,PSScene-20220628_153159_88_241f,1.0,True,0.3843639022481203,1.6254406879550165,0.3058413791209119
gt_field,IN_PENG2025_NT,2022-06-28,PSScene-20220628_153159_88_241f,1.0,True,0.3768487758048364,1.6058636713046686,0.30163553140440297
csb_field,181825002164142,2022-06-28,PSScene-20220628_153159_88_241f,1.0,True,0.2658637078737465,1.1887226436046499,0.22323151973221483
csb_field,181825002164143,2022-06-28,PSScene-20220628_153159_88_241f,1.0,True,0.2950166570370831,1.3443250158607165,0.24379496943963752
csb_field,181825002164131,2022-06-28,PSScene-20220628_153159_88_241f,1.0,True,0.4146448782349777,1.78304342566172,0.33140853232540507
csb_field,181825002164136,2022-06-28,PSScene-20220628_153159_88_241f,1.0,True,0.33604700030145374,1.5655276569819534,0.2678743226394235
csb_field,181825002164109,2022-06-28,PSScene-20220628_153159_88_241f,1.0,True,0.3505874303077918,1.581014119115833,0.280214576081782
csb_field,181825002164090,2022-06-28,PSScene-20220628_153159_88_241f,1.0,True,0.5462454514536168,2.734207907139239,0.4128093673464508
csb_field,181825002164096,2022-06-28,PSScene-20220628_153159_88_241f,1.0,True,0.6260682719277697,3.361729522838611,0.4688835540851481
csb_field,181825002164060,2022-06-28,PSScene-20220628_153159_88_241f,1.0,True,0.7907242093728287,5.275169456600703,0.574476921022239
csb_field,181825002164039,2022-06-28,PSScene-20220628_153159_88_241f,1.0,True,0.3160656108861199,1.2122514057770641,0.25582740767832207
csb_field,181825002164033,2022-06-28,PSScene-20220628_153159_88_241f,1.0,True,0.37005015858461726,1.6031902587982332,0.29302603363293095
csb_field,181825002164017,2022-06-28,PSScene-20220628_153159_88_241f,1.0,True,0.6431029798036764,3.493150827078673,0.46582720326005084
csb_field,181825002164151,2022-06-28,PSScene-20220628_153159_88_241f,1.0,True,0.6989277703381294,4.286879015009018,0.5542187526439898
csb_field,181825002164153,2022-06-28,PSScene-20220628_153159_88_241f,1.0,True,0.38629048100640706,1.7570063082994902,0.3102552308089486
csb_field,181825002164152,2022-06-28,PSScene-20220628_153159_88_241f,1.0,True,0.4651586032525586,2.279959607404555,0.36016488352360354
csb_field,181825002164141,2022-06-28,PSScene-20220628_153159_88_241f,1.0,True,0.3484766095662024,1.5201707739851045,0.2789522825208005
csb_field,181825002164144,2022-06-28,PSScene-20220628_153159_88_241f,1.0,True,0.3361586955148191,1.462335042139193,0.27122193801996686
csb_field,181825002164119,2022-06-28,PSScene-20220628_153159_88_241f,1.0,True,0.3972345359756345,1.8131500486069534,0.3057850686591064
csb_field,181825002164140,2022-06-28,PSScene-20220628_153159_88_241f,1.0,True,0.4168710400350599,1.9321786407030992,0.33194212943715684
csb_field,181825002164064,2022-06-28,PSScene-20220628_153159_88_241f,1.0,True,0.35561495174267355,1.6507075599296712,0.27990185288697567
csb_field,181825002164059,2022-06-28,PSScene-20220628_153159_88_241f,1.0,True,0.3692168211109837,1.5661306998646458,0.2953845300477248
csb_field,181825002164061,2022-06-28,PSScene-20220628_153159_88_241f,1.0,True,0.35004167746718284,1.5644289661021986,0.2779414217268605
csb_field,181825002164104,2022-06-28,PSScene-20220628_153159_88_241f,1.0,True,0.40481588018348047,1.9562063367959703,0.3140936377533917
csb_field,181825002164087,2022-06-28,PSScene-20220628_153159_88_241f,1.0,True,0.459034848429288,2.096271778082565,0.35630732920833325
csb_field,181825002164078,2022-06-28,PSScene-20220628_153159_88_241f,1.0,True,0.38466781623675506,1.706406697433546,0.30440427538481263
csb_field,181825002164073,2022-06-28,PSScene-20220628_153159_88_241f,1.0,True,0.38634018856191304,1.767974648015001,0.3059966363109709
csb_field,181825002164072,2022-06-28,PSScene-20220628_153159_88_241f,1.0,True,0.4913932621668285,2.42290141599109,0.38867258208279337
csb_field,181825002164058,2022-06-28,PSScene-20220628_153159_88_241f,1.0,True,0.334987263205011,1.713053879895279,0.27359926432793535
csb_field,181825002164040,2022-06-28,PSScene-20220628_153159_88_241f,1.0,True,0.3502091529428138,1.5524054675971606,0.27773523255576715
csb_field,181825002163999,2022-06-28,PSScene-20220628_153159_88_241f,1.0,True,0.41139101805141887,1.9110994843986917,0.32336564771078774
csb_field,181825002164000,2022-06-28,PSScene-20220628_153159_88_241f,1.0,True,0.38552837185376404,1.8068104588127227,0.306037739241782
csb_field,181825002163982,2022-06-28,PSScene-20220628_153159_88_241f,1.0,True,0.46081529596460197,2.18139561267138,0.3723465229856817
csb_field,181825002163998,2022-06-28,PSScene-20220628_153159_88_241f,1.0,True,0.6757435632626019,3.5611002831495697,0.47907722558997745
csb_field,181825002163972,2022-06-28,PSScene-20220628_153159_88_241f,1.0,True,0.38812805583790677,1.6797588619997688,0.28541922753576265
csb_field,181825002163954,2022-06-28,PSScene-20220628_153159_88_241f,1.0,True,0.48581170657983347,2.469626611483695,0.34848796086076855
csb_field,181825002163941,2022-06-28,PSScene-20220628_153159_88_241f,1.0,True,0.32855835861735344,1.3338824961884082,0.26063384958974684
csb_field,181825002163948,2022-06-28,PSScene-20220628_153159_88_241f,1.0,True,0.5017989167232078,2.4222488357168444,0.37426549560565886
csb_field,181825002164031,2022-06-28,PSScene-20220628_153159_88_241f,1.0,True,0.39687012323303733,1.7273720118138076,0.31456942652825004
csb_field,181825002164028,2022-06-28,PSScene-20220628_153159_88_241f,1.0,True,0.38985997497832187,1.7180381267810667,0.31072653512288906
csb_field,181825002164004,2022-06-28,PSScene-20220628_153159_88_241f,1.0,True,0.40020762905600243,1.7340031107351035,0.31569329055532186
csb_field,181825002164005,2022-06-28,PSScene-20220628_153159_88_241f,1.0,True,0.3971345784333158,1.7598797905549879,0.3162769618385141
csb_field,181825002163930,2022-06-28,PSScene-20220628_153159_88_241f,1.0,True,0.6068630551048992,3.3088907786164117,0.45068387111063596
csb_field,181825002163963,2022-06-28,PSScene-20220628_153159_88_241f,1.0,True,0.36442713153071576,1.7841152757775132,0.2950553360804726
csb_field,181825002163938,2022-06-28,PSScene-20220628_153159_88_241f,1.0,True,0.48195771604159393,2.2717996482854055,0.363545246938967
csb_field,181825002163906,2022-06-28,PSScene-20220628_153159_88_241f,1.0,True,0.40968487590485064,1.7738137555240443,0.3220831325998541
csb_field,181825002163917,2022-06-28,PSScene-20220628_153159_88_241f,1.0,True,0.7957385495973366,4.890801539580894,0.567354696945951
csb_field,181825002163904,2022-06-28,PSScene-20220628_153159_88_241f,1.0,True,0.41867426623605014,1.7933524351647734,0.32404171547934474
csb_field,181825002163937,2022-06-28,PSScene-20220628_153159_88_241f,1.0,True,0.2961031000744958,1.221144391653794,0.23932296810523884
csb_field,181825002163924,2022-06-28,PSScene-20220628_153159_88_241f,1.0,True,0.30367781757265055,1.2576253155972945,0.2459001783503106
csb_field,181825002163922,2022-06-28,PSScene-20220628_153159_88_241f,1.0,True,0.7737967003320184,4.950219714250928,0.5770532903081229
csb_field,181825002163878,2022-06-28,PSScene-20220628_153159_88_241f,1.0,True,0.8614891187649045,6.798818120638167,0.6433607215644304
csb_field,181825002163866,2022-06-28,PSScene-20220628_153159_88_241f,1.0,True,0.8367695738462342,6.671181441317294,0.6343096087963712
csb_field,181825002163865,2022-06-28,PSScene-20220628_153159_88_241f,1.0,True,0.8478639019577477,6.806689283483497,0.641575856535455
csb_field,181825002163854,2022-06-28,PSScene-20220628_153159_88_241f,1.0,True,0.642854405625259,3.53369186320363,0.46096865959593214
csb_field,181825002163846,2022-06-28,PSScene-20220628_153159_88_241f,1.0,True,0.3401990827625413,1.4735476415551838,0.291680627697221
csb_field,181825002163942,2022-06-28,PSScene-20220628_153159_88_241f,1.0,True,0.6518517336127022,3.597020699828986,0.5125693733752382
csb_field,181825002163957,2022-06-28,PSScene-20220628_153159_88_241f,1.0,True,0.408283986661413,2.019007243280034,0.31556370730316663
csb_field,181825002163897,2022-06-28,PSScene-20220628_153159_88_241f,1.0,True,0.5916191886580784,3.161527486137972,0.42693490886959656
csb_field,181825002163916,2022-06-28,PSScene-20220628_153159_88_241f,1.0,True,0.5160389134989629,2.5100409354671807,0.4062124877772061
csb_field,181825002163879,2022-06-28,PSScene-20220628_153159_88_241f,1.0,True,0.8215793054890328,6.005753578825844,0.608943126395343
csb_field,181825002163918,2022-06-28,PSScene-20220628_153159_88_241f,1.0,True,0.3306545255655509,1.4974487661835598,0.26362770309551703
csb_field,181825002163911,2022-06-28,PSScene-20220628_153159_88_241f,1.0,True,0.6238135946741581,3.6783225662174925,0.4603974164644447
csb_field,181825002163907,2022-06-28,PSScene-20220628_153159_88_241f,1.0,True,0.4297993221411148,1.9085189619816805,0.3233070321829425
csb_field,181825002163884,2022-06-28,PSScene-20220628_153159_88_241f,1.0,True,0.3908208760495924,1.698415514533664,0.3050050056849063
csb_field,181825002163859,2022-06-28,PSScene-20220628_153159_88_241f,1.0,True,0.44286740939710295,1.9671861812222793,0.34063778499469327
csb_field,181825002163855,2022-06-28,PSScene-20220628_153159_88_241f,1.0,True,0.6588584919901004,3.784212300813199,0.4760578630586691
csb_field,181825002163874,2022-06-28,PSScene-20220628_153159_88_241f,1.0,True,0.3290039847009999,1.3695705339588262,0.25402020418728505
csb_field,181825002163842,2022-06-28,PSScene-20220628_153159_88_241f,1.0,True,0.34846932562242217,1.4146604326316015,0.2733911776510998
csb_field,181825002163872,2022-06-28,PSScene-20220628_153159_88_241f,1.0,True,0.36442864765022676,1.3704424459629612,0.2856371872251337
csb_field,181825002163860,2022-06-28,PSScene-20220628_153159_88_241f,1.0,True,0.28171924512850643,1.2687880155242306,0.23356423498987028
gt_field,IN_PENG2025_CCNT,2022-06-28,PSScene-20220628_153202_17_241f,1.0,True,0.3834052936269344,1.622129341544604,0.30537830283704454
gt_field,IN_PENG2025_NT,2022-06-28,PSScene-20220628_153202_17_241f,1.0,True,0.37625770047598545,1.6042003997956176,0.30164585922429726
csb_field,181825002164142,2022-06-28,PSScene-20220628_153202_17_241f,1.0,True,0.26440522658525284,1.1811703123246928,0.22255040821635547
csb_field,181825002164143,2022-06-28,PSScene-20220628_153202_17_241f,1.0,True,0.29194910762021276,1.3287167526753028,0.24190497751093504
csb_field,181825002164131,2022-06-28,PSScene-20220628_153202_17_241f,1.0,True,0.4148719212478409,1.7849618387169452,0.33149815561296525
csb_field,181825002164136,2022-06-28,PSScene-20220628_153202_17_241f,1.0,True,0.3329164463110284,1.545724898278448,0.26496715034587615
csb_field,181825002164109,2022-06-28,PSScene-20220628_153202_17_241f,1.0,True,0.349628238748543,1.5757931485109697,0.279624762984814
csb_field,181825002164090,2022-06-28,PSScene-20220628_153202_17_241f,1.0,True,0.5444899786886183,2.7255685042411826,0.41112218059201977
csb_field,181825002164096,2022-06-28,PSScene-20220628_153202_17_241f,1.0,True,0.6262539450217477,3.365578316653595,0.4684441675114891
csb_field,181825002164060,2022-06-28,PSScene-20220628_153202_17_241f,1.0,True,0.7930495901509798,5.3278033977969566,0.5757416235217152
csb_field,181825002164039,2022-06-28,PSScene-20220628_153202_17_241f,1.0,True,0.3152096696369892,1.2079142161868515,0.25545555924600544
csb_field,181825002164033,2022-06-28,PSScene-20220628_153202_17_241f,1.0,True,0.36984611723819943,1.608728677542631,0.2928165662140461
csb_field,181825002164017,2022-06-28,PSScene-20220628_153202_17_241f,1.0,True,0.6444941635430846,3.500961486609736,0.46624986761788223
csb_field,181825002164151,2022-06-28,PSScene-20220628_153202_17_241f,1.0,True,0.6869717757700472,4.157842066074549,0.5465334978102104
csb_field,181825002164153,2022-06-28,PSScene-20220628_153202_17_241f,1.0,True,0.3849569506164889,1.7458388034665777,0.3091631973819766
csb_field,181825002164152,2022-06-28,PSScene-20220628_153202_17_241f,1.0,True,0.4629479051723579,2.2655731766723033,0.3573970666850726
csb_field,181825002164141,2022-06-28,PSScene-20220628_153202_17_241f,1.0,True,0.3502539732869338,1.5304160759886543,0.2806541205865631
csb_field,181825002164144,2022-06-28,PSScene-20220628_153202_17_241f,1.0,True,0.33682709686855183,1.46519209177373,0.27194332096011825
csb_field,181825002164119,2022-06-28,PSScene-20220628_153202_17_241f,1.0,True,0.4012183944417448,1.8405367233159202,0.3082161409011004
csb_field,181825002164140,2022-06-28,PSScene-20220628_153202_17_241f,1.0,True,0.4155563382792442,1.9247710888193947,0.3310884144813567
csb_field,181825002164064,2022-06-28,PSScene-20220628_153202_17_241f,1.0,True,0.355885310130332,1.6610112304479625,0.2802469330459687
csb_field,181825002164059,2022-06-28,PSScene-20220628_153202_17_241f,1.0,True,0.3703023817409305,1.5723771585663553,0.29611944329014883
csb_field,181825002164061,2022-06-28,PSScene-20220628_153202_17_241f,1.0,True,0.35012066121994334,1.5644602264652718,0.27784924794541765
csb_field,181825002164104,2022-06-28,PSScene-20220628_153202_17_241f,1.0,True,0.40107858910318533,1.9406408844825682,0.3116754754285836
csb_field,181825002164087,2022-06-28,PSScene-20220628_153202_17_241f,1.0,True,0.4593392237057333,2.098403339027207,0.3562833735740505
csb_field,181825002164078,2022-06-28,PSScene-20220628_153202_17_241f,1.0,True,0.3815446924555778,1.7111605105986025,0.30202862520646273
csb_field,181825002164073,2022-06-28,PSScene-20220628_153202_17_241f,1.0,True,0.38658037361456393,1.7697726246377032,0.30653889795101413
csb_field,181825002164072,2022-06-28,PSScene-20220628_153202_17_241f,1.0,True,0.48967209155008845,2.416210045127365,0.38714447181253675
csb_field,181825002164058,2022-06-28,PSScene-20220628_153202_17_241f,1.0,True,0.3285231934812606,1.6643589004945598,0.2696804397295603
csb_field,181825002164040,2022-06-28,PSScene-20220628_153202_17_241f,1.0,True,0.34846090221912734,1.5463883392072997,0.2770196086827893
csb_field,181825002163999,2022-06-28,PSScene-20220628_153202_17_241f,1.0,True,0.41556806010292013,1.9258483184689321,0.32612081733993836
csb_field,181825002164000,2022-06-28,PSScene-20220628_153202_17_241f,1.0,True,0.3873887177435573,1.8138085986764585,0.30798686790670177
csb_field,181825002163982,2022-06-28,PSScene-20220628_153202_17_241f,1.0,True,0.46222169751979336,2.1887176586910106,0.3709760112855904
csb_field,181825002163998,2022-06-28,PSScene-20220628_153202_17_241f,1.0,True,0.6743402780558603,3.55129364947169,0.47860689297315756
csb_field,181825002163972,2022-06-28,PSScene-20220628_153202_17_241f,1.0,True,0.3879314395168,1.6727516691220736,0.2846147886067857
csb_field,181825002163954,2022-06-28,PSScene-20220628_153202_17_241f,1.0,True,0.48568878394120907,2.468248134666966,0.348030840294483
csb_field,181825002163941,2022-06-28,PSScene-20220628_153202_17_241f,1.0,True,0.32734841791272584,1.3266927770728423,0.2597383302374848
csb_field,181825002163948,2022-06-28,PSScene-20220628_153202_17_241f,1.0,True,0.5015953174455148,2.4210661216198885,0.3740090161121216
csb_field,181825002164031,2022-06-28,PSScene-20220628_153202_17_241f,1.0,True,0.3946973698425083,1.7123844162404585,0.31289040102908966
csb_field,181825002164028,2022-06-28,PSScene-20220628_153202_17_241f,1.0,True,0.38985430302013996,1.7188344945057996,0.31118105144805414
csb_field,181825002164004,2022-06-28,PSScene-20220628_153202_17_241f,1.0,True,0.39796769194497184,1.7210304190609729,0.31464182478973524
csb_field,181825002164005,2022-06-28,PSScene-20220628_153202_17_241f,1.0,True,0.3962249724489462,1.7536012813756385,0.31601916905559
csb_field,181825002163930,2022-06-28,PSScene-20220628_153202_17_241f,1.0,True,0.6069549527877605,3.31436532658388,0.45103249533895845
csb_field,181825002163963,2022-06-28,PSScene-20220628_153202_17_241f,1.0,True,0.3672753694472952,1.8070980109972459,0.29833530655186413
csb_field,181825002163938,2022-06-28,PSScene-20220628_153202_17_241f,1.0,True,0.4820476535405237,2.2643959800740516,0.36349943446019267
csb_field,181825002163906,2022-06-28,PSScene-20220628_153202_17_241f,1.0,True,0.40796624464784453,1.7568334191619435,0.32051745706239215
csb_field,181825002163917,2022-06-28,PSScene-20220628_153202_17_241f,1.0,True,0.7951096436303494,4.8780170697186875,0.5662650905099377
csb_field,181825002163904,2022-06-28,PSScene-20220628_153202_17_241f,1.0,True,0.41905674256304054,1.7949219137393462,0.32430829405934847
csb_field,181825002163937,2022-06-28,PSScene-20220628_153202_17_241f,1.0,True,0.29619512725964714,1.220284276884617,0.23973327959188334
csb_field,181825002163924,2022-06-28,PSScene-20220628_153202_17_241f,1.0,True,0.30295431225019076,1.252000372758021,0.2456663025588895
csb_field,181825002163922,2022-06-28,PSScene-20220628_153202_17_241f,1.0,True,0.7771849280347489,5.015816116491722,0.5806164131599671
csb_field,181825002163878,2022-06-28,PSScene-20220628_153202_17_241f,1.0,True,0.862631641871466,6.808687852990776,0.6446510473735143
csb_field,181825002163866,2022-06-28,PSScene-20220628_153202_17_241f,1.0,True,0.8373362628836358,6.689490274857109,0.6357426088496675
csb_field,181825002163865,2022-06-28,PSScene-20220628_153202_17_241f,1.0,True,0.8497106049186047,6.847875811957155,0.643456270132677
csb_field,181825002163854,2022-06-28,PSScene-20220628_153202_17_241f,1.0,True,0.6407241491312567,3.5134605867391455,0.4586637543159439
csb_field,181825002163846,2022-06-28,PSScene-20220628_153202_17_241f,1.0,True,0.34473695240593255,1.5186141951651386,0.29690169290061474
csb_field,181825002163942,2022-06-28,PSScene-20220628_153202_17_241f,1.0,True,0.6545829410413415,3.617595194069292,0.5134193906263648
csb_field,181825002163957,2022-06-28,PSScene-20220628_153202_17_241f,1.0,True,0.40795883905623964,2.0199387923631265,0.3151652511232066
csb_field,181825002163897,2022-06-28,PSScene-20220628_153202_17_241f,1.0,True,0.5918442248820179,3.1482220746992655,0.42555754728040956
csb_field,181825002163916,2022-06-28,PSScene-20220628_153202_17_241f,1.0,True,0.5171303524926146,2.5115131624183076,0.40609868585697084
csb_field,181825002163879,2022-06-28,PSScene-20220628_153202_17_241f,1.0,True,0.8258732130224397,6.0528879771732385,0.6101750426040947
csb_field,181825002163918,2022-06-28,PSScene-20220628_153202_17_241f,1.0,True,0.3290375158785621,1.4839379567454383,0.26249413885460726
csb_field,181825002163911,2022-06-28,PSScene-20220628_153202_17_241f,1.0,True,0.6259627526212505,3.708653275835917,0.4631707164730962
csb_field,181825002163907,2022-06-28,PSScene-20220628_153202_17_241f,1.0,True,0.4292828283947867,1.9062356480332436,0.3224903765090627
csb_field,181825002163884,2022-06-28,PSScene-20220628_153202_17_241f,1.0,True,0.3856320278393275,1.6702972499253619,0.2996125345187257
csb_field,181825002163859,2022-06-28,PSScene-20220628_153202_17_241f,1.0,True,0.4429728186874714,1.970131169351983,0.340337827584994
csb_field,181825002163855,2022-06-28,PSScene-20220628_153202_17_241f,1.0,True,0.6607903907386892,3.8094108532916167,0.47743761370590204
csb_field,181825002163874,2022-06-28,PSScene-20220628_153202_17_241f,1.0,True,0.32801955804453103,1.3641351884740431,0.2531179116405837
csb_field,181825002163842,2022-06-28,PSScene-20220628_153202_17_241f,1.0,True,0.34691859448773155,1.4010965761168517,0.27259406770325256
csb_field,181825002163872,2022-06-28,PSScene-20220628_153202_17_241f,1.0,True,0.36568961005181877,1.3729052253661487,0.2872630086384001
csb_field,181825002163860,2022-06-28,PSScene-20220628_153202_17_241f,1.0,True,0.28168781654512187,1.2673988969807082,0.23364785548901532
gt_field,IN_PENG2025_CCNT,2022-07-02,PSScene-20220702_162206_68_2403,1.0,False,0.4106713701929634,1.808958799148347,0.30951015850155056
gt_field,IN_PENG2025_NT,2022-07-02,PSScene-20220702_162206_68_2403,1.0,False,0.4140741470851902,1.8376542429406317,0.31353826796418716
csb_field,181825002164142,2022-07-02,PSScene-20220702_162206_68_2403,1.0,False,0.26938681516359825,1.154655159536889,0.20362253848196296
csb_field,181825002164143,2022-07-02,PSScene-20220702_162206_68_2403,1.0,False,0.29681476084667663,1.3002134565163457,0.2225129898171695
csb_field,181825002164131,2022-07-02,PSScene-20220702_162206_68_2403,1.0,False,0.45358108570482014,2.0114992214186223,0.3448497856626344
csb_field,181825002164136,2022-07-02,PSScene-20220702_162206_68_2403,1.0,False,0.3440410246754407,1.596169749017005,0.25029518184773125
csb_field,181825002164109,2022-07-02,PSScene-20220702_162206_68_2403,0.9974012664250943,False,0.360359964012006,1.619632685810054,0.2705952849431869
csb_field,181825002164090,2022-07-02,PSScene-20220702_162206_68_2403,0.0,False,,,
csb_field,181825002164096,2022-07-02,PSScene-20220702_162206_68_2403,0.0,False,,,
csb_field,181825002164060,2022-07-02,PSScene-20220702_162206_68_2403,0.38571716764171876,False,0.4942299463478342,2.411258291749276,0.3348574532219306
csb_field,181825002164039,2022-07-02,PSScene-20220702_162206_68_2403,0.0,False,,,
csb_field,181825002164033,2022-07-02,PSScene-20220702_162206_68_2403,0.019675925925925927,False,0.3622293244389927,1.274858362534467,0.2694874651291791
csb_field,181825002164017,2022-07-02,PSScene-20220702_162206_68_2403,1.0,False,0.5775509107884743,2.857361419595403,0.40323664966247064
csb_field,181825002164151,2022-07-02,PSScene-20220702_162206_68_2403,1.0,False,0.6428414443149038,3.3212834991549123,0.47851912697952226
csb_field,181825002164153,2022-07-02,PSScene-20220702_162206_68_2403,1.0,False,0.4257310325786571,2.0038767778228355,0.32546070086269696
csb_field,181825002164152,2022-07-02,PSScene-20220702_162206_68_2403,0.9567081886869512,False,0.43573281195972874,1.9837812433756785,0.33369066753407806
csb_field,181825002164141,2022-07-02,PSScene-20220702_162206_68_2403,0.01717408274785324,False,0.32214764708822424,1.2862734632058577,0.24358935383233157
csb_field,181825002164144,2022-07-02,PSScene-20220702_162206_68_2403,0.900305024883609,False,0.3592797176123261,1.5753295776167202,0.26345457272144424
csb_field,181825002164119,2022-07-02,PSScene-20220702_162206_68_2403,0.4952978056426332,False,0.3122674088752219,1.1446407985586657,0.23044170307207712
csb_field,181825002164140,2022-07-02,PSScene-20220702_162206_68_2403,0.970981159774896,False,0.4441550975229312,2.0913903367530193,0.338862581402529
csb_field,181825002164064,2022-07-02,PSScene-20220702_162206_68_2403,1.0,False,0.36171891767709835,1.6947332023216544,0.26133728415147317
csb_field,181825002164059,2022-07-02,PSScene-20220702_162206_68_2403,0.9922172545123364,False,0.39982984961446955,1.7552106110590482,0.3036283555152131
csb_field,181825002164061,2022-07-02,PSScene-20220702_162206_68_2403,1.0,False,0.365427817392745,1.644365331796914,0.2682801652192868
csb_field,181825002164104,2022-07-02,PSScene-20220702_162206_68_2403,1.0,False,0.4000079289195171,1.9023078462205325,0.28950615689175074
csb_field,181825002164087,2022-07-02,PSScene-20220702_162206_68_2403,1.0,False,0.48877314376506187,2.2775963330728737,0.36206994534403725
csb_field,181825002164078,2022-07-02,PSScene-20220702_162206_68_2403,1.0,False,0.4181407584712423,1.9029017642801032,0.30458405938715183
csb_field,181825002164073,2022-07-02,PSScene-20220702_162206_68_2403,1.0,False,0.3902019666561794,1.7745454464540373,0.28856619795051275
csb_field,181825002164072,2022-07-02,PSScene-20220702_162206_68_2403,1.0,False,0.5358665684062507,2.706727573646884,0.409096743038907
csb_field,181825002164058,2022-07-02,PSScene-20220702_162206_68_2403,1.0,False,0.33936492758985876,1.6905769542438844,0.25384557477408004
csb_field,181825002164040,2022-07-02,PSScene-20220702_162206_68_2403,1.0,False,0.3740772772556979,1.669075307862743,0.27539220253862606
csb_field,181825002163999,2022-07-02,PSScene-20220702_162206_68_2403,1.0,False,0.4252766468826279,2.019815459594643,0.3161262674993008
csb_field,181825002164000,2022-07-02,PSScene-20220702_162206_68_2403,1.0,False,0.4092912567066673,1.9436885242053583,0.30397682058026426
csb_field,181825002163982,2022-07-02,PSScene-20220702_162206_68_2403,1.0,False,0.4702984237507598,2.37585575613257,0.36956923056955204
csb_field,181825002163998,2022-07-02,PSScene-20220702_162206_68_2403,1.0,False,0.4251214730729578,2.0904732867214664,0.29303899115372845
csb_field,181825002163972,2022-07-02,PSScene-20220702_162206_68_2403,1.0,False,0.3477096894202114,1.6319634622248607,0.24415068606739895
csb_field,181825002163954,2022-07-02,PSScene-20220702_162206_68_2403,1.0,False,0.4573320997190654,2.3736841396487014,0.30937884467801163
csb_field,181825002163941,2022-07-02,PSScene-20220702_162206_68_2403,1.0,False,0.34840757171279907,1.475872615543393,0.2532424181741076
csb_field,181825002163948,2022-07-02,PSScene-20220702_162206_68_2403,1.0,False,0.489474667456242,2.3764522298469104,0.3496108288485574
csb_field,181825002164031,2022-07-02,PSScene-20220702_162206_68_2403,1.0,False,0.4180219327336428,1.8793783862990316,0.31723457898928537
csb_field,181825002164028,2022-07-02,PSScene-20220702_162206_68_2403,1.0,False,0.4245817948446256,1.9394007292058733,0.32107552252575156
csb_field,181825002164004,2022-07-02,PSScene-20220702_162206_68_2403,1.0,False,0.42115903230461804,1.8754414176869132,0.31318653890029535
csb_field,181825002164005,2022-07-02,PSScene-20220702_162206_68_2403,1.0,False,0.4199064142620467,1.9092550349256956,0.3151576745046867
csb_field,181825002163930,2022-07-02,PSScene-20220702_162206_68_2403,1.0,False,0.5692049888637635,2.931574100201283,0.40108818827419107
csb_field,181825002163963,2022-07-02,PSScene-20220702_162206_68_2403,1.0,False,0.37901709744226725,1.8455863891426922,0.2853777012163787
csb_field,181825002163938,2022-07-02,PSScene-20220702_162206_68_2403,1.0,False,0.4683790195210757,2.264437418933368,0.3433712732097412
csb_field,181825002163906,2022-07-02,PSScene-20220702_162206_68_2403,1.0,False,0.43393406057357786,1.9913670289357503,0.32852480919361116
csb_field,181825002163917,2022-07-02,PSScene-20220702_162206_68_2403,1.0,False,0.7528011030528373,4.291731831354973,0.5283073409523441
csb_field,181825002163904,2022-07-02,PSScene-20220702_162206_68_2403,1.0,False,0.44486235151097275,2.0470641015046493,0.337336275490868
csb_field,181825002163937,2022-07-02,PSScene-20220702_162206_68_2403,1.0,False,0.31496350239191945,1.3406548758867203,0.22885430917576266
csb_field,181825002163924,2022-07-02,PSScene-20220702_162206_68_2403,1.0,False,0.30369479551949535,1.3101377631022384,0.22433170874080485
csb_field,181825002163922,2022-07-02,PSScene-20220702_162206_68_2403,1.0,False,0.7552884083857639,4.718793059939103,0.5580212248315056
csb_field,181825002163878,2022-07-02,PSScene-20220702_162206_68_2403,1.0,False,0.8245394754125394,5.833998450512441,0.6011799231201232
csb_field,181825002163866,2022-07-02,PSScene-20220702_162206_68_2403,1.0,False,0.757294626731631,5.125716696020032,0.5545787946966473
csb_field,181825002163865,2022-07-02,PSScene-20220702_162206_68_2403,1.0,False,0.7837241589708006,5.431973131716125,0.5781161069523456
csb_field,181825002163854,2022-07-02,PSScene-20220702_162206_68_2403,1.0,False,0.6135665034254392,3.3440272182226183,0.4281121121098598
csb_field,181825002163846,2022-07-02,PSScene-20220702_162206_68_2403,1.0,False,0.387295910540749,1.8221127916784847,0.32067665077892005
csb_field,181825002163942,2022-07-02,PSScene-20220702_162206_68_2403,1.0,False,0.6544311266126831,3.679562987666291,0.507386573942722
csb_field,181825002163957,2022-07-02,PSScene-20220702_162206_68_2403,1.0,False,0.41097627163341466,1.9866215756577337,0.2982509037592985
csb_field,181825002163897,2022-07-02,PSScene-20220702_162206_68_2403,1.0,False,0.516084957513348,2.5729453913321176,0.35702323664834085
csb_field,181825002163916,2022-07-02,PSScene-20220702_162206_68_2403,0.7149319335979175,False,0.540713011706145,2.65916797044291,0.41025978819248266
csb_field,181825002163879,2022-07-02,PSScene-20220702_162206_68_2403,0.7162293488824101,False,0.3396391167407767,1.213150429757997,0.25326421462616083
csb_field,181825002163918,2022-07-02,PSScene-20220702_162206_68_2403,1.0,False,0.33353856088662587,1.554405681733732,0.2458143005906432
csb_field,181825002163911,2022-07-02,PSScene-20220702_162206_68_2403,1.0,False,0.6068675798528335,3.459820050421386,0.4414323767368178
csb_field,181825002163907,2022-07-02,PSScene-20220702_162206_68_2403,1.0,False,0.4088009194262601,1.871760150492218,0.29269710979890873
csb_field,181825002163884,2022-07-02,PSScene-20220702_162206_68_2403,1.0,False,0.39164568643345843,1.7153100486005048,0.2869421397866738
csb_field,181825002163859,2022-07-02,PSScene-20220702_162206_68_2403,1.0,False,0.4795875413121605,2.2515484633184744,0.35244894544266286
csb_field,181825002163855,2022-07-02,PSScene-20220702_162206_68_2403,1.0,False,0.5997725212645084,3.365735381181642,0.41579359325578713
csb_field,181825002163874,2022-07-02,PSScene-20220702_162206_68_2403,1.0,False,0.31251824071415885,1.4096954842560163,0.22990066923124136
csb_field,181825002163842,2022-07-02,PSScene-20220702_162206_68_2403,1.0,False,0.36188297073652104,1.5233656974827372,0.2639123510296752
csb_field,181825002163872,2022-07-02,PSScene-20220702_162206_68_2403,1.0,False,0.4188159868155882,1.742607452374794,0.31558521807471634
csb_field,181825002163860,2022-07-02,PSScene-20220702_162206_68_2403,1.0,False,0.2801738745062658,1.2961573280404615,0.2075463690738361
gt_field,IN_PENG2025_CCNT,2022-07-02,PSScene-20220702_162208_96_2403,1.0,False,0.40985865594680554,1.8040673088511658,0.30935987242723517
gt_field,IN_PENG2025_NT,2022-07-02,PSScene-20220702_162208_96_2403,1.0,False,0.41140619871226375,1.819023953525937,0.31205026114149753
csb_field,181825002164142,2022-07-02,PSScene-20220702_162208_96_2403,1.0,False,0.269332828934689,1.1892139561754038,0.20437240631100262
csb_field,181825002164143,2022-07-02,PSScene-20220702_162208_96_2403,1.0,False,0.2994668501971204,1.2971936396571992,0.2238433161550083
csb_field,181825002164131,2022-07-02,PSScene-20220702_162208_96_2403,1.0,False,0.4520678973458219,1.998200682344395,0.3438889727113549
csb_field,181825002164136,2022-07-02,PSScene-20220702_162208_96_2403,1.0,False,0.34312566687229223,1.5738818235312648,0.24824889065464595
csb_field,181825002164109,2022-07-02,PSScene-20220702_162208_96_2403,0.993155448190037,False,0.3540408158112075,1.5564138691392109,0.2621719914050463
csb_field,181825002164090,2022-07-02,PSScene-20220702_162208_96_2403,0.0,False,,,
csb_field,181825002164096,2022-07-02,PSScene-20220702_162208_96_2403,0.055263452287727936,False,0.5432307452928682,2.5487542070357905,0.3719548897342643
csb_field,181825002164060,2022-07-02,PSScene-20220702_162208_96_2403,0.20758523300383297,False,0.5006078797074865,2.4106426486931922,0.33082511994998587
csb_field,181825002164039,2022-07-02,PSScene-20220702_162208_96_2403,0.0,False,,,
csb_field,181825002164033,2022-07-02,PSScene-20220702_162208_96_2403,0.0,False,,,
csb_field,181825002164017,2022-07-02,PSScene-20220702_162208_96_2403,1.0,False,0.5691043893210321,2.5042418876140236,0.3624159938139881
csb_field,181825002164151,2022-07-02,PSScene-20220702_162208_96_2403,1.0,False,0.6634738477426244,3.6239469003603895,0.5181294097830592
csb_field,181825002164153,2022-07-02,PSScene-20220702_162208_96_2403,1.0,False,0.4215192063991188,1.9728925020747166,0.3225121656324588
csb_field,181825002164152,2022-07-02,PSScene-20220702_162208_96_2403,0.999591586685726,False,0.43462718689283386,1.9955981215855927,0.3353274986482738
csb_field,181825002164141,2022-07-02,PSScene-20220702_162208_96_2403,0.0,False,,,
csb_field,181825002164144,2022-07-02,PSScene-20220702_162208_96_2403,0.8258147375180607,False,0.35960630387137316,1.5967781245244976,0.26797184372149857
csb_field,181825002164119,2022-07-02,PSScene-20220702_162208_96_2403,0.24085684430512017,False,0.3264043673775977,1.2485027615780944,0.24573143825355165
csb_field,181825002164140,2022-07-02,PSScene-20220702_162208_96_2403,0.9661854661120627,False,0.4446436035147954,2.0989174549460317,0.34053368977689136
csb_field,181825002164064,2022-07-02,PSScene-20220702_162208_96_2403,1.0,False,0.3602149468042584,1.6866665500171636,0.25975673755202316
csb_field,181825002164059,2022-07-02,PSScene-20220702_162208_96_2403,0.9757410167246233,False,0.40172921592242444,1.7693381642000525,0.3049921644754363
csb_field,181825002164061,2022-07-02,PSScene-20220702_162208_96_2403,1.0,False,0.365167133093607,1.6414043627725137,0.2681967068217062
csb_field,181825002164104,2022-07-02,PSScene-20220702_162208_96_2403,1.0,False,0.40238372469684824,1.9165472372961523,0.2878575244101175
csb_field,181825002164087,2022-07-02,PSScene-20220702_162208_96_2403,1.0,False,0.4852701629438014,2.249255269676199,0.35824643093660813
csb_field,181825002164078,2022-07-02,PSScene-20220702_162208_96_2403,1.0,False,0.4155221171126577,1.8819077605097165,0.3015442647663831
csb_field,181825002164073,2022-07-02,PSScene-20220702_162208_96_2403,1.0,False,0.3882349581833124,1.7706417011321305,0.2870899924224848
csb_field,181825002164072,2022-07-02,PSScene-20220702_162208_96_2403,1.0,False,0.5366174823026357,2.7167798912279784,0.4097288273008518
csb_field,181825002164058,2022-07-02,PSScene-20220702_162208_96_2403,1.0,False,0.34081644390957705,1.7018754000913656,0.2541901933065675
csb_field,181825002164040,2022-07-02,PSScene-20220702_162208_96_2403,1.0,False,0.37387704306457603,1.6696979325566534,0.27624442919926756
csb_field,181825002163999,2022-07-02,PSScene-20220702_162208_96_2403,1.0,False,0.421246340782736,1.9753052101398751,0.3116909724687756
csb_field,181825002164000,2022-07-02,PSScene-20220702_162208_96_2403,1.0,False,0.41068770837821184,1.9461469228788353,0.3052522679549898
csb_field,181825002163982,2022-07-02,PSScene-20220702_162208_96_2403,1.0,False,0.45510137775172926,2.2611335369005596,0.3517439312314334
csb_field,181825002163998,2022-07-02,PSScene-20220702_162208_96_2403,1.0,False,0.4237342083674473,2.0886282062510486,0.29261176613005135
csb_field,181825002163972,2022-07-02,PSScene-20220702_162208_96_2403,1.0,False,0.34759033533274464,1.6322333563467122,0.2519211307002013
csb_field,181825002163954,2022-07-02,PSScene-20220702_162208_96_2403,1.0,False,0.45622451730260677,2.363873743698684,0.3084322995426947
csb_field,181825002163941,2022-07-02,PSScene-20220702_162208_96_2403,1.0,False,0.34534624556964855,1.4596054761593564,0.2496631467757262
csb_field,181825002163948,2022-07-02,PSScene-20220702_162208_96_2403,1.0,False,0.4879978609517683,2.3638125701295256,0.3478724888828237
csb_field,181825002164031,2022-07-02,PSScene-20220702_162208_96_2403,1.0,False,0.41900337518078007,1.8899185621709353,0.3183559428255248
csb_field,181825002164028,2022-07-02,PSScene-20220702_162208_96_2403,1.0,False,0.419930933360537,1.8982872315471224,0.31684537503052745
csb_field,181825002164004,2022-07-02,PSScene-20220702_162208_96_2403,1.0,False,0.42216143678308743,1.882078288235878,0.3181596599017313
csb_field,181825002164005,2022-07-02,PSScene-20220702_162208_96_2403,1.0,False,0.4186871461951829,1.9046007635993991,0.3138354145037303
csb_field,181825002163930,2022-07-02,PSScene-20220702_162208_96_2403,1.0,False,0.5680021763258024,2.969865407692183,0.4026937505589166
csb_field,181825002163963,2022-07-02,PSScene-20220702_162208_96_2403,1.0,False,0.3797386696375815,1.8631284416684986,0.2859041783840111
csb_field,181825002163938,2022-07-02,PSScene-20220702_162208_96_2403,1.0,False,0.467615940947743,2.2485194024457114,0.3401578429968379
csb_field,181825002163906,2022-07-02,PSScene-20220702_162208_96_2403,1.0,False,0.43653309916655225,2.003554319127401,0.32969263065656024
csb_field,181825002163917,2022-07-02,PSScene-20220702_162208_96_2403,1.0,False,0.7600648399694261,4.480497238241432,0.5415823163338752
csb_field,181825002163904,2022-07-02,PSScene-20220702_162208_96_2403,1.0,False,0.43871135057088223,2.0085948927431763,0.3310686045654322
csb_field,181825002163937,2022-07-02,PSScene-20220702_162208_96_2403,1.0,False,0.3146761756573544,1.338586236134429,0.22840615163202777
csb_field,181825002163924,2022-07-02,PSScene-20220702_162208_96_2403,1.0,False,0.3061292581477144,1.3139607771943005,0.22565585117975426
csb_field,181825002163922,2022-07-02,PSScene-20220702_162208_96_2403,1.0,False,0.7529932317330683,4.694707260028921,0.5556078196858331
csb_field,181825002163878,2022-07-02,PSScene-20220702_162208_96_2403,1.0,False,0.8268556990869951,5.9232550387828065,0.6057872734771335
csb_field,181825002163866,2022-07-02,PSScene-20220702_162208_96_2403,1.0,False,0.7616043468346005,5.1946480323945,0.5610289055348864
csb_field,181825002163865,2022-07-02,PSScene-20220702_162208_96_2403,1.0,False,0.7838689413307585,5.451349789950107,0.5785439337345812
csb_field,181825002163854,2022-07-02,PSScene-20220702_162208_96_2403,1.0,False,0.617787795389692,3.42699221521616,0.43434718046337367
csb_field,181825002163846,2022-07-02,PSScene-20220702_162208_96_2403,1.0,False,0.3615045860117557,1.6942598001629698,0.2906015154485609
csb_field,181825002163942,2022-07-02,PSScene-20220702_162208_96_2403,1.0,False,0.6537005723092142,3.70387790594358,0.5094730136480725
csb_field,181825002163957,2022-07-02,PSScene-20220702_162208_96_2403,1.0,False,0.40866227262593063,1.971951525282605,0.296188433341677
csb_field,181825002163897,2022-07-02,PSScene-20220702_162208_96_2403,1.0,False,0.519403134697871,2.598074365889598,0.3597598320422418
csb_field,181825002163916,2022-07-02,PSScene-20220702_162208_96_2403,0.7975504630222336,False,0.5392728546000743,2.696570273176409,0.415012182307362
csb_field,181825002163879,2022-07-02,PSScene-20220702_162208_96_2403,0.7978620019436345,False,0.348394932431803,1.2652067846270338,0.2543290120965816
csb_field,181825002163918,2022-07-02,PSScene-20220702_162208_96_2403,1.0,False,0.3287700984833969,1.5240221761442996,0.2409197018550778
csb_field,181825002163911,2022-07-02,PSScene-20220702_162208_96_2403,1.0,False,0.6001637673870345,3.4033959009869177,0.4339620661943169
csb_field,181825002163907,2022-07-02,PSScene-20220702_162208_96_2403,1.0,False,0.4075107672198821,1.859298234414461,0.29192488495283486
csb_field,181825002163884,2022-07-02,PSScene-20220702_162208_96_2403,1.0,False,0.39876227917310153,1.796211380041403,0.2965135093587082
csb_field,181825002163859,2022-07-02,PSScene-20220702_162208_96_2403,1.0,False,0.48427490651814653,2.2996197556745064,0.35855293825437046
csb_field,181825002163855,2022-07-02,PSScene-20220702_162208_96_2403,1.0,False,0.6002050288897357,3.377313999747905,0.42061712208253155
csb_field,181825002163874,2022-07-02,PSScene-20220702_162208_96_2403,1.0,False,0.30930391660601664,1.3823386801696969,0.22771715555803412
csb_field,181825002163842,2022-07-02,PSScene-20220702_162208_96_2403,1.0,False,0.3700661164049695,1.5636401929991033,0.2739310573968219
csb_field,181825002163872,2022-07-02,PSScene-20220702_162208_96_2403,1.0,False,0.41359021988782013,1.6783244607053993,0.3110625980929895
csb_field,181825002163860,2022-07-02,PSScene-20220702_162208_96_2403,1.0,False,0.2801685958173353,1.2969884396948268,0.20778304643012172
gt_field,IN_PENG2025_CCNT,2022-07-09,PSScene-20220709_153453_16_2427,1.0,False,0.6593353396550445,3.626701687777723,0.4857480924496239
gt_field,IN_PENG2025_NT,2022-07-09,PSScene-20220709_153453_16_2427,1.0,False,0.6531015859150362,3.6636679452226097,0.4954218339812287
csb_field,181825002164142,2022-07-09,PSScene-20220709_153453_16_2427,1.0,False,0.40851703350590085,1.9343966922391125,0.298912701448076
csb_field,181825002164143,2022-07-09,PSScene-20220709_153453_16_2427,1.0,False,0.4496468564701461,2.1726528145160477,0.3290164827484905
csb_field,181825002164131,2022-07-09,PSScene-20220709_153453_16_2427,1.0,False,0.7380001582797437,4.620509722847085,0.5681725570546488
csb_field,181825002164136,2022-07-09,PSScene-20220709_153453_16_2427,1.0,False,0.515023457460156,2.5245254872963234,0.36024861624903864
csb_field,181825002164109,2022-07-09,PSScene-20220709_153453_16_2427,1.0,False,0.5514758352103944,2.8678042074801575,0.39984120927121936
csb_field,181825002164090,2022-07-09,PSScene-20220709_153453_16_2427,1.0,False,0.6044320409316473,3.1365400084868615,0.405360354467686
csb_field,181825002164096,2022-07-09,PSScene-20220709_153453_16_2427,1.0,False,0.5679339742331126,2.9004896588074254,0.37660596920868095
csb_field,181825002164060,2022-07-09,PSScene-20220709_153453_16_2427,1.0,False,0.7048220149999861,3.8204820373978423,0.4575819957754125
csb_field,181825002164039,2022-07-09,PSScene-20220709_153453_16_2427,1.0,False,0.6225625439694054,3.25136996193936,0.4674768408662395
csb_field,181825002164033,2022-07-09,PSScene-20220709_153453_16_2427,1.0,False,0.5898805019549198,2.754790083953628,0.3905500791690968
csb_field,181825002164017,2022-07-09,PSScene-20220709_153453_16_2427,1.0,False,0.7196869395619674,4.2245827201459045,0.5022792127921427
csb_field,181825002164151,2022-07-09,PSScene-20220709_153453_16_2427,1.0,False,0.8265012940750651,7.119030601254597,0.6690642480122841
csb_field,181825002164153,2022-07-09,PSScene-20220709_153453_16_2427,1.0,False,0.6623201132674909,3.7101258458636384,0.5004748411611006
csb_field,181825002164152,2022-07-09,PSScene-20220709_153453_16_2427,1.0,False,0.7164823570396551,4.413613400752383,0.5442441371063176
csb_field,181825002164141,2022-07-09,PSScene-20220709_153453_16_2427,1.0,False,0.5555217683222218,2.875081958759585,0.40472630549230953
csb_field,181825002164144,2022-07-09,PSScene-20220709_153453_16_2427,1.0,False,0.5178012404142901,2.62692903278153,0.3776882607379184
csb_field,181825002164119,2022-07-09,PSScene-20220709_153453_16_2427,1.0,False,0.5435224064122671,2.77205465268441,0.38928078144570755
csb_field,181825002164140,2022-07-09,PSScene-20220709_153453_16_2427,1.0,False,0.6942598626961882,4.156539797928738,0.5335011037165477
csb_field,181825002164064,2022-07-09,PSScene-20220709_153453_16_2427,1.0,False,0.5704592910673733,3.011123080052656,0.4044975358186659
csb_field,181825002164059,2022-07-09,PSScene-20220709_153453_16_2427,1.0,False,0.6458110739076783,3.503568930901485,0.4746566796393106
csb_field,181825002164061,2022-07-09,PSScene-20220709_153453_16_2427,1.0,False,0.54996645656436,2.8485003333308634,0.39181794843186596
csb_field,181825002164104,2022-07-09,PSScene-20220709_153453_16_2427,1.0,False,0.5589900557152792,2.8927170099890893,0.39393254067536665
csb_field,181825002164087,2022-07-09,PSScene-20220709_153453_16_2427,1.0,False,0.7337974828231696,4.65991798423493,0.5576460700745162
csb_field,181825002164078,2022-07-09,PSScene-20220709_153453_16_2427,1.0,False,0.7137165440273989,4.2031984185350355,0.499866949513628
csb_field,181825002164073,2022-07-09,PSScene-20220709_153453_16_2427,1.0,False,0.6039684863581386,3.3000759146899705,0.4366802486600693
csb_field,181825002164072,2022-07-09,PSScene-20220709_153453_16_2427,1.0,False,0.7727382850414495,5.307162043901074,0.5985678275835217
csb_field,181825002164058,2022-07-09,PSScene-20220709_153453_16_2427,1.0,False,0.48577329950967996,2.5553644569808616,0.35593788361807577
csb_field,181825002164040,2022-07-09,PSScene-20220709_153453_16_2427,1.0,False,0.601065739701076,3.0928344439986053,0.4213045300907798
csb_field,181825002163999,2022-07-09,PSScene-20220709_153453_16_2427,1.0,False,0.6127216738806266,3.3234388214029043,0.45228562202490596
csb_field,181825002164000,2022-07-09,PSScene-20220709_153453_16_2427,1.0,False,0.6414453808541333,3.704501092775239,0.4681281932668377
csb_field,181825002163982,2022-07-09,PSScene-20220709_153453_16_2427,1.0,False,0.5424196164901942,2.901607199890973,0.40976215837752983
csb_field,181825002163998,2022-07-09,PSScene-20220709_153453_16_2427,1.0,False,0.708728169298202,3.7410055123765638,0.46151964334824636
csb_field,181825002163972,2022-07-09,PSScene-20220709_153453_16_2427,1.0,False,0.42401470814695086,2.083150128165983,0.30825138794323675
csb_field,181825002163954,2022-07-09,PSScene-20220709_153453_16_2427,1.0,False,0.5197757439037926,2.663868075782055,0.35307685052322607
csb_field,181825002163941,2022-07-09,PSScene-20220709_153453_16_2427,1.0,False,0.5564199657124146,2.7191972639979882,0.3814305325084703
csb_field,181825002163948,2022-07-09,PSScene-20220709_153453_16_2427,1.0,False,0.661839069702996,3.775419651013973,0.4653889816146906
csb_field,181825002164031,2022-07-09,PSScene-20220709_153453_16_2427,1.0,False,0.6632156146245997,3.7319332897428232,0.4888340891173732
csb_field,181825002164028,2022-07-09,PSScene-20220709_153453_16_2427,1.0,False,0.6540382585777882,3.6991815224711164,0.4944959352690577
csb_field,181825002164004,2022-07-09,PSScene-20220709_153453_16_2427,1.0,False,0.6721736803106855,3.7176153450744422,0.49252778180658613
csb_field,181825002164005,2022-07-09,PSScene-20220709_153453_16_2427,1.0,False,0.6620081521804978,3.717561659230269,0.488103256687214
csb_field,181825002163930,2022-07-09,PSScene-20220709_153453_16_2427,1.0,False,0.6992308098925363,4.545545418874933,0.49323434984191844
csb_field,181825002163963,2022-07-09,PSScene-20220709_153453_16_2427,1.0,False,0.5595442334176939,3.0644029724047317,0.40882362661236005
csb_field,181825002163938,2022-07-09,PSScene-20220709_153453_16_2427,1.0,False,0.6251941278138582,3.576932622000103,0.4406653657420728
csb_field,181825002163906,2022-07-09,PSScene-20220709_153453_16_2427,1.0,False,0.6684835371017456,3.9183249472300212,0.4849349063237508
csb_field,181825002163917,2022-07-09,PSScene-20220709_153453_16_2427,1.0,False,0.8271361159416901,5.836592819029357,0.596060796009077
csb_field,181825002163904,2022-07-09,PSScene-20220709_153453_16_2427,1.0,False,0.6728417945144535,4.016056744302636,0.48968879637907314
csb_field,181825002163937,2022-07-09,PSScene-20220709_153453_16_2427,1.0,False,0.5118452270057648,2.4252472060097494,0.34900631635760543
csb_field,181825002163924,2022-07-09,PSScene-20220709_153453_16_2427,1.0,False,0.4758588678279235,2.2290039378503197,0.33461146676926357
csb_field,181825002163922,2022-07-09,PSScene-20220709_153453_16_2427,1.0,False,0.8286869254901255,6.211114585313865,0.6089918814545913
csb_field,181825002163878,2022-07-09,PSScene-20220709_153453_16_2427,1.0,False,0.8630315054008074,7.253558877637799,0.6311016340852968
csb_field,181825002163866,2022-07-09,PSScene-20220709_153453_16_2427,1.0,False,0.5184748358857969,2.343035497892809,0.3298917930190147
csb_field,181825002163865,2022-07-09,PSScene-20220709_153453_16_2427,1.0,False,0.5686505727044624,2.621931561455918,0.35816400008272165
csb_field,181825002163854,2022-07-09,PSScene-20220709_153453_16_2427,1.0,False,0.6796296336998542,3.8724546104669573,0.4607075664525231
csb_field,181825002163846,2022-07-09,PSScene-20220709_153453_16_2427,1.0,False,0.3938428742044112,1.8835797122880524,0.31415652790490317
csb_field,181825002163942,2022-07-09,PSScene-20220709_153453_16_2427,1.0,False,0.8024945650357754,6.372080697170584,0.6445556398911998
csb_field,181825002163957,2022-07-09,PSScene-20220709_153453_16_2427,1.0,False,0.6018806662343308,3.181860815188689,0.42226435188340916
csb_field,181825002163897,2022-07-09,PSScene-20220709_153453_16_2427,1.0,False,0.5522806637465675,2.7972417636520217,0.3788354566056345
csb_field,181825002163916,2022-07-09,PSScene-20220709_153453_16_2427,1.0,False,0.7608289607535331,5.261400614516131,0.593966884711577
csb_field,181825002163879,2022-07-09,PSScene-20220709_153453_16_2427,1.0,False,0.712360648650122,3.7220617652055243,0.46095834934560853
csb_field,181825002163918,2022-07-09,PSScene-20220709_153453_16_2427,1.0,False,0.46451112448617266,2.2690121380819215,0.3269997127664586
csb_field,181825002163911,2022-07-09,PSScene-20220709_153453_16_2427,1.0,False,0.7175658265898811,4.595141895025235,0.5078386087802036
csb_field,181825002163907,2022-07-09,PSScene-20220709_153453_16_2427,1.0,False,0.5633917196233851,2.836801026802483,0.3873158322125153
csb_field,181825002163884,2022-07-09,PSScene-20220709_153453_16_2427,1.0,False,0.6283707940339834,3.2967239764589555,0.4441476083507322
csb_field,181825002163859,2022-07-09,PSScene-20220709_153453_16_2427,1.0,False,0.69636771020736,4.1710504989433455,0.49958363137847955
csb_field,181825002163855,2022-07-09,PSScene-20220709_153453_16_2427,1.0,False,0.6404319742672285,3.574241083565928,0.4436035353239797
csb_field,181825002163874,2022-07-09,PSScene-20220709_153453_16_2427,1.0,False,0.43852998591293707,2.113895837212551,0.3115055762468885
csb_field,181825002163842,2022-07-09,PSScene-20220709_153453_16_2427,1.0,False,0.6218755287610418,3.2354252663085132,0.44023115575555866
csb_field,181825002163872,2022-07-09,PSScene-20220709_153453_16_2427,1.0,False,0.7480977954286517,4.233142210331274,0.5405560340428408
csb_field,181825002163860,2022-07-09,PSScene-20220709_153453_16_2427,1.0,False,0.41147482530062407,1.9690997418453535,0.28826959958086595
gt_field,IN_PENG2025_CCNT,2022-07-09,PSScene-20220709_153455_46_2427,1.0,False,0.6599861674613854,3.645134942421929,0.486842205760027
gt_field,IN_PENG2025_NT,2022-07-09,PSScene-20220709_153455_46_2427,1.0,False,0.6524872792642361,3.6626287986595063,0.4947701656685986
csb_field,181825002164142,2022-07-09,PSScene-20220709_153455_46_2427,1.0,False,0.40999478437387904,1.9423360835434498,0.30035118387420834
csb_field,181825002164143,2022-07-09,PSScene-20220709_153455_46_2427,1.0,False,0.4504970068919799,2.181567675892458,0.33102522854431643
csb_field,181825002164131,2022-07-09,PSScene-20220709_153455_46_2427,1.0,False,0.7382922547509057,4.627068327524777,0.5687627741525267
csb_field,181825002164136,2022-07-09,PSScene-20220709_153455_46_2427,1.0,False,0.5147015807957843,2.531479304953151,0.36242480109258124
csb_field,181825002164109,2022-07-09,PSScene-20220709_153455_46_2427,1.0,False,0.5519398240770211,2.875663086190012,0.40084544476725026
csb_field,181825002164090,2022-07-09,PSScene-20220709_153455_46_2427,1.0,False,0.6044100289440526,3.136438101375659,0.4073082710292982
csb_field,181825002164096,2022-07-09,PSScene-20220709_153455_46_2427,1.0,False,0.5677008973543963,2.899197349106656,0.3777475830112105
csb_field,181825002164060,2022-07-09,PSScene-20220709_153455_46_2427,1.0,False,0.7057221331602627,3.8412284529302925,0.45917327081890197
csb_field,181825002164039,2022-07-09,PSScene-20220709_153455_46_2427,1.0,False,0.625172420865611,3.2875635473351728,0.47090053134842924
csb_field,181825002164033,2022-07-09,PSScene-20220709_153455_46_2427,1.0,False,0.5879180082982337,2.7387036501809403,0.3896981299061466
csb_field,181825002164017,2022-07-09,PSScene-20220709_153455_46_2427,1.0,False,0.7192098618411332,4.206069267053398,0.5008870517607216
csb_field,181825002164151,2022-07-09,PSScene-20220709_153455_46_2427,1.0,False,0.82699874700126,7.111923150913373,0.6682529948158147
csb_field,181825002164153,2022-07-09,PSScene-20220709_153455_46_2427,1.0,False,0.6630081853543737,3.7389890273353155,0.5000471923125653
csb_field,181825002164152,2022-07-09,PSScene-20220709_153455_46_2427,1.0,False,0.7172128837407304,4.451909971500091,0.5457768997800139
csb_field,181825002164141,2022-07-09,PSScene-20220709_153455_46_2427,1.0,False,0.555611284227226,2.8759705027409774,0.4058051973022957
csb_field,181825002164144,2022-07-09,PSScene-20220709_153455_46_2427,1.0,False,0.5182294294029967,2.6299250411803583,0.3786690093326921
csb_field,181825002164119,2022-07-09,PSScene-20220709_153455_46_2427,1.0,False,0.5436977476442122,2.7711489891931183,0.39027166097204014
csb_field,181825002164140,2022-07-09,PSScene-20220709_153455_46_2427,1.0,False,0.6947901739069614,4.168289888275553,0.5352427327796244
csb_field,181825002164064,2022-07-09,PSScene-20220709_153455_46_2427,1.0,False,0.5731383384054777,3.0421277477420814,0.40750000098028594
csb_field,181825002164059,2022-07-09,PSScene-20220709_153455_46_2427,1.0,False,0.6472166223544952,3.5262177518452806,0.4765902754807042
csb_field,181825002164061,2022-07-09,PSScene-20220709_153455_46_2427,1.0,False,0.5502919334721776,2.8544376607113873,0.3920212972213289
csb_field,181825002164104,2022-07-09,PSScene-20220709_153455_46_2427,1.0,False,0.5572711167656714,2.8961831682181773,0.39336253075427535
csb_field,181825002164087,2022-07-09,PSScene-20220709_153455_46_2427,1.0,False,0.7360074123098373,4.7167061057012285,0.5600917442638965
csb_field,181825002164078,2022-07-09,PSScene-20220709_153455_46_2427,1.0,False,0.7096031294961281,4.186369801683379,0.49824081515443736
csb_field,181825002164073,2022-07-09,PSScene-20220709_153455_46_2427,1.0,False,0.6056213214312371,3.322487844373519,0.4393755521386695
csb_field,181825002164072,2022-07-09,PSScene-20220709_153455_46_2427,1.0,False,0.7735270630628807,5.332149498485925,0.5999385098982218
csb_field,181825002164058,2022-07-09,PSScene-20220709_153455_46_2427,1.0,False,0.4869875694423182,2.573755768599074,0.3551558458097344
csb_field,181825002164040,2022-07-09,PSScene-20220709_153455_46_2427,1.0,False,0.6009776819496736,3.0986884976907914,0.4215784719911865
csb_field,181825002163999,2022-07-09,PSScene-20220709_153455_46_2427,1.0,False,0.6106351656397743,3.3124499361432993,0.45086695160310475
csb_field,181825002164000,2022-07-09,PSScene-20220709_153455_46_2427,1.0,False,0.6407100950749814,3.7255278687840843,0.46982244647844706
csb_field,181825002163982,2022-07-09,PSScene-20220709_153455_46_2427,1.0,False,0.5435824973942482,2.9038510453211117,0.4105279449730703
csb_field,181825002163998,2022-07-09,PSScene-20220709_153455_46_2427,1.0,False,0.7091794722822878,3.7632889764145174,0.4616183185747656
csb_field,181825002163972,2022-07-09,PSScene-20220709_153455_46_2427,1.0,False,0.42395024978409696,2.0845536599326766,0.3061417906122935
csb_field,181825002163954,2022-07-09,PSScene-20220709_153455_46_2427,1.0,False,0.5200176022953804,2.661298487429534,0.3528710190551765
csb_field,181825002163941,2022-07-09,PSScene-20220709_153455_46_2427,1.0,False,0.5553664086645864,2.7194714353141425,0.38098291983322774
csb_field,181825002163948,2022-07-09,PSScene-20220709_153455_46_2427,1.0,False,0.66468490002467,3.8073148211917363,0.46811446329172063
csb_field,181825002164031,2022-07-09,PSScene-20220709_153455_46_2427,1.0,False,0.6625117127304566,3.7308361930501777,0.48802094362280474
csb_field,181825002164028,2022-07-09,PSScene-20220709_153455_46_2427,1.0,False,0.6528908507855589,3.678896851293904,0.49242939143383446
csb_field,181825002164004,2022-07-09,PSScene-20220709_153455_46_2427,1.0,False,0.6760845410675764,3.806720483469075,0.49872511366188055
csb_field,181825002164005,2022-07-09,PSScene-20220709_153455_46_2427,1.0,False,0.6632271509661078,3.7589682499567667,0.48974033267992845
csb_field,181825002163930,2022-07-09,PSScene-20220709_153455_46_2427,1.0,False,0.6958552642699776,4.4878640144789985,0.4874651156912703
csb_field,181825002163963,2022-07-09,PSScene-20220709_153455_46_2427,1.0,False,0.5610603252378669,3.0940996968028243,0.41086352422835876
csb_field,181825002163938,2022-07-09,PSScene-20220709_153455_46_2427,1.0,False,0.62772436771053,3.6247137911718896,0.443787399797418
csb_field,181825002163906,2022-07-09,PSScene-20220709_153455_46_2427,1.0,False,0.668994690322876,3.923480194091797,0.4856798901240031
csb_field,181825002163917,2022-07-09,PSScene-20220709_153455_46_2427,1.0,False,0.8261651368963691,5.829333688829329,0.5958848391726856
csb_field,181825002163904,2022-07-09,PSScene-20220709_153455_46_2427,1.0,False,0.6720913095897498,4.009900463426642,0.48858194333185445
csb_field,181825002163937,2022-07-09,PSScene-20220709_153455_46_2427,1.0,False,0.511950653326963,2.4372305672518384,0.3500576744588091
csb_field,181825002163924,2022-07-09,PSScene-20220709_153455_46_2427,1.0,False,0.4757711420019218,2.231473475659946,0.335038254082189
csb_field,181825002163922,2022-07-09,PSScene-20220709_153455_46_2427,1.0,False,0.8286866667888148,6.216601365590267,0.609104651984551
csb_field,181825002163878,2022-07-09,PSScene-20220709_153455_46_2427,1.0,False,0.8629884997134655,7.293017576229027,0.6309486344130802
csb_field,181825002163866,2022-07-09,PSScene-20220709_153455_46_2427,1.0,False,0.5188160197123686,2.3658754534231035,0.33025812081182054
csb_field,181825002163865,2022-07-09,PSScene-20220709_153455_46_2427,1.0,False,0.5685445140677073,2.638313282115767,0.35820119727174526
csb_field,181825002163854,2022-07-09,PSScene-20220709_153455_46_2427,1.0,False,0.6785012345761061,3.8637549777825675,0.4597684456656376
csb_field,181825002163846,2022-07-09,PSScene-20220709_153455_46_2427,1.0,False,0.39423178603836134,1.9011730166042553,0.3196888612765892
csb_field,181825002163942,2022-07-09,PSScene-20220709_153455_46_2427,1.0,False,0.8026076735021799,6.372101051821232,0.6443384680191594
csb_field,181825002163957,2022-07-09,PSScene-20220709_153455_46_2427,1.0,False,0.6017079836948362,3.1886153038474188,0.42212587521699524
csb_field,181825002163897,2022-07-09,PSScene-20220709_153455_46_2427,1.0,False,0.5535007879812148,2.809926541844694,0.38009724960126295
csb_field,181825002163916,2022-07-09,PSScene-20220709_153455_46_2427,1.0,False,0.7611668328721417,5.267694199430659,0.5948631842653858
csb_field,181825002163879,2022-07-09,PSScene-20220709_153455_46_2427,1.0,False,0.7118875654839681,3.7157800297232018,0.4604246911490508
csb_field,181825002163918,2022-07-09,PSScene-20220709_153455_46_2427,1.0,False,0.4635409877256111,2.2711004208083505,0.32589749859783934
csb_field,181825002163911,2022-07-09,PSScene-20220709_153455_46_2427,1.0,False,0.7184228810808486,4.624664856236728,0.509095793192865
csb_field,181825002163907,2022-07-09,PSScene-20220709_153455_46_2427,1.0,False,0.5629087228338995,2.8390421540508144,0.38721934124585944
csb_field,181825002163884,2022-07-09,PSScene-20220709_153455_46_2427,1.0,False,0.6269751164164099,3.2798355808457256,0.4423985091160441
csb_field,181825002163859,2022-07-09,PSScene-20220709_153455_46_2427,1.0,False,0.6956498569296713,4.15817879957287,0.49929027440597656
csb_field,181825002163855,2022-07-09,PSScene-20220709_153455_46_2427,1.0,False,0.6410443606124826,3.5810111312281334,0.44467155483045206
csb_field,181825002163874,2022-07-09,PSScene-20220709_153455_46_2427,1.0,False,0.43893859285541753,2.1224341840020307,0.31280145491379285
csb_field,181825002163842,2022-07-09,PSScene-20220709_153455_46_2427,1.0,False,0.6216774779122051,3.2327681416418494,0.44061656444659075
csb_field,181825002163872,2022-07-09,PSScene-20220709_153455_46_2427,1.0,False,0.7483830874338573,4.24339464049795,0.5419891649609679
csb_field,181825002163860,2022-07-09,PSScene-20220709_153455_46_2427,1.0,False,0.41317518504370726,1.980220214818121,0.2893812513187043
gt_field,IN_PENG2025_CCNT,2022-08-17,PSScene-20220817_153828_10_2235,0.9389334745590092,False,0.860033203043103,8.33420096171767,0.7261841730672074
gt_field,IN_PENG2025_NT,2022-08-17,PSScene-20220817_153828_10_2235,1.0,False,0.8967951300201743,10.115842260091462,0.769966889140193
csb_field,181825002164142,2022-08-17,PSScene-20220817_153828_10_2235,0.0,False,,,
csb_field,181825002164143,2022-08-17,PSScene-20220817_153828_10_2235,0.05188141391106044,False,0.6083090251837021,3.423233292041681,0.5140409381180019
csb_field,181825002164131,2022-08-17,PSScene-20220817_153828_10_2235,0.016157205240174673,False,0.7883084248852086,5.152014385687338,0.6485751216476028
csb_field,181825002164136,2022-08-17,PSScene-20220817_153828_10_2235,0.9738812467351559,False,0.8833368045047936,8.459035156963763,0.7326504459124057
csb_field,181825002164109,2022-08-17,PSScene-20220817_153828_10_2235,0.4819735734416749,False,0.8631063024711457,7.80852835959464,0.7097448342403947
csb_field,181825002164090,2022-08-17,PSScene-20220817_153828_10_2235,0.5887305699481865,False,0.925811241562217,11.465756206491468,0.7518993519058059
csb_field,181825002164096,2022-08-17,PSScene-20220817_153828_10_2235,0.585859715851885,False,0.8916729563562292,9.119272586792645,0.7234158295756058
csb_field,181825002164060,2022-08-17,PSScene-20220817_153828_10_2235,0.5107928182368368,False,0.6370372180643051,3.1285482248612113,0.41668330636728806
csb_field,181825002164039,2022-08-17,PSScene-20220817_153828_10_2235,1.0,False,0.8055152905614753,5.977815909134714,0.6746255021346242
csb_field,181825002164033,2022-08-17,PSScene-20220817_153828_10_2235,1.0,False,0.865340019127837,8.307075668816212,0.7087269218431579
csb_field,181825002164017,2022-08-17,PSScene-20220817_153828_10_2235,0.7985611510791367,False,0.8648507385640531,5.6608147792988,0.6528765049066629
csb_field,181825002164151,2022-08-17,PSScene-20220817_153828_10_2235,0.0,False,,,
csb_field,181825002164153,2022-08-17,PSScene-20220817_153828_10_2235,0.0627625401531999,False,0.8208701012172098,5.603715040552334,0.6477970103109916
csb_field,181825002164152,2022-08-17,PSScene-20220817_153828_10_2235,0.14835613641004697,False,0.8353185355047973,5.658268198996516,0.6214692188761436
csb_field,181825002164141,2022-08-17,PSScene-20220817_153828_10_2235,0.6463700234192038,False,0.8906807451360468,8.860789452485992,0.7431913532568637
csb_field,181825002164144,2022-08-17,PSScene-20220817_153828_10_2235,0.6392679402793385,False,0.8967916071115577,8.552049730723375,0.7333566149325301
csb_field,181825002164119,2022-08-17,PSScene-20220817_153828_10_2235,0.9916405433646813,False,0.8076331340977716,7.202539230925517,0.681421967150665
csb_field,181825002164140,2022-08-17,PSScene-20220817_153828_10_2235,0.8346953755811108,False,0.8714190509434342,8.412898565307342,0.7469679987265635
csb_field,181825002164064,2022-08-17,PSScene-20220817_153828_10_2235,0.051822323462414575,False,0.9039420236598005,8.993091750930954,0.7401972557162191
csb_field,181825002164059,2022-08-17,PSScene-20220817_153828_10_2235,0.10543964232488823,False,0.877291057617186,8.827992015789198,0.7416757274993878
csb_field,181825002164061,2022-08-17,PSScene-20220817_153828_10_2235,0.9481205419947183,False,0.9081304640656226,11.842316825135711,0.7489861511344729
csb_field,181825002164104,2022-08-17,PSScene-20220817_153828_10_2235,0.9895794566430964,False,0.8671376017441019,7.345042446584081,0.7003853155419808
csb_field,181825002164087,2022-08-17,PSScene-20220817_153828_10_2235,0.509113431251106,False,0.8738774571478429,7.869270084382429,0.7374514310277913
csb_field,181825002164078,2022-08-17,PSScene-20220817_153828_10_2235,0.8990147783251231,False,0.9075024674200032,10.547425488903098,0.7490228495369219
csb_field,181825002164073,2022-08-17,PSScene-20220817_153828_10_2235,0.5186686154663832,False,0.8965204702581687,9.664557820629552,0.7401808626645351
csb_field,181825002164072,2022-08-17,PSScene-20220817_153828_10_2235,0.37356446370530877,False,0.8480175697264152,6.87236114375276,0.7133299173169235
csb_field,181825002164058,2022-08-17,PSScene-20220817_153828_10_2235,0.06729839489460453,False,0.8306998456346577,6.261865863169747,0.6673544262503756
csb_field,181825002164040,2022-08-17,PSScene-20220817_153828_10_2235,0.3103316396219199,False,0.8834932311241266,9.022563945302661,0.714607193465279
csb_field,181825002163999,2022-08-17,PSScene-20220817_153828_10_2235,1.0,False,0.8822275409262792,8.903687634054343,0.7298503766433163
csb_field,181825002164000,2022-08-17,PSScene-20220817_153828_10_2235,0.654712643678161,False,0.9138538858513666,12.330789639069428,0.7637841411323055
csb_field,181825002163982,2022-08-17,PSScene-20220817_153828_10_2235,1.0,False,0.7701162385613951,7.305237208327202,0.7168168009143986
csb_field,181825002163998,2022-08-17,PSScene-20220817_153828_10_2235,0.8848981306448225,False,0.8744425521648442,5.9591972049782855,0.6042483692607205
csb_field,181825002163972,2022-08-17,PSScene-20220817_153828_10_2235,1.0,False,0.8945659603843754,9.975502506932747,0.7303603382935969
csb_field,181825002163954,2022-08-17,PSScene-20220817_153828_10_2235,0.01777362020579981,False,0.7477118514086071,3.4867639918076363,0.5249396021428862
csb_field,181825002163941,2022-08-17,PSScene-20220817_153828_10_2235,0.0,False,,,
csb_field,181825002163948,2022-08-17,PSScene-20220817_153828_10_2235,0.9980261160036441,False,0.855082737661362,7.290111570312573,0.6530175323484877
csb_field,181825002164031,2022-08-17,PSScene-20220817_153828_10_2235,0.8659223118784012,False,0.843708381927056,7.606421806350123,0.7040032620406226
csb_field,181825002164028,2022-08-17,PSScene-20220817_153828_10_2235,1.0,False,0.8970685398706983,10.001670392346492,0.7657084428227061
csb_field,181825002164004,2022-08-17,PSScene-20220817_153828_10_2235,0.9092961987203613,False,0.845072886974409,7.422700014138064,0.7078328291262617
csb_field,181825002164005,2022-08-17,PSScene-20220817_153828_10_2235,0.9821203953279425,False,0.8849203035790228,9.249178451083191,0.7495867143217353
csb_field,181825002163930,2022-08-17,PSScene-20220817_153828_10_2235,1.0,False,0.8289182602402267,6.853529232904451,0.6210577921309602
csb_field,181825002163963,2022-08-17,PSScene-20220817_153828_10_2235,1.0,False,0.9322037708220365,12.98028906441949,0.7712397815956656
csb_field,181825002163938,2022-08-17,PSScene-20220817_153828_10_2235,1.0,False,0.8550759492147023,8.184165059468326,0.6815715005124047
csb_field,181825002163906,2022-08-17,PSScene-20220817_153828_10_2235,1.0,False,0.7497712775548299,4.639522762298584,0.5989745390256246
csb_field,181825002163917,2022-08-17,PSScene-20220817_153828_10_2235,1.0,False,0.8845315657573424,6.885750548267143,0.648508068703827
csb_field,181825002163904,2022-08-17,PSScene-20220817_153828_10_2235,1.0,False,0.8694456395278909,8.561330005962743,0.7108520970128414
csb_field,181825002163937,2022-08-17,PSScene-20220817_153828_10_2235,0.0,False,,,
csb_field,181825002163924,2022-08-17,PSScene-20220817_153828_10_2235,0.18192406242720707,False,0.8827445990144824,8.524641234193966,0.7032046800767872
csb_field,181825002163922,2022-08-17,PSScene-20220817_153828_10_2235,1.0,False,0.6585769852288336,3.1541300524910576,0.4240054560436619
csb_field,181825002163878,2022-08-17,PSScene-20220817_153828_10_2235,1.0,False,0.6198336236638056,2.7957614023690196,0.4094958536193575
csb_field,181825002163866,2022-08-17,PSScene-20220817_153828_10_2235,1.0,False,0.5940975643216941,2.591620406344111,0.37604117311326296
csb_field,181825002163865,2022-08-17,PSScene-20220817_153828_10_2235,1.0,False,0.5868613501305812,2.568959860544628,0.3756344515601878
csb_field,181825002163854,2022-08-17,PSScene-20220817_153828_10_2235,0.9291666666666667,False,0.8145054943625702,5.111459447663996,0.5704828396506374
csb_field,181825002163846,2022-08-17,PSScene-20220817_153828_10_2235,1.0,False,0.5216808389214909,2.410400619693831,0.4301240061428033
csb_field,181825002163942,2022-08-17,PSScene-20220817_153828_10_2235,1.0,False,0.8902319985947402,9.528238103236001,0.7415899996544386
csb_field,181825002163957,2022-08-17,PSScene-20220817_153828_10_2235,1.0,False,0.9019186314277515,11.67647259143407,0.7321454017891554
csb_field,181825002163897,2022-08-17,PSScene-20220817_153828_10_2235,1.0,False,0.6954936352144352,3.956334639637035,0.4892430683472971
csb_field,181825002163916,2022-08-17,PSScene-20220817_153828_10_2235,1.0,False,0.8825263719687321,9.24907969897359,0.7342477884085247
csb_field,181825002163879,2022-08-17,PSScene-20220817_153828_10_2235,1.0,False,0.8852026546545928,6.036416443026796,0.6145890212615099
csb_field,181825002163918,2022-08-17,PSScene-20220817_153828_10_2235,0.9076388888888889,False,0.9096930361894648,9.727971581651435,0.7244004562812568
csb_field,181825002163911,2022-08-17,PSScene-20220817_153828_10_2235,1.0,False,0.9195339782913377,10.022324191862511,0.7247902938958551
csb_field,181825002163907,2022-08-17,PSScene-20220817_153828_10_2235,0.5932324769492435,False,0.8141008963524818,7.123987849758494,0.6375052549098976
csb_field,181825002163884,2022-08-17,PSScene-20220817_153828_10_2235,1.0,False,0.8940309387274261,10.373090600012903,0.7296876478081065
csb_field,181825002163859,2022-08-17,PSScene-20220817_153828_10_2235,0.32754126846220677,False,0.7441585521641081,4.892338234170362,0.5900603286151228
csb_field,181825002163855,2022-08-17,PSScene-20220817_153828_10_2235,0.0,False,,,
csb_field,181825002163874,2022-08-17,PSScene-20220817_153828_10_2235,0.0,False,,,
csb_field,181825002163842,2022-08-17,PSScene-20220817_153828_10_2235,0.6971544715447154,False,0.8897359592747758,9.963403767121429,0.7407090390215114
csb_field,181825002163872,2022-08-17,PSScene-20220817_153828_10_2235,0.0,False,,,
csb_field,181825002163860,2022-08-17,PSScene-20220817_153828_10_2235,0.0,False,,,
gt_field,IN_PENG2025_CCNT,2022-08-18,PSScene-20220818_153047_91_245c,1.0,False,0.8819687398221967,9.108736089238732,0.7333753930809455
gt_field,IN_PENG2025_NT,2022-08-18,PSScene-20220818_153047_91_245c,1.0,False,0.8915931592567435,9.599390393668086,0.7565438083151531
csb_field,181825002164142,2022-08-18,PSScene-20220818_153047_91_245c,0.0,False,,,
csb_field,181825002164143,2022-08-18,PSScene-20220818_153047_91_245c,0.012352717597871531,False,0.8275480921451862,7.38903536429772,0.7350137802270743
csb_field,181825002164131,2022-08-18,PSScene-20220818_153047_91_245c,0.2109170305676856,False,0.8642592303501153,8.64921820385856,0.7459852454825218
csb_field,181825002164136,2022-08-18,PSScene-20220818_153047_91_245c,0.6096117012014627,False,0.9265820183470671,11.765414004937407,0.752507578999749
csb_field,181825002164109,2022-08-18,PSScene-20220818_153047_91_245c,0.6418871930017203,False,0.8649159136061563,7.755903656414585,0.6925648568177798
csb_field,181825002164090,2022-08-18,PSScene-20220818_153047_91_245c,0.0,False,,,
csb_field,181825002164096,2022-08-18,PSScene-20220818_153047_91_245c,0.0,False,,,
csb_field,181825002164060,2022-08-18,PSScene-20220818_153047_91_245c,0.8779503732096026,False,0.6944081636337454,3.5670907729140975,0.44681412068551735
csb_field,181825002164039,2022-08-18,PSScene-20220818_153047_91_245c,1.0,False,0.866800646405471,8.345307370236046,0.7297213588890277
csb_field,181825002164033,2022-08-18,PSScene-20220818_153047_91_245c,1.0,False,0.8738927661820695,8.941644248587114,0.7045588561644157
csb_field,181825002164017,2022-08-18,PSScene-20220818_153047_91_245c,1.0,False,0.8896028163621752,7.201034137670942,0.6582456209676729
csb_field,181825002164151,2022-08-18,PSScene-20220818_153047_91_245c,0.0,False,,,
csb_field,181825002164153,2022-08-18,PSScene-20220818_153047_91_245c,0.0,False,,,
csb_field,181825002164152,2022-08-18,PSScene-20220818_153047_91_245c,0.0,False,,,
csb_field,181825002164141,2022-08-18,PSScene-20220818_153047_91_245c,0.0,False,,,
csb_field,181825002164144,2022-08-18,PSScene-20220818_153047_91_245c,0.0,False,,,
csb_field,181825002164119,2022-08-18,PSScene-20220818_153047_91_245c,0.0,False,,,
csb_field,181825002164140,2022-08-18,PSScene-20220818_153047_91_245c,0.37352581355517495,False,0.8818461189306878,8.925130993795475,0.7344775661468881
csb_field,181825002164064,2022-08-18,PSScene-20220818_153047_91_245c,1.0,False,0.9192476132396685,11.98729786840278,0.7564049000620571
csb_field,181825002164059,2022-08-18,PSScene-20220818_153047_91_245c,1.0,False,0.8919792830682508,9.608169120576804,0.7489731489185821
csb_field,181825002164061,2022-08-18,PSScene-20220818_153047_91_245c,1.0,False,0.905201406325387,11.852369995764708,0.7409292719109857
csb_field,181825002164104,2022-08-18,PSScene-20220818_153047_91_245c,0.8537402307406029,False,0.8954705981035906,9.672610025771721,0.7067245568726098
csb_field,181825002164087,2022-08-18,PSScene-20220818_153047_91_245c,1.0,False,0.8575966327807646,7.654576982023273,0.7163337871914859
csb_field,181825002164078,2022-08-18,PSScene-20220818_153047_91_245c,1.0,False,0.9261745795093733,12.734457959095245,0.7699585352918784
csb_field,181825002164073,2022-08-18,PSScene-20220818_153047_91_245c,1.0,False,0.9052540389600663,10.023068905130144,0.726331222268802
csb_field,181825002164072,2022-08-18,PSScene-20220818_153047_91_245c,1.0,False,0.8945711388877257,9.802414720004196,0.7606644203061014
csb_field,181825002164058,2022-08-18,PSScene-20220818_153047_91_245c,1.0,False,0.9180919070742711,11.915149632470332,0.7574940154041134
csb_field,181825002164040,2022-08-18,PSScene-20220818_153047_91_245c,1.0,False,0.9270270039382245,12.509014967184395,0.7614084902060057
csb_field,181825002163999,2022-08-18,PSScene-20220818_153047_91_245c,1.0,False,0.8783152006779604,8.600008180981634,0.7222367334412072
csb_field,181825002164000,2022-08-18,PSScene-20220818_153047_91_245c,1.0,False,0.9109819799331538,13.082439659591005,0.7654540422904454
csb_field,181825002163982,2022-08-18,PSScene-20220818_153047_91_245c,1.0,False,0.7056907860383596,5.682407940903755,0.5824990970631169
csb_field,181825002163998,2022-08-18,PSScene-20220818_153047_91_245c,1.0,False,0.8851259795088549,6.491529204619579,0.6061458828518856
csb_field,181825002163972,2022-08-18,PSScene-20220818_153047_91_245c,1.0,False,0.8985209043146508,10.414529878049196,0.7205345964676924
csb_field,181825002163954,2022-08-18,PSScene-20220818_153047_91_245c,1.0,False,0.7642858593512964,4.316452460828733,0.504625329076965
csb_field,181825002163941,2022-08-18,PSScene-20220818_153047_91_245c,1.0,False,0.902753754549402,10.900005119744765,0.7295207029587681
csb_field,181825002163948,2022-08-18,PSScene-20220818_153047_91_245c,1.0,False,0.7910084207116598,6.664005998398734,0.5917129918091246
csb_field,181825002164031,2022-08-18,PSScene-20220818_153047_91_245c,1.0,False,0.8801642298799089,9.00579572522544,0.7254223361468758
csb_field,181825002164028,2022-08-18,PSScene-20220818_153047_91_245c,1.0,False,0.8915224870658289,9.512321794761943,0.7518181434534319
csb_field,181825002164004,2022-08-18,PSScene-20220818_153047_91_245c,1.0,False,0.897254859656376,9.358584300799615,0.7422151392592853
csb_field,181825002164005,2022-08-18,PSScene-20220818_153047_91_245c,1.0,False,0.8924128377801753,9.383656328215004,0.7419941277838139
csb_field,181825002163930,2022-08-18,PSScene-20220818_153047_91_245c,1.0,False,0.7968352638663502,6.058635199835541,0.5749268389964869
csb_field,181825002163963,2022-08-18,PSScene-20220818_153047_91_245c,1.0,False,0.9209705551510751,12.277103571551686,0.7563112351051723
csb_field,181825002163938,2022-08-18,PSScene-20220818_153047_91_245c,1.0,False,0.8685929094976429,9.070318247937509,0.6843215220721599
csb_field,181825002163906,2022-08-18,PSScene-20220818_153047_91_245c,1.0,False,0.8894045851707458,9.950096205647787,0.7197424643675486
csb_field,181825002163917,2022-08-18,PSScene-20220818_153047_91_245c,1.0,False,0.8824095311976257,6.796617147527931,0.6329261079812661
csb_field,181825002163904,2022-08-18,PSScene-20220818_153047_91_245c,1.0,False,0.8971783556501408,10.530841316785082,0.728903860107022
csb_field,181825002163937,2022-08-18,PSScene-20220818_153047_91_245c,1.0,False,0.887463932834635,10.599472120318415,0.7192412528993812
csb_field,181825002163924,2022-08-18,PSScene-20220818_153047_91_245c,1.0,False,0.8820311996782961,9.11189205308297,0.7005340976923905
csb_field,181825002163922,2022-08-18,PSScene-20220818_153047_91_245c,1.0,False,0.593080948496894,2.869455116429775,0.3719636661543263
csb_field,181825002163878,2022-08-18,PSScene-20220818_153047_91_245c,1.0,False,0.6690587311568365,3.209366428022593,0.4168449453520727
csb_field,181825002163866,2022-08-18,PSScene-20220818_153047_91_245c,1.0,False,0.6899481243419221,3.251481067761224,0.4296804546155091
csb_field,181825002163865,2022-08-18,PSScene-20220818_153047_91_245c,1.0,False,0.6723126591386049,3.1463947241956536,0.4196087929556032
csb_field,181825002163854,2022-08-18,PSScene-20220818_153047_91_245c,1.0,False,0.8282839924097061,5.378063449263573,0.5624587782969077
csb_field,181825002163846,2022-08-18,PSScene-20220818_153047_91_245c,1.0,False,0.48573369664304394,3.0096458103142534,0.4049818582978903
csb_field,181825002163942,2022-08-18,PSScene-20220818_153047_91_245c,1.0,False,0.8808781215657313,8.784664106385287,0.7298770103081222
csb_field,181825002163957,2022-08-18,PSScene-20220818_153047_91_245c,1.0,False,0.8977242693076073,11.373858574417008,0.7239134623933492
csb_field,181825002163897,2022-08-18,PSScene-20220818_153047_91_245c,1.0,False,0.6831914504493083,3.927097660145038,0.47970423976456317
csb_field,181825002163916,2022-08-18,PSScene-20220818_153047_91_245c,1.0,False,0.8701338231632246,8.671662029076217,0.723214048749022
csb_field,181825002163879,2022-08-18,PSScene-20220818_153047_91_245c,1.0,False,0.8040290898322132,5.073506425722232,0.6024000392131601
csb_field,181825002163918,2022-08-18,PSScene-20220818_153047_91_245c,1.0,False,0.9115746004713906,9.754152039134944,0.7139060157868597
csb_field,181825002163911,2022-08-18,PSScene-20220818_153047_91_245c,1.0,False,0.9174495540438068,9.7293743501368,0.7082842542919259
csb_field,181825002163907,2022-08-18,PSScene-20220818_153047_91_245c,1.0,False,0.8296971883364346,8.208278615828348,0.6473941291008712
csb_field,181825002163884,2022-08-18,PSScene-20220818_153047_91_245c,1.0,False,0.8856621167263433,10.610020519859175,0.7116093853175692
csb_field,181825002163859,2022-08-18,PSScene-20220818_153047_91_245c,1.0,False,0.9033309700279832,11.158705060322527,0.7345690135848097
csb_field,181825002163855,2022-08-18,PSScene-20220818_153047_91_245c,1.0,False,0.7968886115380406,5.027137087394675,0.5531461097465057
csb_field,181825002163874,2022-08-18,PSScene-20220818_153047_91_245c,1.0,False,0.8165797357287277,6.943305276785938,0.632846328232071
csb_field,181825002163842,2022-08-18,PSScene-20220818_153047_91_245c,1.0,False,0.9146245338810168,12.095191335290428,0.7497909550320326
csb_field,181825002163872,2022-08-18,PSScene-20220818_153047_91_245c,1.0,False,0.8934621400349624,8.778415690490972,0.73270732254693
csb_field,181825002163860,2022-08-18,PSScene-20220818_153047_91_245c,1.0,False,0.9090976112718461,9.671870720605702,0.7114710877353096
gt_field,IN_PENG2025_CCNT,2022-08-18,PSScene-20220818_153050_20_245c,1.0,False,0.8813670864244894,9.105776387280436,0.7331806283868947
gt_field,IN_PENG2025_NT,2022-08-18,PSScene-20220818_153050_20_245c,1.0,False,0.8918409676193698,9.608014003074286,0.7566082615791141
csb_field,181825002164142,2022-08-18,PSScene-20220818_153050_20_245c,1.0,False,0.7558579751384679,7.906800258146076,0.6755047482570826
csb_field,181825002164143,2022-08-18,PSScene-20220818_153050_20_245c,0.9745343975674648,False,0.8409939844062473,7.282552411329355,0.7039027657307533
csb_field,181825002164131,2022-08-18,PSScene-20220818_153050_20_245c,1.0,False,0.8692692354048184,8.430946364840045,0.7420041782210487
csb_field,181825002164136,2022-08-18,PSScene-20220818_153050_20_245c,1.0,False,0.907070903475642,11.022823973895987,0.7406866636017609
csb_field,181825002164109,2022-08-18,PSScene-20220818_153050_20_245c,0.9974744701877677,False,0.8557232680075603,7.195800029057406,0.682488406498877
csb_field,181825002164090,2022-08-18,PSScene-20220818_153050_20_245c,1.0,False,0.8877754988525198,8.49364467111894,0.6980897615147378
csb_field,181825002164096,2022-08-18,PSScene-20220818_153050_20_245c,1.0,False,0.8808715424224,8.868678735878554,0.7034487234844645
csb_field,181825002164060,2022-08-18,PSScene-20220818_153050_20_245c,1.0,False,0.7123896378962917,4.0653321103797655,0.470815199371882
csb_field,181825002164039,2022-08-18,PSScene-20220818_153050_20_245c,1.0,False,0.866402287545957,8.321023243351986,0.7291250721404426
csb_field,181825002164033,2022-08-18,PSScene-20220818_153050_20_245c,1.0,False,0.8769114424509031,9.064397641906032,0.7076362350058777
csb_field,181825002164017,2022-08-18,PSScene-20220818_153050_20_245c,1.0,False,0.8886943399477348,7.137891162213662,0.6560618761632082
csb_field,181825002164151,2022-08-18,PSScene-20220818_153050_20_245c,1.0,False,0.8006708906685075,4.723602564566308,0.5958489186958466
csb_field,181825002164153,2022-08-18,PSScene-20220818_153050_20_245c,0.49444032616753153,False,0.7818440865540969,4.647361398636848,0.5929972193558057
csb_field,181825002164152,2022-08-18,PSScene-20220818_153050_20_245c,0.8835001021033285,False,0.8373087330469572,5.7898902296262245,0.6240836736626341
csb_field,181825002164141,2022-08-18,PSScene-20220818_153050_20_245c,0.22950819672131148,False,0.8131715708038434,6.705484879260161,0.6930136373456643
csb_field,181825002164144,2022-08-18,PSScene-20220818_153050_20_245c,0.31963397013966927,False,0.7860154592170601,5.042172393865887,0.6568922893836953
csb_field,181825002164119,2022-08-18,PSScene-20220818_153050_20_245c,0.40804597701149425,False,0.8111304877356896,5.727299159070746,0.6798629647409412
csb_field,181825002164140,2022-08-18,PSScene-20220818_153050_20_245c,0.9087839491069244,False,0.8547472284154845,7.2299197784154945,0.6813513721642256
csb_field,181825002164064,2022-08-18,PSScene-20220818_153050_20_245c,1.0,False,0.9193620934301737,11.995981966444463,0.7564362196213563
csb_field,181825002164059,2022-08-18,PSScene-20220818_153050_20_245c,1.0,False,0.8919198873851805,9.60033556326945,0.7488859152459293
csb_field,181825002164061,2022-08-18,PSScene-20220818_153050_20_245c,1.0,False,0.9052278123043701,11.843819658468567,0.7405612458270979
csb_field,181825002164104,2022-08-18,PSScene-20220818_153050_20_245c,1.0,False,0.897039543020712,9.590302951636703,0.7091203463490141
csb_field,181825002164087,2022-08-18,PSScene-20220818_153050_20_245c,1.0,False,0.85817219908945,7.684504781100966,0.7164454680800417
csb_field,181825002164078,2022-08-18,PSScene-20220818_153050_20_245c,1.0,False,0.9242843339595889,12.593619937967198,0.7683032781913363
csb_field,181825002164073,2022-08-18,PSScene-20220818_153050_20_245c,1.0,False,0.9051324531907197,10.015813925498792,0.7254932816005469
csb_field,181825002164072,2022-08-18,PSScene-20220818_153050_20_245c,1.0,False,0.8945051209123266,9.80302197465659,0.7594576225766382
csb_field,181825002164058,2022-08-18,PSScene-20220818_153050_20_245c,1.0,False,0.9181325991687174,11.927149701639477,0.757758638863867
csb_field,181825002164040,2022-08-18,PSScene-20220818_153050_20_245c,1.0,False,0.9269474914674712,12.51365623798213,0.7615140228348208
csb_field,181825002163999,2022-08-18,PSScene-20220818_153050_20_245c,1.0,False,0.8785333746824805,8.601459803421752,0.7228411715035293
csb_field,181825002164000,2022-08-18,PSScene-20220818_153050_20_245c,1.0,False,0.9110148303934773,13.098252267428949,0.765391366079434
csb_field,181825002163982,2022-08-18,PSScene-20220818_153050_20_245c,1.0,False,0.6924401276732144,5.354131078066891,0.5709829032421112
csb_field,181825002163998,2022-08-18,PSScene-20220818_153050_20_245c,1.0,False,0.884947603025799,6.489986018557629,0.6062022519134168
csb_field,181825002163972,2022-08-18,PSScene-20220818_153050_20_245c,1.0,False,0.8985753704976505,10.408751557194073,0.7204862614421632
csb_field,181825002163954,2022-08-18,PSScene-20220818_153050_20_245c,1.0,False,0.7650113524790676,4.360079884863658,0.5054673224102124
csb_field,181825002163941,2022-08-18,PSScene-20220818_153050_20_245c,1.0,False,0.9031765953541067,10.939189238873576,0.730047457965625
csb_field,181825002163948,2022-08-18,PSScene-20220818_153050_20_245c,1.0,False,0.7908544579456904,6.660578561071708,0.591549157474112
csb_field,181825002164031,2022-08-18,PSScene-20220818_153050_20_245c,1.0,False,0.8799980322098638,8.998185998482112,0.7256559495363076
csb_field,181825002164028,2022-08-18,PSScene-20220818_153050_20_245c,1.0,False,0.8913741353984964,9.509155250257916,0.7515818898864262
csb_field,181825002164004,2022-08-18,PSScene-20220818_153050_20_245c,1.0,False,0.8973394943037382,9.385597161345792,0.742645315739011
csb_field,181825002164005,2022-08-18,PSScene-20220818_153050_20_245c,1.0,False,0.8923988321560091,9.40906896563339,0.7423559721294868
csb_field,181825002163930,2022-08-18,PSScene-20220818_153050_20_245c,1.0,False,0.7959693048251878,6.036631796338143,0.5734123360673222
csb_field,181825002163963,2022-08-18,PSScene-20220818_153050_20_245c,1.0,False,0.9210336189081682,12.292692447148394,0.7567897692057638
csb_field,181825002163938,2022-08-18,PSScene-20220818_153050_20_245c,1.0,False,0.8689122712517756,9.079996891744536,0.6849017897174099
csb_field,181825002163906,2022-08-18,PSScene-20220818_153050_20_245c,1.0,False,0.8898068887074788,9.993117305755614,0.7209363404273987
csb_field,181825002163917,2022-08-18,PSScene-20220818_153050_20_245c,1.0,False,0.882479504827575,6.794341982105673,0.6326954088636212
csb_field,181825002163904,2022-08-18,PSScene-20220818_153050_20_245c,1.0,False,0.897628253366274,10.551528382684062,0.7297263644122087
csb_field,181825002163937,2022-08-18,PSScene-20220818_153050_20_245c,1.0,False,0.8859122647653389,10.557935332427999,0.7180161441077582
csb_field,181825002163924,2022-08-18,PSScene-20220818_153050_20_245c,1.0,False,0.881916361409913,9.114879126207773,0.7003736916036559
csb_field,181825002163922,2022-08-18,PSScene-20220818_153050_20_245c,1.0,False,0.5910273068671604,2.851959288206032,0.3706170529127121
csb_field,181825002163878,2022-08-18,PSScene-20220818_153050_20_245c,1.0,False,0.6678723209420919,3.2022164168462126,0.41728925983427057
csb_field,181825002163866,2022-08-18,PSScene-20220818_153050_20_245c,1.0,False,0.6903907097931591,3.2584639066377803,0.4301881175904622
csb_field,181825002163865,2022-08-18,PSScene-20220818_153050_20_245c,1.0,False,0.6735751531214845,3.1652263586919354,0.4213312740337269
csb_field,181825002163854,2022-08-18,PSScene-20220818_153050_20_245c,1.0,False,0.8296168549607198,5.38973053296407,0.5643585432320833
csb_field,181825002163846,2022-08-18,PSScene-20220818_153050_20_245c,1.0,False,0.4792804297278909,2.938110776976043,0.3940243910925061
csb_field,181825002163942,2022-08-18,PSScene-20220818_153050_20_245c,1.0,False,0.8813491689390145,8.812793116567892,0.7306993226576324
csb_field,181825002163957,2022-08-18,PSScene-20220818_153050_20_245c,1.0,False,0.898182146144196,11.424005244920153,0.7249036993938401
csb_field,181825002163897,2022-08-18,PSScene-20220818_153050_20_245c,1.0,False,0.6830878216837201,3.9131761512220744,0.4788592723714022
csb_field,181825002163916,2022-08-18,PSScene-20220818_153050_20_245c,1.0,False,0.8700823611086413,8.691064711035848,0.723235768958324
csb_field,181825002163879,2022-08-18,PSScene-20220818_153050_20_245c,1.0,False,0.80464701274857,5.218324907319539,0.6040306020061059
csb_field,181825002163918,2022-08-18,PSScene-20220818_153050_20_245c,1.0,False,0.9114019918358989,9.739659974420512,0.7136936885063295
csb_field,181825002163911,2022-08-18,PSScene-20220818_153050_20_245c,1.0,False,0.9179312141925333,9.778473747239095,0.7097568137724299
csb_field,181825002163907,2022-08-18,PSScene-20220818_153050_20_245c,1.0,False,0.8296829602112435,8.192338373494355,0.6471730675600004
csb_field,181825002163884,2022-08-18,PSScene-20220818_153050_20_245c,1.0,False,0.8841507663614756,10.53393738305081,0.7098227887178525
csb_field,181825002163859,2022-08-18,PSScene-20220818_153050_20_245c,1.0,False,0.9030057400542689,11.14319386780521,0.7344033089955924
csb_field,181825002163855,2022-08-18,PSScene-20220818_153050_20_245c,1.0,False,0.7966096025512409,5.005989769654542,0.5519011022945076
csb_field,181825002163874,2022-08-18,PSScene-20220818_153050_20_245c,1.0,False,0.8160522543747006,6.938426866304408,0.633242085114369
csb_field,181825002163842,2022-08-18,PSScene-20220818_153050_20_245c,1.0,False,0.9138184880338064,12.054403501312906,0.749260144626222
csb_field,181825002163872,2022-08-18,PSScene-20220818_153050_20_245c,1.0,False,0.8932357279709725,8.775715562291357,0.7324717284499348
csb_field,181825002163860,2022-08-18,PSScene-20220818_153050_20_245c,1.0,False,0.9088619603463245,9.632314491811535,0.7109984528310228
gt_field,IN_PENG2025_CCNT,2022-08-28,PSScene-20220828_160023_13_222f,0.0,False,,,
gt_field,IN_PENG2025_NT,2022-08-28,PSScene-20220828_160023_13_222f,0.0,False,,,
csb_field,181825002164142,2022-08-28,PSScene-20220828_160023_13_222f,0.0,False,,,
csb_field,181825002164143,2022-08-28,PSScene-20220828_160023_13_222f,0.0,False,,,
csb_field,181825002164131,2022-08-28,PSScene-20220828_160023_13_222f,0.0,False,,,
csb_field,181825002164136,2022-08-28,PSScene-20220828_160023_13_222f,0.0,False,,,
csb_field,181825002164109,2022-08-28,PSScene-20220828_160023_13_222f,0.0,False,,,
csb_field,181825002164090,2022-08-28,PSScene-20220828_160023_13_222f,0.0,False,,,
csb_field,181825002164096,2022-08-28,PSScene-20220828_160023_13_222f,0.0,False,,,
csb_field,181825002164060,2022-08-28,PSScene-20220828_160023_13_222f,0.8975186604801291,False,0.8918978551393896,7.48412320843759,0.6854780584567047
csb_field,181825002164039,2022-08-28,PSScene-20220828_160023_13_222f,1.0,False,0.8635943798642409,8.1749318022477,0.7457006821506902
csb_field,181825002164033,2022-08-28,PSScene-20220828_160023_13_222f,1.0,False,0.8881248988349129,9.619057537780868,0.7490759837544627
csb_field,181825002164017,2022-08-28,PSScene-20220828_160023_13_222f,1.0,False,0.8177756598527482,5.7412517636799985,0.6168382909658144
csb_field,181825002164151,2022-08-28,PSScene-20220828_160023_13_222f,0.0,False,,,
csb_field,181825002164153,2022-08-28,PSScene-20220828_160023_13_222f,0.0,False,,,
csb_field,181825002164152,2022-08-28,PSScene-20220828_160023_13_222f,0.0,False,,,
csb_field,181825002164141,2022-08-28,PSScene-20220828_160023_13_222f,0.0,False,,,
csb_field,181825002164144,2022-08-28,PSScene-20220828_160023_13_222f,0.0,False,,,
csb_field,181825002164119,2022-08-28,PSScene-20220828_160023_13_222f,0.0,False,,,
csb_field,181825002164140,2022-08-28,PSScene-20220828_160023_13_222f,0.0,False,,,
csb_field,181825002164064,2022-08-28,PSScene-20220828_160023_13_222f,0.0,False,,,
csb_field,181825002164059,2022-08-28,PSScene-20220828_160023_13_222f,0.14509852624606723,False,0.889351412420096,9.887496822808847,0.7747339101048577
csb_field,181825002164061,2022-08-28,PSScene-20220828_160023_13_222f,0.0,False,,,
csb_field,181825002164104,2022-08-28,PSScene-20220828_160023_13_222f,0.0,False,,,
csb_field,181825002164087,2022-08-28,PSScene-20220828_160023_13_222f,0.0,False,,,
csb_field,181825002164078,2022-08-28,PSScene-20220828_160023_13_222f,0.0,False,,,
csb_field,181825002164073,2022-08-28,PSScene-20220828_160023_13_222f,0.0,False,,,
csb_field,181825002164072,2022-08-28,PSScene-20220828_160023_13_222f,0.0,False,,,
csb_field,181825002164058,2022-08-28,PSScene-20220828_160023_13_222f,0.0,False,,,
csb_field,181825002164040,2022-08-28,PSScene-20220828_160023_13_222f,0.0,False,,,
csb_field,181825002163999,2022-08-28,PSScene-20220828_160023_13_222f,0.0,False,,,
csb_field,181825002164000,2022-08-28,PSScene-20220828_160023_13_222f,0.0,False,,,
csb_field,181825002163982,2022-08-28,PSScene-20220828_160023_13_222f,1.0,False,0.7038584890430921,4.78566292214067,0.5818057166386957
csb_field,181825002163998,2022-08-28,PSScene-20220828_160023_13_222f,1.0,False,0.9080958871174399,8.931263660538274,0.7229646798743593
csb_field,181825002163972,2022-08-28,PSScene-20220828_160023_13_222f,1.0,False,0.9146717712219291,12.015726825776218,0.7848513539570872
csb_field,181825002163954,2022-08-28,PSScene-20220828_160023_13_222f,1.0,False,0.7576450488074457,4.646820858106979,0.5523346950368864
csb_field,181825002163941,2022-08-28,PSScene-20220828_160023_13_222f,1.0,False,0.9024986791333025,11.24100001005087,0.7671104823789263
csb_field,181825002163948,2022-08-28,PSScene-20220828_160023_13_222f,0.9397965381111448,False,0.7525546875473024,6.6923699269378325,0.6091041378397021
csb_field,181825002164031,2022-08-28,PSScene-20220828_160023_13_222f,0.0,False,,,
csb_field,181825002164028,2022-08-28,PSScene-20220828_160023_13_222f,0.0,False,,,
csb_field,181825002164004,2022-08-28,PSScene-20220828_160023_13_222f,0.0,False,,,
csb_field,181825002164005,2022-08-28,PSScene-20220828_160023_13_222f,0.0,False,,,
csb_field,181825002163930,2022-08-28,PSScene-20220828_160023_13_222f,0.4197247706422018,False,0.8555461480969289,7.2981705652560045,0.6816436781909296
csb_field,181825002163963,2022-08-28,PSScene-20220828_160023_13_222f,0.0,False,,,
csb_field,181825002163938,2022-08-28,PSScene-20220828_160023_13_222f,0.06266968325791855,False,0.86547627517893,8.777593416427447,0.7204893156079178
csb_field,181825002163906,2022-08-28,PSScene-20220828_160023_13_222f,1.0,False,0.8879176566759746,9.559357795969644,0.7394385186195374
csb_field,181825002163917,2022-08-28,PSScene-20220828_160023_13_222f,0.0,False,,,
csb_field,181825002163904,2022-08-28,PSScene-20220828_160023_13_222f,0.9650613786591123,False,0.8958741889541163,10.115630061192523,0.752495992323657
csb_field,181825002163937,2022-08-28,PSScene-20220828_160023_13_222f,1.0,False,0.88996043531938,11.126333405816244,0.7633812131610231
csb_field,181825002163924,2022-08-28,PSScene-20220828_160023_13_222f,1.0,False,0.8874878721750341,9.704038598224773,0.7445207460482527
csb_field,181825002163922,2022-08-28,PSScene-20220828_160023_13_222f,1.0,False,0.8563500670649165,5.757616390598764,0.6215486598314999
csb_field,181825002163878,2022-08-28,PSScene-20220828_160023_13_222f,1.0,False,0.89726249989174,7.2477443012518155,0.680038480967224
csb_field,181825002163866,2022-08-28,PSScene-20220828_160023_13_222f,1.0,False,0.8965641870850423,7.463576778036649,0.6836592343409619
csb_field,181825002163865,2022-08-28,PSScene-20220828_160023_13_222f,1.0,False,0.9044888775961092,7.7506917576457175,0.6959521775202822
csb_field,181825002163854,2022-08-28,PSScene-20220828_160023_13_222f,1.0,False,0.8512256853282452,6.528523595631123,0.6403804949795207
csb_field,181825002163846,2022-08-28,PSScene-20220828_160023_13_222f,1.0,False,0.6674722018195134,4.966661789838006,0.5902792647773144
csb_field,181825002163942,2022-08-28,PSScene-20220828_160023_13_222f,0.0,False,,,
csb_field,181825002163957,2022-08-28,PSScene-20220828_160023_13_222f,0.0,False,,,
csb_field,181825002163897,2022-08-28,PSScene-20220828_160023_13_222f,0.0,False,,,
csb_field,181825002163916,2022-08-28,PSScene-20220828_160023_13_222f,0.0,False,,,
csb_field,181825002163879,2022-08-28,PSScene-20220828_160023_13_222f,0.0,False,,,
csb_field,181825002163918,2022-08-28,PSScene-20220828_160023_13_222f,0.0,False,,,
csb_field,181825002163911,2022-08-28,PSScene-20220828_160023_13_222f,0.0,False,,,
csb_field,181825002163907,2022-08-28,PSScene-20220828_160023_13_222f,0.0,False,,,
csb_field,181825002163884,2022-08-28,PSScene-20220828_160023_13_222f,0.0,False,,,
csb_field,181825002163859,2022-08-28,PSScene-20220828_160023_13_222f,1.0,False,0.889949928383326,9.85629392685215,0.7380227964924896
csb_field,181825002163855,2022-08-28,PSScene-20220828_160023_13_222f,0.0,False,,,
csb_field,181825002163874,2022-08-28,PSScene-20220828_160023_13_222f,0.0,False,,,
csb_field,181825002163842,2022-08-28,PSScene-20220828_160023_13_222f,0.0,False,,,
csb_field,181825002163872,2022-08-28,PSScene-20220828_160023_13_222f,0.0,False,,,
csb_field,181825002163860,2022-08-28,PSScene-20220828_160023_13_222f,0.0,False,,,
gt_field,IN_PENG2025_CCNT,2022-08-28,PSScene-20220828_160025_34_222f,0.0,False,,,
gt_field,IN_PENG2025_NT,2022-08-28,PSScene-20220828_160025_34_222f,0.0,False,,,
csb_field,181825002164142,2022-08-28,PSScene-20220828_160025_34_222f,0.0,False,,,
csb_field,181825002164143,2022-08-28,PSScene-20220828_160025_34_222f,0.0,False,,,
csb_field,181825002164131,2022-08-28,PSScene-20220828_160025_34_222f,0.0,False,,,
csb_field,181825002164136,2022-08-28,PSScene-20220828_160025_34_222f,0.0,False,,,
csb_field,181825002164109,2022-08-28,PSScene-20220828_160025_34_222f,0.0,False,,,
csb_field,181825002164090,2022-08-28,PSScene-20220828_160025_34_222f,0.012953367875647668,False,0.9259855180978775,13.176256036758422,0.794921925663948
csb_field,181825002164096,2022-08-28,PSScene-20220828_160025_34_222f,0.8806354178319723,False,0.9106828110762001,12.355823352206045,0.7811223973096083
csb_field,181825002164060,2022-08-28,PSScene-20220828_160025_34_222f,1.0,False,0.8931534679661793,7.851169464495338,0.6889983152871847
csb_field,181825002164039,2022-08-28,PSScene-20220828_160025_34_222f,1.0,False,0.8641421503142307,8.524285160867791,0.7435723075741216
csb_field,181825002164033,2022-08-28,PSScene-20220828_160025_34_222f,1.0,False,0.8916000025691809,9.93805385518957,0.7511127530424683
csb_field,181825002164017,2022-08-28,PSScene-20220828_160025_34_222f,1.0,False,0.815642503096903,5.7304948731292065,0.6133033526029518
csb_field,181825002164151,2022-08-28,PSScene-20220828_160025_34_222f,0.0,False,,,
csb_field,181825002164153,2022-08-28,PSScene-20220828_160025_34_222f,0.0,False,,,
csb_field,181825002164152,2022-08-28,PSScene-20220828_160025_34_222f,0.0,False,,,
csb_field,181825002164141,2022-08-28,PSScene-20220828_160025_34_222f,0.0,False,,,
csb_field,181825002164144,2022-08-28,PSScene-20220828_160025_34_222f,0.0,False,,,
csb_field,181825002164119,2022-08-28,PSScene-20220828_160025_34_222f,0.0,False,,,
csb_field,181825002164140,2022-08-28,PSScene-20220828_160025_34_222f,0.0,False,,,
csb_field,181825002164064,2022-08-28,PSScene-20220828_160025_34_222f,0.0,False,,,
csb_field,181825002164059,2022-08-28,PSScene-20220828_160025_34_222f,0.11905944692829938,False,0.8891838101543207,9.826980838357821,0.770911903992316
csb_field,181825002164061,2022-08-28,PSScene-20220828_160025_34_222f,0.0,False,,,
csb_field,181825002164104,2022-08-28,PSScene-20220828_160025_34_222f,0.0,False,,,
csb_field,181825002164087,2022-08-28,PSScene-20220828_160025_34_222f,0.0,False,,,
csb_field,181825002164078,2022-08-28,PSScene-20220828_160025_34_222f,0.0,False,,,
csb_field,181825002164073,2022-08-28,PSScene-20220828_160025_34_222f,0.0,False,,,
csb_field,181825002164072,2022-08-28,PSScene-20220828_160025_34_222f,0.0,False,,,
csb_field,181825002164058,2022-08-28,PSScene-20220828_160025_34_222f,0.0,False,,,
csb_field,181825002164040,2022-08-28,PSScene-20220828_160025_34_222f,0.0,False,,,
csb_field,181825002163999,2022-08-28,PSScene-20220828_160025_34_222f,0.0,False,,,
csb_field,181825002164000,2022-08-28,PSScene-20220828_160025_34_222f,0.0,False,,,
csb_field,181825002163982,2022-08-28,PSScene-20220828_160025_34_222f,1.0,False,0.6823682736044061,4.847584342303342,0.5697540028454506
csb_field,181825002163998,2022-08-28,PSScene-20220828_160025_34_222f,1.0,False,0.9071846505068751,8.885253544691054,0.717997931815626
csb_field,181825002163972,2022-08-28,PSScene-20220828_160025_34_222f,1.0,False,0.9141769762108647,11.974793253541504,0.7815316175433847
csb_field,181825002163954,2022-08-28,PSScene-20220828_160025_34_222f,1.0,False,0.7582965329275497,4.7331333147018615,0.5477206663509971
csb_field,181825002163941,2022-08-28,PSScene-20220828_160025_34_222f,1.0,False,0.9027954816355417,11.276224495897806,0.7641931654047582
csb_field,181825002163948,2022-08-28,PSScene-20220828_160025_34_222f,0.9166413604615852,False,0.7532679557464603,6.715764723946485,0.6065755620751828
csb_field,181825002164031,2022-08-28,PSScene-20220828_160025_34_222f,0.0,False,,,
csb_field,181825002164028,2022-08-28,PSScene-20220828_160025_34_222f,0.0,False,,,
csb_field,181825002164004,2022-08-28,PSScene-20220828_160025_34_222f,0.0,False,,,
csb_field,181825002164005,2022-08-28,PSScene-20220828_160025_34_222f,0.0,False,,,
csb_field,181825002163930,2022-08-28,PSScene-20220828_160025_34_222f,0.1651376146788991,False,0.8517378866672516,7.776500860850017,0.7015574160549376
csb_field,181825002163963,2022-08-28,PSScene-20220828_160025_34_222f,0.0,False,,,
csb_field,181825002163938,2022-08-28,PSScene-20220828_160025_34_222f,0.06493212669683258,False,0.8674494272117416,9.056237384417331,0.723580442966069
csb_field,181825002163906,2022-08-28,PSScene-20220828_160025_34_222f,1.0,False,0.888034486579895,9.598241343688965,0.7371281361897787
csb_field,181825002163917,2022-08-28,PSScene-20220828_160025_34_222f,0.0,False,,,
csb_field,181825002163904,2022-08-28,PSScene-20220828_160025_34_222f,0.9622285174693107,False,0.8926354124337815,9.881243285065896,0.7432334583921685
csb_field,181825002163937,2022-08-28,PSScene-20220828_160025_34_222f,1.0,False,0.8899863245981585,11.09016782840269,0.7594115134488707
csb_field,181825002163924,2022-08-28,PSScene-20220828_160025_34_222f,1.0,False,0.8872634617981865,9.743642549761352,0.7417218420934821
csb_field,181825002163922,2022-08-28,PSScene-20220828_160025_34_222f,1.0,False,0.8663564167863174,6.2037417147657,0.6385177950207278
csb_field,181825002163878,2022-08-28,PSScene-20220828_160025_34_222f,1.0,False,0.9002741237757931,7.487958154242271,0.6847274636890495
csb_field,181825002163866,2022-08-28,PSScene-20220828_160025_34_222f,1.0,False,0.8999088180047389,7.678826085146067,0.68728410749073
csb_field,181825002163865,2022-08-28,PSScene-20220828_160025_34_222f,1.0,False,0.905712355707967,7.857174336784234,0.6953121973457599
csb_field,181825002163854,2022-08-28,PSScene-20220828_160025_34_222f,1.0,False,0.8482851172486942,6.2326271285613375,0.6294384802381198
csb_field,181825002163846,2022-08-28,PSScene-20220828_160025_34_222f,1.0,False,0.5723733422802944,3.7699227333068848,0.4794608845430262
csb_field,181825002163942,2022-08-28,PSScene-20220828_160025_34_222f,0.0,False,,,
csb_field,181825002163957,2022-08-28,PSScene-20220828_160025_34_222f,0.0,False,,,
csb_field,181825002163897,2022-08-28,PSScene-20220828_160025_34_222f,0.0,False,,,
csb_field,181825002163916,2022-08-28,PSScene-20220828_160025_34_222f,0.0,False,,,
csb_field,181825002163879,2022-08-28,PSScene-20220828_160025_34_222f,0.0,False,,,
csb_field,181825002163918,2022-08-28,PSScene-20220828_160025_34_222f,0.0,False,,,
csb_field,181825002163911,2022-08-28,PSScene-20220828_160025_34_222f,0.0,False,,,
csb_field,181825002163907,2022-08-28,PSScene-20220828_160025_34_222f,0.0,False,,,
csb_field,181825002163884,2022-08-28,PSScene-20220828_160025_34_222f,0.0,False,,,
csb_field,181825002163859,2022-08-28,PSScene-20220828_160025_34_222f,1.0,False,0.8984151184041017,10.70292142471161,0.7545540541229199
csb_field,181825002163855,2022-08-28,PSScene-20220828_160025_34_222f,0.0,False,,,
csb_field,181825002163874,2022-08-28,PSScene-20220828_160025_34_222f,0.0,False,,,
csb_field,181825002163842,2022-08-28,PSScene-20220828_160025_34_222f,0.0,False,,,
csb_field,181825002163872,2022-08-28,PSScene-20220828_160025_34_222f,0.0,False,,,
csb_field,181825002163860,2022-08-28,PSScene-20220828_160025_34_222f,0.0,False,,,
gt_field,IN_PENG2025_CCNT,2022-08-30,PSScene-20220830_153150_37_241e,0.0,True,,,
gt_field,IN_PENG2025_NT,2022-08-30,PSScene-20220830_153150_37_241e,0.0,True,,,
csb_field,181825002164142,2022-08-30,PSScene-20220830_153150_37_241e,1.0,True,0.9215211984150282,12.276921885086104,0.774731243034697
csb_field,181825002164143,2022-08-30,PSScene-20220830_153150_37_241e,1.0,True,0.9224730731867868,12.81926912345221,0.7810492312129736
csb_field,181825002164131,2022-08-30,PSScene-20220830_153150_37_241e,1.0,True,0.8971877994559763,10.147513370063544,0.774151636958609
csb_field,181825002164136,2022-08-30,PSScene-20220830_153150_37_241e,1.0,True,0.918259626052268,12.492990019413291,0.7668595735332242
csb_field,181825002164109,2022-08-30,PSScene-20220830_153150_37_241e,0.4160901870356136,True,0.9244740665956567,12.646598736002442,0.7752357435813751
csb_field,181825002164090,2022-08-30,PSScene-20220830_153150_37_241e,0.0,True,,,
csb_field,181825002164096,2022-08-30,PSScene-20220830_153150_37_241e,0.0,True,,,
csb_field,181825002164060,2022-08-30,PSScene-20220830_153150_37_241e,0.0,True,,,
csb_field,181825002164039,2022-08-30,PSScene-20220830_153150_37_241e,0.0,True,,,
csb_field,181825002164033,2022-08-30,PSScene-20220830_153150_37_241e,0.0,True,,,
csb_field,181825002164017,2022-08-30,PSScene-20220830_153150_37_241e,0.0,True,,,
csb_field,181825002164151,2022-08-30,PSScene-20220830_153150_37_241e,0.0,True,,,
csb_field,181825002164153,2022-08-30,PSScene-20220830_153150_37_241e,0.0,True,,,
csb_field,181825002164152,2022-08-30,PSScene-20220830_153150_37_241e,0.0,True,,,
csb_field,181825002164141,2022-08-30,PSScene-20220830_153150_37_241e,0.0,True,,,
csb_field,181825002164144,2022-08-30,PSScene-20220830_153150_37_241e,0.0,True,,,
csb_field,181825002164119,2022-08-30,PSScene-20220830_153150_37_241e,0.21839080459770116,True,0.779031679926084,6.532018863881032,0.5872678568399492
csb_field,181825002164140,2022-08-30,PSScene-20220830_153150_37_241e,0.0,True,,,
csb_field,181825002164064,2022-08-30,PSScene-20220830_153150_37_241e,0.0,True,,,
csb_field,181825002164059,2022-08-30,PSScene-20220830_153150_37_241e,0.0,True,,,
csb_field,181825002164061,2022-08-30,PSScene-20220830_153150_37_241e,0.12723054520324803,True,0.9266907568713966,14.019988908935973,0.7935948669583119
csb_field,181825002164104,2022-08-30,PSScene-20220830_153150_37_241e,1.0,True,0.9003632468412971,10.638232428216313,0.7322074033093637
csb_field,181825002164087,2022-08-30,PSScene-20220830_153150_37_241e,1.0,True,0.8873120604705268,9.701687635280834,0.7503604011370746
csb_field,181825002164078,2022-08-30,PSScene-20220830_153150_37_241e,1.0,True,0.9220015482781476,12.466641573899256,0.7700898073740405
csb_field,181825002164073,2022-08-30,PSScene-20220830_153150_37_241e,0.6193196917353175,True,0.9242740503344339,12.575348118788678,0.7705159450127863
csb_field,181825002164072,2022-08-30,PSScene-20220830_153150_37_241e,1.0,True,0.9012501097505248,10.73397369830949,0.7775789384201371
csb_field,181825002164058,2022-08-30,PSScene-20220830_153150_37_241e,1.0,True,0.9167055958170882,11.55024037728414,0.7577041573147263
csb_field,181825002164040,2022-08-30,PSScene-20220830_153150_37_241e,0.97139813145386,True,0.930165800203734,13.47108155523026,0.78576906785355
csb_field,181825002163999,2022-08-30,PSScene-20220830_153150_37_241e,0.0,True,,,
csb_field,181825002164000,2022-08-30,PSScene-20220830_153150_37_241e,0.9550261233019853,True,0.9156317660925543,12.79653433505088,0.7740128183787638
csb_field,181825002163982,2022-08-30,PSScene-20220830_153150_37_241e,0.0,True,,,
csb_field,181825002163998,2022-08-30,PSScene-20220830_153150_37_241e,0.0,True,,,
csb_field,181825002163972,2022-08-30,PSScene-20220830_153150_37_241e,0.0,True,,,
csb_field,181825002163954,2022-08-30,PSScene-20220830_153150_37_241e,0.0,True,,,
csb_field,181825002163941,2022-08-30,PSScene-20220830_153150_37_241e,0.0,True,,,
csb_field,181825002163948,2022-08-30,PSScene-20220830_153150_37_241e,0.0,True,,,
csb_field,181825002164031,2022-08-30,PSScene-20220830_153150_37_241e,0.0,True,,,
csb_field,181825002164028,2022-08-30,PSScene-20220830_153150_37_241e,0.0,True,,,
csb_field,181825002164004,2022-08-30,PSScene-20220830_153150_37_241e,0.0,True,,,
csb_field,181825002164005,2022-08-30,PSScene-20220830_153150_37_241e,0.0,True,,,
csb_field,181825002163930,2022-08-30,PSScene-20220830_153150_37_241e,0.0,True,,,
csb_field,181825002163963,2022-08-30,PSScene-20220830_153150_37_241e,0.0,True,,,
csb_field,181825002163938,2022-08-30,PSScene-20220830_153150_37_241e,0.0,True,,,
csb_field,181825002163906,2022-08-30,PSScene-20220830_153150_37_241e,0.0,True,,,
csb_field,181825002163917,2022-08-30,PSScene-20220830_153150_37_241e,0.0,True,,,
csb_field,181825002163904,2022-08-30,PSScene-20220830_153150_37_241e,0.0,True,,,
csb_field,181825002163937,2022-08-30,PSScene-20220830_153150_37_241e,0.0,True,,,
csb_field,181825002163924,2022-08-30,PSScene-20220830_153150_37_241e,0.0,True,,,
csb_field,181825002163922,2022-08-30,PSScene-20220830_153150_37_241e,0.0,True,,,
csb_field,181825002163878,2022-08-30,PSScene-20220830_153150_37_241e,0.0,True,,,
csb_field,181825002163866,2022-08-30,PSScene-20220830_153150_37_241e,0.0,True,,,
csb_field,181825002163865,2022-08-30,PSScene-20220830_153150_37_241e,0.0,True,,,
csb_field,181825002163854,2022-08-30,PSScene-20220830_153150_37_241e,0.0,True,,,
csb_field,181825002163846,2022-08-30,PSScene-20220830_153150_37_241e,0.0,True,,,
csb_field,181825002163942,2022-08-30,PSScene-20220830_153150_37_241e,0.0,True,,,
csb_field,181825002163957,2022-08-30,PSScene-20220830_153150_37_241e,1.0,True,0.8971886027226812,12.048113761848146,0.7420381740645902
csb_field,181825002163897,2022-08-30,PSScene-20220830_153150_37_241e,1.0,True,0.7704480361444279,4.30466492635348,0.5050790147666798
csb_field,181825002163916,2022-08-30,PSScene-20220830_153150_37_241e,0.32569453335040327,True,0.8899831421113839,9.667251600899434,0.7582786439122906
csb_field,181825002163879,2022-08-30,PSScene-20220830_153150_37_241e,1.0,True,0.9052265609061024,7.7317076494800565,0.669714821292737
csb_field,181825002163918,2022-08-30,PSScene-20220830_153150_37_241e,0.0,True,,,
csb_field,181825002163911,2022-08-30,PSScene-20220830_153150_37_241e,0.0,True,,,
csb_field,181825002163907,2022-08-30,PSScene-20220830_153150_37_241e,0.0,True,,,
csb_field,181825002163884,2022-08-30,PSScene-20220830_153150_37_241e,0.0,True,,,
csb_field,181825002163859,2022-08-30,PSScene-20220830_153150_37_241e,0.0,True,,,
csb_field,181825002163855,2022-08-30,PSScene-20220830_153150_37_241e,0.0,True,,,
csb_field,181825002163874,2022-08-30,PSScene-20220830_153150_37_241e,0.0,True,,,
csb_field,181825002163842,2022-08-30,PSScene-20220830_153150_37_241e,0.0,True,,,
csb_field,181825002163872,2022-08-30,PSScene-20220830_153150_37_241e,0.0,True,,,
csb_field,181825002163860,2022-08-30,PSScene-20220830_153150_37_241e,0.0,True,,,
gt_field,IN_PENG2025_CCNT,2022-08-30,PSScene-20220830_153152_66_241e,0.0,True,,,
gt_field,IN_PENG2025_NT,2022-08-30,PSScene-20220830_153152_66_241e,0.0,True,,,
csb_field,181825002164142,2022-08-30,PSScene-20220830_153152_66_241e,1.0,True,0.9237732826737358,12.540707853339997,0.777843357617334
csb_field,181825002164143,2022-08-30,PSScene-20220830_153152_66_241e,1.0,True,0.9251220722559145,13.111112456282772,0.7846021901394507
csb_field,181825002164131,2022-08-30,PSScene-20220830_153152_66_241e,1.0,True,0.8985644724349777,10.257920330545845,0.7745757041425393
csb_field,181825002164136,2022-08-30,PSScene-20220830_153152_66_241e,1.0,True,0.9214714657542594,12.75115939735144,0.7693554308537073
csb_field,181825002164109,2022-08-30,PSScene-20220830_153152_66_241e,0.41832290179715237,True,0.9258461895436887,12.772059547446636,0.7752478965771361
csb_field,181825002164090,2022-08-30,PSScene-20220830_153152_66_241e,0.0,True,,,
csb_field,181825002164096,2022-08-30,PSScene-20220830_153152_66_241e,0.0,True,,,
csb_field,181825002164060,2022-08-30,PSScene-20220830_153152_66_241e,0.0,True,,,
csb_field,181825002164039,2022-08-30,PSScene-20220830_153152_66_241e,0.0,True,,,
csb_field,181825002164033,2022-08-30,PSScene-20220830_153152_66_241e,0.0,True,,,
csb_field,181825002164017,2022-08-30,PSScene-20220830_153152_66_241e,0.0,True,,,
csb_field,181825002164151,2022-08-30,PSScene-20220830_153152_66_241e,0.0,True,,,
csb_field,181825002164153,2022-08-30,PSScene-20220830_153152_66_241e,0.0,True,,,
csb_field,181825002164152,2022-08-30,PSScene-20220830_153152_66_241e,0.0,True,,,
csb_field,181825002164141,2022-08-30,PSScene-20220830_153152_66_241e,0.00117096018735363,True,0.7864358130885086,5.940533043590456,0.6051359330474836
csb_field,181825002164144,2022-08-30,PSScene-20220830_153152_66_241e,0.0,True,,,
csb_field,181825002164119,2022-08-30,PSScene-20220830_153152_66_241e,0.22100313479623823,True,0.7955215898932428,7.0485159163560756,0.6075200831963313
csb_field,181825002164140,2022-08-30,PSScene-20220830_153152_66_241e,0.0,True,,,
csb_field,181825002164064,2022-08-30,PSScene-20220830_153152_66_241e,0.0,True,,,
csb_field,181825002164059,2022-08-30,PSScene-20220830_153152_66_241e,0.0,True,,,
csb_field,181825002164061,2022-08-30,PSScene-20220830_153152_66_241e,0.12826714712342968,True,0.9273962957444983,14.06668035279009,0.7924988653588112
csb_field,181825002164104,2022-08-30,PSScene-20220830_153152_66_241e,1.0,True,0.9056094693856379,11.07876000915742,0.739262992696714
csb_field,181825002164087,2022-08-30,PSScene-20220830_153152_66_241e,1.0,True,0.889829657812022,9.812747876943119,0.7500144621064814
csb_field,181825002164078,2022-08-30,PSScene-20220830_153152_66_241e,1.0,True,0.924692785251451,12.745976507129157,0.7730570198364546
csb_field,181825002164073,2022-08-30,PSScene-20220830_153152_66_241e,0.6213127823545044,True,0.9257270493001277,12.727156122621054,0.7711402358894096
csb_field,181825002164072,2022-08-30,PSScene-20220830_153152_66_241e,1.0,True,0.9037355356933603,10.896103915862199,0.7793532497486623
csb_field,181825002164058,2022-08-30,PSScene-20220830_153152_66_241e,1.0,True,0.9185662970883702,11.728624982046636,0.7586942684933434
csb_field,181825002164040,2022-08-30,PSScene-20220830_153152_66_241e,0.9693766049281538,True,0.9315549996138953,13.62195922482098,0.7866417495126037
csb_field,181825002163999,2022-08-30,PSScene-20220830_153152_66_241e,0.0,True,,,
csb_field,181825002164000,2022-08-30,PSScene-20220830_153152_66_241e,0.9533124346917451,True,0.9152762304120727,12.906007152555205,0.7725553969937102
csb_field,181825002163982,2022-08-30,PSScene-20220830_153152_66_241e,0.0,True,,,
csb_field,181825002163998,2022-08-30,PSScene-20220830_153152_66_241e,0.0,True,,,
csb_field,181825002163972,2022-08-30,PSScene-20220830_153152_66_241e,0.0,True,,,
csb_field,181825002163954,2022-08-30,PSScene-20220830_153152_66_241e,0.0,True,,,
csb_field,181825002163941,2022-08-30,PSScene-20220830_153152_66_241e,0.0,True,,,
csb_field,181825002163948,2022-08-30,PSScene-20220830_153152_66_241e,0.0,True,,,
csb_field,181825002164031,2022-08-30,PSScene-20220830_153152_66_241e,0.0,True,,,
csb_field,181825002164028,2022-08-30,PSScene-20220830_153152_66_241e,0.0,True,,,
csb_field,181825002164004,2022-08-30,PSScene-20220830_153152_66_241e,0.0,True,,,
csb_field,181825002164005,2022-08-30,PSScene-20220830_153152_66_241e,0.0,True,,,
csb_field,181825002163930,2022-08-30,PSScene-20220830_153152_66_241e,0.0,True,,,
csb_field,181825002163963,2022-08-30,PSScene-20220830_153152_66_241e,0.0,True,,,
csb_field,181825002163938,2022-08-30,PSScene-20220830_153152_66_241e,0.0,True,,,
csb_field,181825002163906,2022-08-30,PSScene-20220830_153152_66_241e,0.0,True,,,
csb_field,181825002163917,2022-08-30,PSScene-20220830_153152_66_241e,0.0,True,,,
csb_field,181825002163904,2022-08-30,PSScene-20220830_153152_66_241e,0.0,True,,,
csb_field,181825002163937,2022-08-30,PSScene-20220830_153152_66_241e,0.0,True,,,
csb_field,181825002163924,2022-08-30,PSScene-20220830_153152_66_241e,0.0,True,,,
csb_field,181825002163922,2022-08-30,PSScene-20220830_153152_66_241e,0.0,True,,,
csb_field,181825002163878,2022-08-30,PSScene-20220830_153152_66_241e,0.0,True,,,
csb_field,181825002163866,2022-08-30,PSScene-20220830_153152_66_241e,0.0,True,,,
csb_field,181825002163865,2022-08-30,PSScene-20220830_153152_66_241e,0.0,True,,,
csb_field,181825002163854,2022-08-30,PSScene-20220830_153152_66_241e,0.0,True,,,
csb_field,181825002163846,2022-08-30,PSScene-20220830_153152_66_241e,0.0,True,,,
csb_field,181825002163942,2022-08-30,PSScene-20220830_153152_66_241e,0.0,True,,,
csb_field,181825002163957,2022-08-30,PSScene-20220830_153152_66_241e,0.23647294589178355,True,0.9087877074108207,13.05801647872703,0.7670524865937991
csb_field,181825002163897,2022-08-30,PSScene-20220830_153152_66_241e,0.0,True,,,
csb_field,181825002163916,2022-08-30,PSScene-20220830_153152_66_241e,0.0,True,,,
csb_field,181825002163879,2022-08-30,PSScene-20220830_153152_66_241e,0.0,True,,,
csb_field,181825002163918,2022-08-30,PSScene-20220830_153152_66_241e,0.0,True,,,
csb_field,181825002163911,2022-08-30,PSScene-20220830_153152_66_241e,0.0,True,,,
csb_field,181825002163907,2022-08-30,PSScene-20220830_153152_66_241e,0.0,True,,,
csb_field,181825002163884,2022-08-30,PSScene-20220830_153152_66_241e,0.0,True,,,
csb_field,181825002163859,2022-08-30,PSScene-20220830_153152_66_241e,0.0,True,,,
csb_field,181825002163855,2022-08-30,PSScene-20220830_153152_66_241e,0.0,True,,,
csb_field,181825002163874,2022-08-30,PSScene-20220830_153152_66_241e,0.0,True,,,
csb_field,181825002163842,2022-08-30,PSScene-20220830_153152_66_241e,0.0,True,,,
csb_field,181825002163872,2022-08-30,PSScene-20220830_153152_66_241e,0.0,True,,,
csb_field,181825002163860,2022-08-30,PSScene-20220830_153152_66_241e,0.0,True,,,
gt_field,IN_PENG2025_CCNT,2022-09-23,PSScene-20220923_160839_01_2498,1.0,True,0.8537925627848405,8.52303539101892,0.6841584090672992
gt_field,IN_PENG2025_NT,2022-09-23,PSScene-20220923_160839_01_2498,1.0,True,0.87108715234737,9.27399893524793,0.7174679065801838
csb_field,181825002164142,2022-09-23,PSScene-20220923_160839_01_2498,1.0,True,0.8957201535623363,8.686460663008784,0.6599502791093222
csb_field,181825002164143,2022-09-23,PSScene-20220923_160839_01_2498,1.0,True,0.8961589041335689,8.484698151800242,0.649754545312216
csb_field,181825002164131,2022-09-23,PSScene-20220923_160839_01_2498,1.0,True,0.8606314059002034,8.434418392797168,0.6905042113256454
csb_field,181825002164136,2022-09-23,PSScene-20220923_160839_01_2498,1.0,True,0.7198326780743712,4.270385559314296,0.40704319903192304
csb_field,181825002164109,2022-09-23,PSScene-20220923_160839_01_2498,1.0,True,0.7850139651960047,5.119934688223126,0.4621253754760116
csb_field,181825002164090,2022-09-23,PSScene-20220923_160839_01_2498,1.0,True,0.7645146283381079,4.687314181789275,0.42376432444715506
csb_field,181825002164096,2022-09-23,PSScene-20220923_160839_01_2498,1.0,True,0.793165680112912,5.065406727305434,0.4621967247600584
csb_field,181825002164060,2022-09-23,PSScene-20220923_160839_01_2498,1.0,True,0.8896032619234422,8.72728354536591,0.6463678150570248
csb_field,181825002164039,2022-09-23,PSScene-20220923_160839_01_2498,1.0,True,0.8397622075948852,8.064860579147643,0.6933022368348428
csb_field,181825002164033,2022-09-23,PSScene-20220923_160839_01_2498,1.0,True,0.7784968861225484,4.6491775578130845,0.45778586874638566
csb_field,181825002164017,2022-09-23,PSScene-20220923_160839_01_2498,1.0,True,0.8509741856558536,6.726958043026107,0.606502949232404
csb_field,181825002164151,2022-09-23,PSScene-20220923_160839_01_2498,1.0,True,0.7436994272197105,5.482432055558052,0.5384743371746726
csb_field,181825002164153,2022-09-23,PSScene-20220923_160839_01_2498,1.0,True,0.8758391823930529,9.025564561615127,0.7011705320631819
csb_field,181825002164152,2022-09-23,PSScene-20220923_160839_01_2498,1.0,True,0.8631709961791346,8.941750336176701,0.6837372304153301
csb_field,181825002164141,2022-09-23,PSScene-20220923_160839_01_2498,1.0,True,0.7523656925026606,3.5853631184441705,0.4103638858293262
csb_field,181825002164144,2022-09-23,PSScene-20220923_160839_01_2498,1.0,True,0.7712967148251066,3.9563635916354607,0.4376931702551499
csb_field,181825002164119,2022-09-23,PSScene-20220923_160839_01_2498,1.0,True,0.7864284018027425,4.866344428459746,0.49139770600779137
csb_field,181825002164140,2022-09-23,PSScene-20220923_160839_01_2498,1.0,True,0.8715463438537394,9.093141566157815,0.7059052322265622
csb_field,181825002164064,2022-09-23,PSScene-20220923_160839_01_2498,1.0,True,0.8423680262425681,7.134579495684694,0.5686509351539628
csb_field,181825002164059,2022-09-23,PSScene-20220923_160839_01_2498,1.0,True,0.8737869769227606,9.389317525509627,0.7129202040872833
csb_field,181825002164061,2022-09-23,PSScene-20220923_160839_01_2498,1.0,True,0.8625592177497357,7.630342819286931,0.5978040476213574
csb_field,181825002164104,2022-09-23,PSScene-20220923_160839_01_2498,1.0,True,0.7683080830435838,4.932256823399032,0.4684113850212709
csb_field,181825002164087,2022-09-23,PSScene-20220923_160839_01_2498,1.0,True,0.8524877766851551,8.383842276065021,0.6781426171802566
csb_field,181825002164078,2022-09-23,PSScene-20220923_160839_01_2498,1.0,True,0.648008156410338,3.6464745123727247,0.3595923551446923
csb_field,181825002164073,2022-09-23,PSScene-20220923_160839_01_2498,1.0,True,0.7618769066589021,4.696004360127039,0.4420862302694577
csb_field,181825002164072,2022-09-23,PSScene-20220923_160839_01_2498,1.0,True,0.8666722677347479,9.435481270448252,0.7117766291760868
csb_field,181825002164058,2022-09-23,PSScene-20220923_160839_01_2498,1.0,True,0.7229460908829713,4.149271042939327,0.4242005808638771
csb_field,181825002164040,2022-09-23,PSScene-20220923_160839_01_2498,1.0,True,0.7857826433920867,4.1782775443738975,0.4521499279017539
csb_field,181825002163999,2022-09-23,PSScene-20220923_160839_01_2498,1.0,True,0.8613220422506349,8.527867368199534,0.6830228678936741
csb_field,181825002164000,2022-09-23,PSScene-20220923_160839_01_2498,1.0,True,0.7273489722375335,4.357540210482266,0.4015050137574148
csb_field,181825002163982,2022-09-23,PSScene-20220923_160839_01_2498,1.0,True,0.6152955172414128,3.748549970303289,0.452538673199928
csb_field,181825002163998,2022-09-23,PSScene-20220923_160839_01_2498,1.0,True,0.8474446599514743,5.962871881764368,0.5655917674084929
csb_field,181825002163972,2022-09-23,PSScene-20220923_160839_01_2498,1.0,True,0.8849734678289247,8.570470071025646,0.6492997706286544
csb_field,181825002163954,2022-09-23,PSScene-20220923_160839_01_2498,1.0,True,0.7564761315521926,4.667684662674587,0.4992873193759462
csb_field,181825002163941,2022-09-23,PSScene-20220923_160839_01_2498,1.0,True,0.7650458589321149,4.320167314561857,0.46323792538093145
csb_field,181825002163948,2022-09-23,PSScene-20220923_160839_01_2498,1.0,True,0.703544430579748,4.061825786835526,0.44446572374191784
csb_field,181825002164031,2022-09-23,PSScene-20220923_160839_01_2498,1.0,True,0.8522313058957847,8.442148176531465,0.6769241489205057
csb_field,181825002164028,2022-09-23,PSScene-20220923_160839_01_2498,1.0,True,0.8708865463006298,9.198948249441175,0.7130891023582174
csb_field,181825002164004,2022-09-23,PSScene-20220923_160839_01_2498,1.0,True,0.864621812785557,8.26996705378444,0.6831187615833605
csb_field,181825002164005,2022-09-23,PSScene-20220923_160839_01_2498,1.0,True,0.8614462324099914,8.745006641441222,0.6880680190652291
csb_field,181825002163930,2022-09-23,PSScene-20220923_160839_01_2498,1.0,True,0.6802284217051701,3.8321619214956724,0.4140676658070162
csb_field,181825002163963,2022-09-23,PSScene-20220923_160839_01_2498,1.0,True,0.899115637791521,9.892978970088043,0.671658471867213
csb_field,181825002163938,2022-09-23,PSScene-20220923_160839_01_2498,1.0,True,0.7096911632002859,4.295595918244408,0.43572318135968124
csb_field,181825002163906,2022-09-23,PSScene-20220923_160839_01_2498,1.0,True,0.4986964908752182,2.7202630509347294,0.3145499728896869
csb_field,181825002163917,2022-09-23,PSScene-20220923_160839_01_2498,1.0,True,0.7350698172186407,4.444228020068191,0.47754647296669683
csb_field,181825002163904,2022-09-23,PSScene-20220923_160839_01_2498,1.0,True,0.493293887530244,2.7135926470127814,0.3123067183179143
csb_field,181825002163937,2022-09-23,PSScene-20220923_160839_01_2498,1.0,True,0.7319319962827603,3.8475304865310695,0.4320580782307318
csb_field,181825002163924,2022-09-23,PSScene-20220923_160839_01_2498,1.0,True,0.649666137910821,3.47311478338494,0.3921387903607829
csb_field,181825002163922,2022-09-23,PSScene-20220923_160839_01_2498,1.0,True,0.7469313697804041,4.1129708149270625,0.46274925167310477
csb_field,181825002163878,2022-09-23,PSScene-20220923_160839_01_2498,1.0,True,0.7078271319113428,3.8152886395051913,0.43650718310728504
csb_field,181825002163866,2022-09-23,PSScene-20220923_160839_01_2498,1.0,True,0.5057811665403991,2.416945576461429,0.3150436100296356
csb_field,181825002163865,2022-09-23,PSScene-20220923_160839_01_2498,1.0,True,0.5044301370584737,2.402778729986744,0.30940565528827474
csb_field,181825002163854,2022-09-23,PSScene-20220923_160839_01_2498,1.0,True,0.8326615361365474,6.232622874432768,0.5696088801746834
csb_field,181825002163846,2022-09-23,PSScene-20220923_160839_01_2498,1.0,True,0.4550041326845034,2.4193942871484952,0.33345900507682114
csb_field,181825002163942,2022-09-23,PSScene-20220923_160839_01_2498,1.0,True,0.80676206460134,6.788409922207361,0.6061877857687393
csb_field,181825002163957,2022-09-23,PSScene-20220923_160839_01_2498,1.0,True,0.7939232056595019,4.67899715266786,0.48190990037981923
csb_field,181825002163897,2022-09-23,PSScene-20220923_160839_01_2498,1.0,True,0.8311544361319609,6.548437414604941,0.5877494539865034
csb_field,181825002163916,2022-09-23,PSScene-20220923_160839_01_2498,1.0,True,0.8517682602829199,7.973348819546145,0.6635005468267036
csb_field,181825002163879,2022-09-23,PSScene-20220923_160839_01_2498,1.0,True,0.8751342341887433,7.373023348652327,0.6138923019441944
csb_field,181825002163918,2022-09-23,PSScene-20220923_160839_01_2498,1.0,True,0.8403245491165304,6.090722276655796,0.5573947371262804
csb_field,181825002163911,2022-09-23,PSScene-20220923_160839_01_2498,1.0,True,0.8465616800899006,6.751417306055563,0.5762803906527753
csb_field,181825002163907,2022-09-23,PSScene-20220923_160839_01_2498,1.0,True,0.7160537753181708,4.48500372851093,0.45812329840567695
csb_field,181825002163884,2022-09-23,PSScene-20220923_160839_01_2498,1.0,True,0.6224093975159415,3.2808353663099035,0.3485991249662191
csb_field,181825002163859,2022-09-23,PSScene-20220923_160839_01_2498,1.0,True,0.7560461920322498,4.536289548839582,0.4460677553175766
csb_field,181825002163855,2022-09-23,PSScene-20220923_160839_01_2498,1.0,True,0.7880848209076228,5.225987771339725,0.538568547592785
csb_field,181825002163874,2022-09-23,PSScene-20220923_160839_01_2498,1.0,True,0.8006388231723851,5.802598619927629,0.5556388102744977
csb_field,181825002163842,2022-09-23,PSScene-20220923_160839_01_2498,1.0,True,0.60711895699879,3.124567999949171,0.32875159645724733
csb_field,181825002163872,2022-09-23,PSScene-20220923_160839_01_2498,1.0,True,0.8122734454459474,6.4792624266368035,0.6117379969735811
csb_field,181825002163860,2022-09-23,PSScene-20220923_160839_01_2498,1.0,True,0.8235978009889655,5.767392504287051,0.5452943140429563
gt_field,IN_PENG2025_CCNT,2022-10-09,PSScene-20221009_160034_09_2231,1.0,True,0.6223702540662074,3.7832654212862775,0.399865509951362
gt_field,IN_PENG2025_NT,2022-10-09,PSScene-20221009_160034_09_2231,1.0,True,0.6368119270425854,3.8618384294259687,0.4096803580251961
csb_field,181825002164142,2022-10-09,PSScene-20221009_160034_09_2231,1.0,True,0.46806677113459555,2.7988863540345004,0.2757401286419895
csb_field,181825002164143,2022-10-09,PSScene-20221009_160034_09_2231,1.0,True,0.471308381707538,2.9162460035736784,0.2859231434897013
csb_field,181825002164131,2022-10-09,PSScene-20221009_160034_09_2231,1.0,True,0.5948322392406548,3.579575381882539,0.3803905166839306
csb_field,181825002164136,2022-10-09,PSScene-20221009_160034_09_2231,1.0,True,0.33485579533888343,1.7644650200658005,0.21536304385110727
csb_field,181825002164109,2022-10-09,PSScene-20221009_160034_09_2231,1.0,True,0.37504902875718155,2.2523119633137947,0.2447934357807458
csb_field,181825002164090,2022-10-09,PSScene-20221009_160034_09_2231,1.0,True,0.4040667790492636,2.558677263317274,0.26164086038264944
csb_field,181825002164096,2022-10-09,PSScene-20221009_160034_09_2231,1.0,True,0.41711376009354606,2.6472836674871822,0.27174107581366685
csb_field,181825002164060,2022-10-09,PSScene-20221009_160034_09_2231,1.0,True,0.7877580286987705,6.204434420896975,0.5390128415161859
csb_field,181825002164039,2022-10-09,PSScene-20221009_160034_09_2231,1.0,True,0.3552559701745135,1.6492428931814958,0.2187201859751123
csb_field,181825002164033,2022-10-09,PSScene-20221009_160034_09_2231,1.0,True,0.4595020976694823,2.676827753114537,0.2909293587227636
csb_field,181825002164017,2022-10-09,PSScene-20221009_160034_09_2231,1.0,True,0.7687178688919478,5.211950350040896,0.5171188876866392
csb_field,181825002164151,2022-10-09,PSScene-20221009_160034_09_2231,1.0,True,0.5614480381149305,3.4407652135133797,0.3585760852075244
csb_field,181825002164153,2022-10-09,PSScene-20221009_160034_09_2231,1.0,True,0.6579131019903147,4.426286238378029,0.4281649487131845
csb_field,181825002164152,2022-10-09,PSScene-20221009_160034_09_2231,1.0,True,0.6771295781349711,4.6438990249015095,0.4393608646809222
csb_field,181825002164141,2022-10-09,PSScene-20221009_160034_09_2231,1.0,True,0.3343255441695337,1.921889002683148,0.22704888602569515
csb_field,181825002164144,2022-10-09,PSScene-20221009_160034_09_2231,1.0,True,0.34221927710665434,2.087087259550703,0.2383250561059541
csb_field,181825002164119,2022-10-09,PSScene-20221009_160034_09_2231,1.0,True,0.4460582239866363,2.5284043586049507,0.29046279181878654
csb_field,181825002164140,2022-10-09,PSScene-20221009_160034_09_2231,1.0,True,0.6444412831986839,4.129344565213502,0.4243624056627392
csb_field,181825002164064,2022-10-09,PSScene-20221009_160034_09_2231,1.0,True,0.4108816108157696,2.589974893526571,0.25704823907954694
csb_field,181825002164059,2022-10-09,PSScene-20221009_160034_09_2231,1.0,True,0.6514071295924773,4.350492999933517,0.4391544265274261
csb_field,181825002164061,2022-10-09,PSScene-20221009_160034_09_2231,1.0,True,0.45817837262439015,2.7568718802180823,0.2740748926679181
csb_field,181825002164104,2022-10-09,PSScene-20221009_160034_09_2231,1.0,True,0.4347819417503233,2.41134585340694,0.2791727597836481
csb_field,181825002164087,2022-10-09,PSScene-20221009_160034_09_2231,1.0,True,0.6167211172597266,3.9575437719577535,0.4094676669097424
csb_field,181825002164078,2022-10-09,PSScene-20221009_160034_09_2231,1.0,True,0.4213309294827295,2.402867680609305,0.27464378765189434
csb_field,181825002164073,2022-10-09,PSScene-20221009_160034_09_2231,1.0,True,0.3674532215199616,2.2563231998575892,0.24018707073017256
csb_field,181825002164072,2022-10-09,PSScene-20221009_160034_09_2231,1.0,True,0.6823278341775686,4.649515422920306,0.46050437553649415
csb_field,181825002164058,2022-10-09,PSScene-20221009_160034_09_2231,1.0,True,0.40718572215199905,2.5216691245715785,0.2624354671498356
csb_field,181825002164040,2022-10-09,PSScene-20221009_160034_09_2231,1.0,True,0.3908819655898044,2.583023823748323,0.25265205869431984
csb_field,181825002163999,2022-10-09,PSScene-20221009_160034_09_2231,1.0,True,0.7148918395411394,5.119384738118055,0.4675637928291807
csb_field,181825002164000,2022-10-09,PSScene-20221009_160034_09_2231,1.0,True,0.3255435710580844,1.9585514343947015,0.21759349377128867
csb_field,181825002163982,2022-10-09,PSScene-20221009_160034_09_2231,1.0,True,0.450506003857303,2.196062290880047,0.2832893199167021
csb_field,181825002163998,2022-10-09,PSScene-20221009_160034_09_2231,1.0,True,0.827272190249901,5.602916990636333,0.5544772766771684
csb_field,181825002163972,2022-10-09,PSScene-20221009_160034_09_2231,1.0,True,0.49482617641041027,2.647980584290061,0.28573331101164223
csb_field,181825002163954,2022-10-09,PSScene-20221009_160034_09_2231,1.0,True,0.6965048664157012,3.8594271127674586,0.4348249036680502
csb_field,181825002163941,2022-10-09,PSScene-20221009_160034_09_2231,1.0,True,0.42141157032525817,2.4235510923490704,0.26902258240644755
csb_field,181825002163948,2022-10-09,PSScene-20221009_160034_09_2231,1.0,True,0.5364725308383872,3.069006863030577,0.33449378817085906
csb_field,181825002164031,2022-10-09,PSScene-20221009_160034_09_2231,1.0,True,0.5959321805955953,3.506468199975717,0.3887577647211367
csb_field,181825002164028,2022-10-09,PSScene-20221009_160034_09_2231,1.0,True,0.650295937241042,4.061311492154754,0.41892049987981683
csb_field,181825002164004,2022-10-09,PSScene-20221009_160034_09_2231,1.0,True,0.6402461450804533,3.6833489504564945,0.4017776701966661
csb_field,181825002164005,2022-10-09,PSScene-20221009_160034_09_2231,1.0,True,0.6578196900344225,4.288929925917974,0.41871971333689967
csb_field,181825002163930,2022-10-09,PSScene-20221009_160034_09_2231,1.0,True,0.537094217438138,3.124995909068203,0.3430983922701018
csb_field,181825002163963,2022-10-09,PSScene-20221009_160034_09_2231,1.0,True,0.5409121281571402,3.439663066138931,0.3064055029910831
csb_field,181825002163938,2022-10-09,PSScene-20221009_160034_09_2231,1.0,True,0.40479240977165754,2.2723022043608037,0.2545171396830249
csb_field,181825002163906,2022-10-09,PSScene-20221009_160034_09_2231,1.0,True,0.26377579256642697,1.3144140644402802,0.17024714368736266
csb_field,181825002163917,2022-10-09,PSScene-20221009_160034_09_2231,1.0,True,0.815235310250095,6.546924977606099,0.553389779198389
csb_field,181825002163904,2022-10-09,PSScene-20221009_160034_09_2231,1.0,True,0.2565687881363523,1.3245617933390588,0.16464966782753201
csb_field,181825002163937,2022-10-09,PSScene-20221009_160034_09_2231,1.0,True,0.4132219556897608,2.340922740393561,0.2608224602991505
csb_field,181825002163924,2022-10-09,PSScene-20221009_160034_09_2231,1.0,True,0.37920245031565836,2.036727381890166,0.23536822916938963
csb_field,181825002163922,2022-10-09,PSScene-20221009_160034_09_2231,1.0,True,0.8661870632886808,7.330501381684941,0.5977265126852469
csb_field,181825002163878,2022-10-09,PSScene-20221009_160034_09_2231,1.0,True,0.8628472615161988,6.941157838957327,0.5849779744867122
csb_field,181825002163866,2022-10-09,PSScene-20221009_160034_09_2231,1.0,True,0.8463546846947183,6.7240648738348945,0.579238105025952
csb_field,181825002163865,2022-10-09,PSScene-20221009_160034_09_2231,1.0,True,0.8607049699745657,6.988854459524813,0.5901106575320885
csb_field,181825002163854,2022-10-09,PSScene-20221009_160034_09_2231,1.0,True,0.754847003779395,4.943581910263882,0.4817531886569225
csb_field,181825002163846,2022-10-09,PSScene-20221009_160034_09_2231,1.0,True,0.4431994300768589,2.2233143353178546,0.30350520253188895
csb_field,181825002163942,2022-10-09,PSScene-20221009_160034_09_2231,1.0,True,0.6155084754294476,4.264848396404509,0.3915871564682802
csb_field,181825002163957,2022-10-09,PSScene-20221009_160034_09_2231,1.0,True,0.4629684034022044,3.1040733376837313,0.3001324979567012
csb_field,181825002163897,2022-10-09,PSScene-20221009_160034_09_2231,1.0,True,0.7033951735656636,4.511579191072519,0.44583094419310004
csb_field,181825002163916,2022-10-09,PSScene-20221009_160034_09_2231,1.0,True,0.6508484220203049,4.62254596649538,0.4150832242492378
csb_field,181825002163879,2022-10-09,PSScene-20221009_160034_09_2231,1.0,True,0.8384947650678896,6.815081147897917,0.5535301739068328
csb_field,181825002163918,2022-10-09,PSScene-20221009_160034_09_2231,1.0,True,0.5182915348106885,3.445547122452138,0.3214376155455186
csb_field,181825002163911,2022-10-09,PSScene-20221009_160034_09_2231,1.0,True,0.7279507974326859,6.342251161665632,0.4892244146693195
csb_field,181825002163907,2022-10-09,PSScene-20221009_160034_09_2231,1.0,True,0.4987085794701311,3.1179220390138496,0.3128527419335982
csb_field,181825002163884,2022-10-09,PSScene-20221009_160034_09_2231,1.0,True,0.34816191856651935,1.9920644007014003,0.2292792613497569
csb_field,181825002163859,2022-10-09,PSScene-20221009_160034_09_2231,1.0,True,0.3688472318694715,2.0947029059455393,0.24217347665037633
csb_field,181825002163855,2022-10-09,PSScene-20221009_160034_09_2231,1.0,True,0.6920722500934708,4.18348537469456,0.45324161706867044
csb_field,181825002163874,2022-10-09,PSScene-20221009_160034_09_2231,1.0,True,0.4379747236700734,2.5353661801362346,0.2621998273553469
csb_field,181825002163842,2022-10-09,PSScene-20221009_160034_09_2231,1.0,True,0.2802269077448485,1.5052751950309393,0.18163620319682622
csb_field,181825002163872,2022-10-09,PSScene-20221009_160034_09_2231,1.0,True,0.5685673367161701,3.899294506177024,0.3535190717646178
csb_field,181825002163860,2022-10-09,PSScene-20221009_160034_09_2231,1.0,True,0.49340551267582955,3.158042957033905,0.29342397720836005
gt_field,IN_PENG2025_CCNT,2022-10-09,PSScene-20221009_160824_76_248c,1.0,True,0.6595077676879293,4.586968881169588,0.4349453870353514
gt_field,IN_PENG2025_NT,2022-10-09,PSScene-20221009_160824_76_248c,1.0,True,0.661004095493756,4.543523887194943,0.44512185630127754
csb_field,181825002164142,2022-10-09,PSScene-20221009_160824_76_248c,1.0,True,0.48360156765023266,3.110895235995389,0.2959171547696447
csb_field,181825002164143,2022-10-09,PSScene-20221009_160824_76_248c,1.0,True,0.4780001597371697,3.1369719951969004,0.3024811278861516
csb_field,181825002164131,2022-10-09,PSScene-20221009_160824_76_248c,1.0,True,0.6131740936761487,4.0710623503598455,0.4072861103245446
csb_field,181825002164136,2022-10-09,PSScene-20221009_160824_76_248c,1.0,True,0.3550048145754693,2.097100991108716,0.24247121910563513
csb_field,181825002164109,2022-10-09,PSScene-20221009_160824_76_248c,1.0,True,0.3818487090829855,2.4898929067030893,0.2602737447193418
csb_field,181825002164090,2022-10-09,PSScene-20221009_160824_76_248c,1.0,True,0.4104471053336158,2.633597404622721,0.2777903896025428
csb_field,181825002164096,2022-10-09,PSScene-20221009_160824_76_248c,1.0,True,0.42347321553133793,2.718483802748664,0.2861694992151595
csb_field,181825002164060,2022-10-09,PSScene-20221009_160824_76_248c,1.0,True,0.7946621109838963,6.250689005727013,0.5438316950026749
csb_field,181825002164039,2022-10-09,PSScene-20221009_160824_76_248c,1.0,True,0.3248391610004266,1.5137192428999662,0.20367025467966535
csb_field,181825002164033,2022-10-09,PSScene-20221009_160824_76_248c,1.0,True,0.4764835355329736,2.699582301375369,0.3016391279016599
csb_field,181825002164017,2022-10-09,PSScene-20221009_160824_76_248c,1.0,True,0.7889837887112091,5.568655649835746,0.5335092910013224
csb_field,181825002164151,2022-10-09,PSScene-20221009_160824_76_248c,1.0,True,0.579273843617969,3.7370091213921564,0.3714161551532542
csb_field,181825002164153,2022-10-09,PSScene-20221009_160824_76_248c,1.0,True,0.6801197287522303,4.716902347054699,0.4461951252428996
csb_field,181825002164152,2022-10-09,PSScene-20221009_160824_76_248c,1.0,True,0.6951609639678239,5.020448987664264,0.4576145728479689
csb_field,181825002164141,2022-10-09,PSScene-20221009_160824_76_248c,1.0,True,0.3685938564427362,2.2736575716147556,0.25252223102191584
csb_field,181825002164144,2022-10-09,PSScene-20221009_160824_76_248c,1.0,True,0.3730920838023941,2.328125517433744,0.25687823493388473
csb_field,181825002164119,2022-10-09,PSScene-20221009_160824_76_248c,1.0,True,0.46698629430694644,2.867882303197709,0.3072124812213006
csb_field,181825002164140,2022-10-09,PSScene-20221009_160824_76_248c,1.0,True,0.6766070566241035,4.709651553752773,0.45248539119631026
csb_field,181825002164064,2022-10-09,PSScene-20221009_160824_76_248c,1.0,True,0.4069966832483011,2.605431342225831,0.26170584524962115
csb_field,181825002164059,2022-10-09,PSScene-20221009_160824_76_248c,1.0,True,0.6978163960752348,5.106183497160121,0.46782324407385767
csb_field,181825002164061,2022-10-09,PSScene-20221009_160824_76_248c,1.0,True,0.4546673850751847,2.775678681130779,0.27934961148320375
csb_field,181825002164104,2022-10-09,PSScene-20221009_160824_76_248c,1.0,True,0.4372316561326629,2.547309088554283,0.2923886598854243
csb_field,181825002164087,2022-10-09,PSScene-20221009_160824_76_248c,1.0,True,0.6376798667933706,4.27061268125238,0.4373344572723973
csb_field,181825002164078,2022-10-09,PSScene-20221009_160824_76_248c,1.0,True,0.34893035487992935,1.9160175443484304,0.24167729456977197
csb_field,181825002164073,2022-10-09,PSScene-20221009_160824_76_248c,1.0,True,0.35154288756061997,2.177702631312117,0.24067755128665144
csb_field,181825002164072,2022-10-09,PSScene-20221009_160824_76_248c,1.0,True,0.6747333993395896,4.723021440812578,0.47466324549444844
csb_field,181825002164058,2022-10-09,PSScene-20221009_160824_76_248c,1.0,True,0.40655433303625277,2.429723371412783,0.27106117747503555
csb_field,181825002164040,2022-10-09,PSScene-20221009_160824_76_248c,1.0,True,0.38263045040921567,2.4306848691949727,0.2601590384255684
csb_field,181825002163999,2022-10-09,PSScene-20221009_160824_76_248c,1.0,True,0.6903122242379154,4.758194938326288,0.46593868607901645
csb_field,181825002164000,2022-10-09,PSScene-20221009_160824_76_248c,1.0,True,0.31252499350586144,1.774630316552747,0.2182972949851744
csb_field,181825002163982,2022-10-09,PSScene-20221009_160824_76_248c,1.0,True,0.4442597528995947,2.226774651035421,0.2972931096046699
csb_field,181825002163998,2022-10-09,PSScene-20221009_160824_76_248c,1.0,True,0.8546339525780189,6.946341206215239,0.5908869687682128
csb_field,181825002163972,2022-10-09,PSScene-20221009_160824_76_248c,1.0,True,0.5000946513474696,2.9587626010555814,0.3060820379277664
csb_field,181825002163954,2022-10-09,PSScene-20221009_160824_76_248c,1.0,True,0.6952146152210427,3.913756001453787,0.43877981123021176
csb_field,181825002163941,2022-10-09,PSScene-20221009_160824_76_248c,1.0,True,0.42195168965322083,2.432919414359476,0.2768185371280435
csb_field,181825002163948,2022-10-09,PSScene-20221009_160824_76_248c,1.0,True,0.5369641443231524,2.9394713375987886,0.3433119890250482
csb_field,181825002164031,2022-10-09,PSScene-20221009_160824_76_248c,1.0,True,0.6640550676146831,4.715938688388426,0.43255805370755507
csb_field,181825002164028,2022-10-09,PSScene-20221009_160824_76_248c,1.0,True,0.666713868929243,4.588296749407567,0.4493287411432888
csb_field,181825002164004,2022-10-09,PSScene-20221009_160824_76_248c,1.0,True,0.6709259576749605,4.685721462531797,0.43885442177148465
csb_field,181825002164005,2022-10-09,PSScene-20221009_160824_76_248c,1.0,True,0.6628836986989537,4.55413974152417,0.4416374551424208
csb_field,181825002163930,2022-10-09,PSScene-20221009_160824_76_248c,1.0,True,0.5344518660092252,2.888461679505718,0.34721611658364215
csb_field,181825002163963,2022-10-09,PSScene-20221009_160824_76_248c,1.0,True,0.5300860195775607,3.112547961876191,0.30789779675429374
csb_field,181825002163938,2022-10-09,PSScene-20221009_160824_76_248c,1.0,True,0.40696495589416753,2.149368719416351,0.26528943464104
csb_field,181825002163906,2022-10-09,PSScene-20221009_160824_76_248c,1.0,True,0.2749781688073859,1.2960539000538664,0.18302158083591025
csb_field,181825002163917,2022-10-09,PSScene-20221009_160824_76_248c,1.0,True,0.7796695765407075,5.579110549062419,0.526157098230364
csb_field,181825002163904,2022-10-09,PSScene-20221009_160824_76_248c,1.0,True,0.2624408712931435,1.2801023341324662,0.17489803435360338
csb_field,181825002163937,2022-10-09,PSScene-20221009_160824_76_248c,1.0,True,0.3952473892715434,2.2489804812868255,0.2645467109842126
csb_field,181825002163924,2022-10-09,PSScene-20221009_160824_76_248c,1.0,True,0.37029402467601213,1.9597023873064183,0.2431848702379699
csb_field,181825002163922,2022-10-09,PSScene-20221009_160824_76_248c,1.0,True,0.8350572484968601,6.355729578169838,0.5714845206563686
csb_field,181825002163878,2022-10-09,PSScene-20221009_160824_76_248c,1.0,True,0.8464383515073354,6.340217798984431,0.5654400267738433
csb_field,181825002163866,2022-10-09,PSScene-20221009_160824_76_248c,1.0,True,0.8304573344399422,6.031453288477814,0.5611824622840923
csb_field,181825002163865,2022-10-09,PSScene-20221009_160824_76_248c,1.0,True,0.8420641162847297,6.398498111196394,0.5730746341978241
csb_field,181825002163854,2022-10-09,PSScene-20221009_160824_76_248c,1.0,True,0.7440352289541121,4.757839956315521,0.476213938217589
csb_field,181825002163846,2022-10-09,PSScene-20221009_160824_76_248c,1.0,True,0.4540321870967151,2.3168006382361876,0.3245722819729274
csb_field,181825002163942,2022-10-09,PSScene-20221009_160824_76_248c,1.0,True,0.5912325066080286,3.6967829625833892,0.3810320828140285
csb_field,181825002163957,2022-10-09,PSScene-20221009_160824_76_248c,1.0,True,0.44143606179108813,2.6816588713382266,0.2980765983716897
csb_field,181825002163897,2022-10-09,PSScene-20221009_160824_76_248c,1.0,True,0.6325923648572283,3.712741503605724,0.4253023731290548
csb_field,181825002163916,2022-10-09,PSScene-20221009_160824_76_248c,1.0,True,0.6188618138946447,4.040162562921084,0.41203369299260606
csb_field,181825002163879,2022-10-09,PSScene-20221009_160824_76_248c,1.0,True,0.7582117636235955,4.474747908195009,0.4975917951270817
csb_field,181825002163918,2022-10-09,PSScene-20221009_160824_76_248c,1.0,True,0.5029339572734705,2.9849701454041555,0.31790263962268617
csb_field,181825002163911,2022-10-09,PSScene-20221009_160824_76_248c,1.0,True,0.7036195160136697,5.332538624907391,0.47424220014961377
csb_field,181825002163907,2022-10-09,PSScene-20221009_160824_76_248c,1.0,True,0.4853328029516065,2.7519631252608945,0.31085676463904643
csb_field,181825002163884,2022-10-09,PSScene-20221009_160824_76_248c,1.0,True,0.362293419408089,1.8709249753450936,0.24019739656848732
csb_field,181825002163859,2022-10-09,PSScene-20221009_160824_76_248c,1.0,True,0.37124652953914056,2.012977865747432,0.24510780730425571
csb_field,181825002163855,2022-10-09,PSScene-20221009_160824_76_248c,1.0,True,0.6791400466306531,3.863706690618516,0.4390434360422327
csb_field,181825002163874,2022-10-09,PSScene-20221009_160824_76_248c,1.0,True,0.43103767537384,2.3255949006244165,0.26968051611074106
csb_field,181825002163842,2022-10-09,PSScene-20221009_160824_76_248c,1.0,True,0.2918747908578012,1.4817764340752375,0.19187609222932508
csb_field,181825002163872,2022-10-09,PSScene-20221009_160824_76_248c,1.0,True,0.5603736148843478,3.581366180897353,0.35384978152426577
csb_field,181825002163860,2022-10-09,PSScene-20221009_160824_76_248c,1.0,True,0.4817528022610771,2.838943135402397,0.2974093476501517
gt_field,IN_PENG2025_CCNT,2022-10-09,PSScene-20221009_160827_11_248c,0.9583248462133865,True,0.6573181709190276,4.531758180914837,0.43212027479175835
gt_field,IN_PENG2025_NT,2022-10-09,PSScene-20221009_160827_11_248c,0.9594191749206654,True,0.6581996308081257,4.485056847847899,0.4417255513585173
csb_field,181825002164142,2022-10-09,PSScene-20221009_160827_11_248c,1.0,True,0.4818576808106317,3.093246026703569,0.29243880368678754
csb_field,181825002164143,2022-10-09,PSScene-20221009_160827_11_248c,1.0,True,0.4766229172790674,3.1184049279752313,0.2988593249024928
csb_field,181825002164131,2022-10-09,PSScene-20221009_160827_11_248c,1.0,True,0.6112360068540219,4.030137480792669,0.404722907018317
csb_field,181825002164136,2022-10-09,PSScene-20221009_160827_11_248c,1.0,True,0.3561686954339529,2.1111928612073267,0.24235247697177598
csb_field,181825002164109,2022-10-09,PSScene-20221009_160827_11_248c,1.0,True,0.38149970313000575,2.4838290967041092,0.2575519704832632
csb_field,181825002164090,2022-10-09,PSScene-20221009_160827_11_248c,1.0,True,0.4113064655992982,2.638559331292479,0.2764350498693584
csb_field,181825002164096,2022-10-09,PSScene-20221009_160827_11_248c,1.0,True,0.424344236131465,2.7147761817507408,0.2845817627854122
csb_field,181825002164060,2022-10-09,PSScene-20221009_160827_11_248c,1.0,True,0.7919971106893712,6.151472232911416,0.5408287044232649
csb_field,181825002164039,2022-10-09,PSScene-20221009_160827_11_248c,1.0,True,0.3244462363470863,1.5237254872945976,0.2012375893642996
csb_field,181825002164033,2022-10-09,PSScene-20221009_160827_11_248c,1.0,True,0.47544579590012725,2.6871863784676604,0.299226662789259
csb_field,181825002164017,2022-10-09,PSScene-20221009_160827_11_248c,1.0,True,0.78590775185722,5.497090449578179,0.5296751762857103
csb_field,181825002164151,2022-10-09,PSScene-20221009_160827_11_248c,1.0,True,0.5799602601811248,3.77661423490943,0.3734232310671506
csb_field,181825002164153,2022-10-09,PSScene-20221009_160827_11_248c,1.0,True,0.6762409872007605,4.679019799343351,0.4447402192030045
csb_field,181825002164152,2022-10-09,PSScene-20221009_160827_11_248c,1.0,True,0.6920758867340718,4.955569358743705,0.45572252877272246
csb_field,181825002164141,2022-10-09,PSScene-20221009_160827_11_248c,1.0,True,0.3705951596128316,2.289218073482056,0.2534093631610407
csb_field,181825002164144,2022-10-09,PSScene-20221009_160827_11_248c,1.0,True,0.3728893102584562,2.328191095278905,0.2549733857445262
csb_field,181825002164119,2022-10-09,PSScene-20221009_160827_11_248c,1.0,True,0.47004427254401626,2.904892833947124,0.31048852405857863
csb_field,181825002164140,2022-10-09,PSScene-20221009_160827_11_248c,1.0,True,0.6733784582906157,4.646683995077004,0.4495819255320897
csb_field,181825002164064,2022-10-09,PSScene-20221009_160827_11_248c,1.0,True,0.4068022796308977,2.602759960807242,0.25946344074668454
csb_field,181825002164059,2022-10-09,PSScene-20221009_160827_11_248c,1.0,True,0.6953645630110442,5.034727590943557,0.46525485831687546
csb_field,181825002164061,2022-10-09,PSScene-20221009_160827_11_248c,1.0,True,0.45383999571186223,2.7666640188859284,0.2768553566755341
csb_field,181825002164104,2022-10-09,PSScene-20221009_160827_11_248c,1.0,True,0.4381441925183952,2.5600061785950743,0.29215812401654234
csb_field,181825002164087,2022-10-09,PSScene-20221009_160827_11_248c,1.0,True,0.6357548608985215,4.231726836327366,0.43487219876169186
csb_field,181825002164078,2022-10-09,PSScene-20221009_160827_11_248c,1.0,True,0.35248354550799427,1.9449657239181466,0.2438544361052389
csb_field,181825002164073,2022-10-09,PSScene-20221009_160827_11_248c,1.0,True,0.35025660395640984,2.170336146231059,0.23735965410244106
csb_field,181825002164072,2022-10-09,PSScene-20221009_160827_11_248c,1.0,True,0.6721023236406702,4.659924843068774,0.4719736237555939
csb_field,181825002164058,2022-10-09,PSScene-20221009_160827_11_248c,1.0,True,0.40670428249963875,2.4328913591253336,0.26953255671572607
csb_field,181825002164040,2022-10-09,PSScene-20221009_160827_11_248c,0.9885811069223625,True,0.3833580723709618,2.4333117145966368,0.25862686291676307
csb_field,181825002163999,2022-10-09,PSScene-20221009_160827_11_248c,0.44619486185167234,True,0.6950870191440072,4.74471427570223,0.4653445633401913
csb_field,181825002164000,2022-10-09,PSScene-20221009_160827_11_248c,0.036238244514106586,True,0.40558328555101514,2.2730475488524915,0.2697206963411463
csb_field,181825002163982,2022-10-09,PSScene-20221009_160827_11_248c,1.0,True,0.4234428524647338,2.0884099653909614,0.28267229990258097
csb_field,181825002163998,2022-10-09,PSScene-20221009_160827_11_248c,1.0,True,0.8507449438719678,6.784472745695208,0.586751365014869
csb_field,181825002163972,2022-10-09,PSScene-20221009_160827_11_248c,1.0,True,0.4988145235201981,2.948724964510298,0.3036981525722879
csb_field,181825002163954,2022-10-09,PSScene-20221009_160827_11_248c,1.0,True,0.6937168810717746,3.8906703927957893,0.4363910342562597
csb_field,181825002163941,2022-10-09,PSScene-20221009_160827_11_248c,0.3740987243483084,True,0.4220644771066996,2.4982777900629487,0.2755922542695909
csb_field,181825002163948,2022-10-09,PSScene-20221009_160827_11_248c,0.1655025812329183,True,0.5812628761416776,3.158191281685599,0.3624840522138515
csb_field,181825002164031,2022-10-09,PSScene-20221009_160827_11_248c,1.0,True,0.6619308939148263,4.652840587571815,0.43036855136367774
csb_field,181825002164028,2022-10-09,PSScene-20221009_160827_11_248c,0.8888477975016437,True,0.6629686589766222,4.533473283794918,0.445747926242294
csb_field,181825002164004,2022-10-09,PSScene-20221009_160827_11_248c,1.0,True,0.668456536592024,4.648228008829189,0.43569806733363825
csb_field,181825002164005,2022-10-09,PSScene-20221009_160827_11_248c,0.8014375561545373,True,0.6734221545893923,4.6378219756847745,0.44868353310977493
csb_field,181825002163930,2022-10-09,PSScene-20221009_160827_11_248c,0.0,True,,,
csb_field,181825002163963,2022-10-09,PSScene-20221009_160827_11_248c,0.0,True,,,
csb_field,181825002163938,2022-10-09,PSScene-20221009_160827_11_248c,0.0,True,,,
csb_field,181825002163906,2022-10-09,PSScene-20221009_160827_11_248c,0.0,True,,,
csb_field,181825002163917,2022-10-09,PSScene-20221009_160827_11_248c,0.0,True,,,
csb_field,181825002163904,2022-10-09,PSScene-20221009_160827_11_248c,0.0,True,,,
csb_field,181825002163937,2022-10-09,PSScene-20221009_160827_11_248c,0.0,True,,,
csb_field,181825002163924,2022-10-09,PSScene-20221009_160827_11_248c,0.0,True,,,
csb_field,181825002163922,2022-10-09,PSScene-20221009_160827_11_248c,0.0,True,,,
csb_field,181825002163878,2022-10-09,PSScene-20221009_160827_11_248c,0.0,True,,,
csb_field,181825002163866,2022-10-09,PSScene-20221009_160827_11_248c,0.0,True,,,
csb_field,181825002163865,2022-10-09,PSScene-20221009_160827_11_248c,0.0,True,,,
csb_field,181825002163854,2022-10-09,PSScene-20221009_160827_11_248c,0.0,True,,,
csb_field,181825002163846,2022-10-09,PSScene-20221009_160827_11_248c,0.0,True,,,
csb_field,181825002163942,2022-10-09,PSScene-20221009_160827_11_248c,0.0,True,,,
csb_field,181825002163957,2022-10-09,PSScene-20221009_160827_11_248c,0.0,True,,,
csb_field,181825002163897,2022-10-09,PSScene-20221009_160827_11_248c,0.0,True,,,
csb_field,181825002163916,2022-10-09,PSScene-20221009_160827_11_248c,0.0,True,,,
csb_field,181825002163879,2022-10-09,PSScene-20221009_160827_11_248c,0.0,True,,,
csb_field,181825002163918,2022-10-09,PSScene-20221009_160827_11_248c,0.0,True,,,
csb_field,181825002163911,2022-10-09,PSScene-20221009_160827_11_248c,0.0,True,,,
csb_field,181825002163907,2022-10-09,PSScene-20221009_160827_11_248c,0.0,True,,,
csb_field,181825002163884,2022-10-09,PSScene-20221009_160827_11_248c,0.0,True,,,
csb_field,181825002163859,2022-10-09,PSScene-20221009_160827_11_248c,0.0,True,,,
csb_field,181825002163855,2022-10-09,PSScene-20221009_160827_11_248c,0.0,True,,,
csb_field,181825002163874,2022-10-09,PSScene-20221009_160827_11_248c,0.0,True,,,
csb_field,181825002163842,2022-10-09,PSScene-20221009_160827_11_248c,0.0,True,,,
csb_field,181825002163872,2022-10-09,PSScene-20221009_160827_11_248c,0.0,True,,,
csb_field,181825002163860,2022-10-09,PSScene-20221009_160827_11_248c,0.0,True,,,
gt_field,IN_PENG2025_CCNT,2022-10-10,PSScene-20221010_161809_14_240c,1.0,True,0.6164132285797747,3.904997177176439,0.3902123376782961
gt_field,IN_PENG2025_NT,2022-10-10,PSScene-20221010_161809_14_240c,1.0,True,0.6129612032593094,3.781343045300192,0.3938761609105287
csb_field,181825002164142,2022-10-10,PSScene-20221010_161809_14_240c,1.0,True,0.45982546746252184,3.014990977575445,0.26908080657459377
csb_field,181825002164143,2022-10-10,PSScene-20221010_161809_14_240c,1.0,True,0.461561036870146,3.078421998476859,0.27718569198575327
csb_field,181825002164131,2022-10-10,PSScene-20221010_161809_14_240c,1.0,True,0.5856023982587393,3.732611236601715,0.36654085171748707
csb_field,181825002164136,2022-10-10,PSScene-20221010_161809_14_240c,1.0,True,0.3686120310749813,2.165200140219361,0.22074342178313827
csb_field,181825002164109,2022-10-10,PSScene-20221010_161809_14_240c,1.0,True,0.385133779666309,2.5080378621646044,0.23648886807227149
csb_field,181825002164090,2022-10-10,PSScene-20221010_161809_14_240c,1.0,True,0.4155555922319721,2.6627160480430674,0.2589245352438624
csb_field,181825002164096,2022-10-10,PSScene-20221010_161809_14_240c,1.0,True,0.4249978049193272,2.710643008484565,0.2621543727681578
csb_field,181825002164060,2022-10-10,PSScene-20221010_161809_14_240c,1.0,True,0.8060534998952034,6.443578664814711,0.545388079215756
csb_field,181825002164039,2022-10-10,PSScene-20221010_161809_14_240c,1.0,True,0.32628813807113904,1.4958510874015156,0.1754443280389174
csb_field,181825002164033,2022-10-10,PSScene-20221010_161809_14_240c,1.0,True,0.4714197888178543,2.6673166283971166,0.28055149085809894
csb_field,181825002164017,2022-10-10,PSScene-20221010_161809_14_240c,1.0,True,0.7930541663167431,5.610046116729995,0.5333858688037253
csb_field,181825002164151,2022-10-10,PSScene-20221010_161809_14_240c,1.0,True,0.5724557170143845,3.5646345262464747,0.35021575502986585
csb_field,181825002164153,2022-10-10,PSScene-20221010_161809_14_240c,1.0,True,0.6407513438482974,4.150732579631992,0.4077676341436711
csb_field,181825002164152,2022-10-10,PSScene-20221010_161809_14_240c,1.0,True,0.6625792128739387,4.412064795163267,0.4252339211775749
csb_field,181825002164141,2022-10-10,PSScene-20221010_161809_14_240c,1.0,True,0.3751467586262419,2.3037328474101755,0.23234432908754368
csb_field,181825002164144,2022-10-10,PSScene-20221010_161809_14_240c,1.0,True,0.3759377565557143,2.328945459809571,0.23279142712000933
csb_field,181825002164119,2022-10-10,PSScene-20221010_161809_14_240c,1.0,True,0.47087927690380216,2.862190136809977,0.28840533055506545
csb_field,181825002164140,2022-10-10,PSScene-20221010_161809_14_240c,1.0,True,0.6329209669988429,4.085070529935451,0.4089160388811714
csb_field,181825002164064,2022-10-10,PSScene-20221010_161809_14_240c,1.0,True,0.4053345385003869,2.6382654301471864,0.23758597627875594
csb_field,181825002164059,2022-10-10,PSScene-20221010_161809_14_240c,1.0,True,0.6472350955062147,4.285284181039517,0.4189499578759369
csb_field,181825002164061,2022-10-10,PSScene-20221010_161809_14_240c,1.0,True,0.4416793124525808,2.7660264412190463,0.2576038959667472
csb_field,181825002164104,2022-10-10,PSScene-20221010_161809_14_240c,1.0,True,0.44793731301202644,2.6367869926999568,0.2715183344858039
csb_field,181825002164087,2022-10-10,PSScene-20221010_161809_14_240c,1.0,True,0.6063059532520763,3.8325960656001317,0.3945909301638095
csb_field,181825002164078,2022-10-10,PSScene-20221010_161809_14_240c,1.0,True,0.3713371231633189,2.1256363162504694,0.22164813078751458
csb_field,181825002164073,2022-10-10,PSScene-20221010_161809_14_240c,1.0,True,0.3595410807786553,2.2499247923230117,0.21467340990336947
csb_field,181825002164072,2022-10-10,PSScene-20221010_161809_14_240c,1.0,True,0.6623795236234392,4.50554466029874,0.45060293565457393
csb_field,181825002164058,2022-10-10,PSScene-20221010_161809_14_240c,1.0,True,0.4145522351376577,2.4942023065451853,0.2507532693196878
csb_field,181825002164040,2022-10-10,PSScene-20221010_161809_14_240c,1.0,True,0.3884861878532263,2.4540306027532095,0.239583264084092
csb_field,181825002163999,2022-10-10,PSScene-20221010_161809_14_240c,1.0,True,0.6682723352225001,4.293242157437119,0.43487563687814124
csb_field,181825002164000,2022-10-10,PSScene-20221010_161809_14_240c,1.0,True,0.32059868274720976,1.7993885943323844,0.18689347151568317
csb_field,181825002163982,2022-10-10,PSScene-20221010_161809_14_240c,1.0,True,0.4743901809384841,2.3219670735957005,0.297911299415436
csb_field,181825002163998,2022-10-10,PSScene-20221010_161809_14_240c,1.0,True,0.8759435295750291,7.300402998731935,0.6030085407140922
csb_field,181825002163972,2022-10-10,PSScene-20221010_161809_14_240c,1.0,True,0.4874987468018419,2.926822824072162,0.2846193860324303
csb_field,181825002163954,2022-10-10,PSScene-20221010_161809_14_240c,1.0,True,0.7015590996177997,3.973582899176594,0.42706491146762066
csb_field,181825002163941,2022-10-10,PSScene-20221010_161809_14_240c,1.0,True,0.4279890848606384,2.45698982239163,0.259882944198889
csb_field,181825002163948,2022-10-10,PSScene-20221010_161809_14_240c,1.0,True,0.5421192781288726,2.9728581006289647,0.323138422934776
csb_field,181825002164031,2022-10-10,PSScene-20221010_161809_14_240c,1.0,True,0.6121751835335588,3.916475903468382,0.3843031684306454
csb_field,181825002164028,2022-10-10,PSScene-20221010_161809_14_240c,1.0,True,0.623902101546797,3.8858576039421355,0.40211581501552
csb_field,181825002164004,2022-10-10,PSScene-20221010_161809_14_240c,1.0,True,0.6386406743843005,4.154721812866153,0.40520915148872316
csb_field,181825002164005,2022-10-10,PSScene-20221010_161809_14_240c,1.0,True,0.631870849285846,4.045224028880456,0.40304045134126515
csb_field,181825002163930,2022-10-10,PSScene-20221010_161809_14_240c,1.0,True,0.54534304902622,3.031861028565383,0.33275150825149624
csb_field,181825002163963,2022-10-10,PSScene-20221010_161809_14_240c,1.0,True,0.5201358152035398,3.2563505329271996,0.29157110070429454
csb_field,181825002163938,2022-10-10,PSScene-20221010_161809_14_240c,1.0,True,0.4148439253032895,2.2649960089413694,0.24813724386867875
csb_field,181825002163906,2022-10-10,PSScene-20221010_161809_14_240c,1.0,True,0.28392942543610916,1.3466152769560715,0.16268223313862162
csb_field,181825002163917,2022-10-10,PSScene-20221010_161809_14_240c,1.0,True,0.8017818313036418,6.125397595741242,0.5386479362474598
csb_field,181825002163904,2022-10-10,PSScene-20221010_161809_14_240c,1.0,True,0.26470145365306835,1.2812138695315722,0.14443129029761476
csb_field,181825002163937,2022-10-10,PSScene-20221010_161809_14_240c,1.0,True,0.40368607885055674,2.2485869307214275,0.23952431787322823
csb_field,181825002163924,2022-10-10,PSScene-20221010_161809_14_240c,1.0,True,0.38090920778531,1.9942787888722224,0.22593376052588246
csb_field,181825002163922,2022-10-10,PSScene-20221010_161809_14_240c,1.0,True,0.8517269056636343,6.733305847548556,0.572664339039786
csb_field,181825002163878,2022-10-10,PSScene-20221010_161809_14_240c,1.0,True,0.8640062873640186,6.781611013610895,0.5835488086804186
csb_field,181825002163866,2022-10-10,PSScene-20221010_161809_14_240c,1.0,True,0.846728291920968,6.477324343851102,0.5795546890393867
csb_field,181825002163865,2022-10-10,PSScene-20221010_161809_14_240c,1.0,True,0.8611859254638394,6.8171182512929285,0.5909659601796245
csb_field,181825002163854,2022-10-10,PSScene-20221010_161809_14_240c,1.0,True,0.7456322981344857,4.756238265376424,0.4682509505438067
csb_field,181825002163846,2022-10-10,PSScene-20221010_161809_14_240c,1.0,True,0.459288791428227,2.2227540652716895,0.3211111313715125
csb_field,181825002163942,2022-10-10,PSScene-20221010_161809_14_240c,1.0,True,0.5951604961891424,3.8370463120861222,0.3732847546954908
csb_field,181825002163957,2022-10-10,PSScene-20221010_161809_14_240c,1.0,True,0.455709237834585,2.8607046772057436,0.2831796555734672
csb_field,181825002163897,2022-10-10,PSScene-20221010_161809_14_240c,1.0,True,0.6844135910889984,4.124507529487798,0.42770126947082576
csb_field,181825002163916,2022-10-10,PSScene-20221010_161809_14_240c,1.0,True,0.6167825124177513,3.934838444200757,0.39309047993623936
csb_field,181825002163879,2022-10-10,PSScene-20221010_161809_14_240c,1.0,True,0.8218109796466463,5.94834797024723,0.5421578455991263
csb_field,181825002163918,2022-10-10,PSScene-20221010_161809_14_240c,1.0,True,0.5018923964877289,3.1308831066189824,0.305580428510973
csb_field,181825002163911,2022-10-10,PSScene-20221010_161809_14_240c,1.0,True,0.7048309644278027,5.608415516173107,0.47159043389583954
csb_field,181825002163907,2022-10-10,PSScene-20221010_161809_14_240c,1.0,True,0.4888857496395025,2.8455594566547977,0.2961502244789453
csb_field,181825002163884,2022-10-10,PSScene-20221010_161809_14_240c,1.0,True,0.36327530081155895,1.8940537017261547,0.2216704359886213
csb_field,181825002163859,2022-10-10,PSScene-20221010_161809_14_240c,1.0,True,0.36580716452024964,1.946300434653789,0.21824673894074922
csb_field,181825002163855,2022-10-10,PSScene-20221010_161809_14_240c,1.0,True,0.6771975300886386,3.809248861649835,0.4270704942114536
csb_field,181825002163874,2022-10-10,PSScene-20221010_161809_14_240c,1.0,True,0.42225253051179645,2.2242952822440754,0.24272706895901838
csb_field,181825002163842,2022-10-10,PSScene-20221010_161809_14_240c,1.0,True,0.2980436847425039,1.4471955684162552,0.17636443652344222
csb_field,181825002163872,2022-10-10,PSScene-20221010_161809_14_240c,1.0,True,0.5287061578587038,3.1877334286756103,0.31719411650313534
csb_field,181825002163860,2022-10-10,PSScene-20221010_161809_14_240c,1.0,True,0.45981021956752793,2.6139294670704913,0.2649773411665367
gt_field,IN_PENG2025_CCNT,2023-04-10,PSScene-20230410_153032_39_2447,1.0,True,0.2985991956346965,1.2679008356767199,0.12256544447401006
gt_field,IN_PENG2025_NT,2023-04-10,PSScene-20230410_153032_39_2447,1.0,True,0.23178189821749365,1.077109801050968,0.08924607939790656
csb_field,181825002164142,2023-04-10,PSScene-20230410_153032_39_2447,1.0,True,0.20916051214526185,1.0792660321337364,0.08432877498742149
csb_field,181825002164143,2023-04-10,PSScene-20230410_153032_39_2447,1.0,True,0.21028942830804637,1.1033655565497076,0.09937779205441624
csb_field,181825002164131,2023-04-10,PSScene-20230410_153032_39_2447,1.0,True,0.24418996787846406,1.203565694132577,0.10414398515360303
csb_field,181825002164136,2023-04-10,PSScene-20230410_153032_39_2447,1.0,True,0.31566845851296627,1.508342348135721,0.14938036439285485
csb_field,181825002164109,2023-04-10,PSScene-20230410_153032_39_2447,1.0,True,0.21737172718309156,1.1045651154896055,0.10603644046230495
csb_field,181825002164090,2023-04-10,PSScene-20230410_153032_39_2447,1.0,True,0.32403291053230854,1.419831591058782,0.14023335936819076
csb_field,181825002164096,2023-04-10,PSScene-20230410_153032_39_2447,1.0,True,0.30988605680187314,1.3657824315779588,0.15101043480258605
csb_field,181825002164060,2023-04-10,PSScene-20230410_153032_39_2447,1.0,True,0.5768422378181334,2.8131221005825404,0.2867101621769461
csb_field,181825002164039,2023-04-10,PSScene-20230410_153032_39_2447,1.0,True,0.7667653166083186,4.291935583893827,0.41290432726564635
csb_field,181825002164033,2023-04-10,PSScene-20230410_153032_39_2447,1.0,True,0.25618017313282704,1.06600325358874,0.1258090322727617
csb_field,181825002164017,2023-04-10,PSScene-20230410_153032_39_2447,1.0,True,0.2516713127297213,0.9983514919167304,0.13205025152205815
csb_field,181825002164151,2023-04-10,PSScene-20230410_153032_39_2447,1.0,True,0.42849434566527933,2.1868429031137735,0.1985856479776499
csb_field,181825002164153,2023-04-10,PSScene-20230410_153032_39_2447,1.0,True,0.2878432304166121,1.3465199030975483,0.12248529251121787
csb_field,181825002164152,2023-04-10,PSScene-20230410_153032_39_2447,1.0,True,0.32087085736712445,1.5461524284825636,0.13452018674059252
csb_field,181825002164141,2023-04-10,PSScene-20230410_153032_39_2447,1.0,True,0.23909495683672208,1.190994399151124,0.10882845673189821
csb_field,181825002164144,2023-04-10,PSScene-20230410_153032_39_2447,1.0,True,0.2594047392861011,1.2710759605206556,0.10951104289853014
csb_field,181825002164119,2023-04-10,PSScene-20230410_153032_39_2447,1.0,True,0.31641438545996675,1.5843049757353018,0.14938891295738735
csb_field,181825002164140,2023-04-10,PSScene-20230410_153032_39_2447,1.0,True,0.3051224694495152,1.4159375381647568,0.12185747592997144
csb_field,181825002164064,2023-04-10,PSScene-20230410_153032_39_2447,1.0,True,0.28991196431959265,1.3717187117843719,0.13720329028823078
csb_field,181825002164059,2023-04-10,PSScene-20230410_153032_39_2447,1.0,True,0.28924423676263245,1.2601125939089317,0.12230032504704547
csb_field,181825002164061,2023-04-10,PSScene-20230410_153032_39_2447,1.0,True,0.2757298570524045,1.3332292291212413,0.11986341480672008
csb_field,181825002164104,2023-04-10,PSScene-20230410_153032_39_2447,1.0,True,0.35613770828421965,1.6750948682837299,0.16984811543285422
csb_field,181825002164087,2023-04-10,PSScene-20230410_153032_39_2447,1.0,True,0.29485657096200396,1.4226025985592865,0.12628651328358614
csb_field,181825002164078,2023-04-10,PSScene-20230410_153032_39_2447,1.0,True,0.40704794565111624,1.851766132205479,0.18580203109693014
csb_field,181825002164073,2023-04-10,PSScene-20230410_153032_39_2447,1.0,True,0.32303294856868686,1.5367150469137594,0.15456855336383257
csb_field,181825002164072,2023-04-10,PSScene-20230410_153032_39_2447,1.0,True,0.29607197217100933,1.5260481661225782,0.12511158904199418
csb_field,181825002164058,2023-04-10,PSScene-20230410_153032_39_2447,1.0,True,0.8034978304366678,5.755167328749415,0.39967214605955115
csb_field,181825002164040,2023-04-10,PSScene-20230410_153032_39_2447,1.0,True,0.2579104824557705,1.2931904033777297,0.11969673975748954
csb_field,181825002163999,2023-04-10,PSScene-20230410_153032_39_2447,1.0,True,0.39387712600860986,1.7892102047728506,0.17790992858934526
csb_field,181825002164000,2023-04-10,PSScene-20230410_153032_39_2447,1.0,True,0.23145421717892953,1.1768802402306577,0.11300486062594041
csb_field,181825002163982,2023-04-10,PSScene-20230410_153032_39_2447,1.0,True,0.3505548769372499,1.3954458814567503,0.18379673694844348
csb_field,181825002163998,2023-04-10,PSScene-20230410_153032_39_2447,1.0,True,0.6842679052876646,3.608949967635829,0.3562951572273781
csb_field,181825002163972,2023-04-10,PSScene-20230410_153032_39_2447,1.0,True,0.23328424473616005,0.9871981235196299,0.1211481592929436
csb_field,181825002163954,2023-04-10,PSScene-20230410_153032_39_2447,1.0,True,0.39975443147458045,1.6737150328137602,0.19249555127714132
csb_field,181825002163941,2023-04-10,PSScene-20230410_153032_39_2447,1.0,True,0.44144295231007546,1.723667624663161,0.21557985996582762
csb_field,181825002163948,2023-04-10,PSScene-20230410_153032_39_2447,1.0,True,0.3310280931539286,1.346669970050994,0.1761405796692071
csb_field,181825002164031,2023-04-10,PSScene-20230410_153032_39_2447,1.0,True,0.31857767898359673,1.3769526612448697,0.13191956455260873
csb_field,181825002164028,2023-04-10,PSScene-20230410_153032_39_2447,1.0,True,0.25437631953018,1.179537754250275,0.10063259801375334
csb_field,181825002164004,2023-04-10,PSScene-20230410_153032_39_2447,1.0,True,0.2744773622548355,1.1798324584883684,0.1114187470908848
csb_field,181825002164005,2023-04-10,PSScene-20230410_153032_39_2447,1.0,True,0.2961373340524093,1.2259617440912496,0.12184794897287117
csb_field,181825002163930,2023-04-10,PSScene-20230410_153032_39_2447,1.0,True,0.35847306142340146,1.4299583162027907,0.17459508009828786
csb_field,181825002163963,2023-04-10,PSScene-20230410_153032_39_2447,1.0,True,0.2852986295203888,1.278591276438939,0.12087643598683825
csb_field,181825002163938,2023-04-10,PSScene-20230410_153032_39_2447,1.0,True,0.275145481989535,1.1442986749876471,0.1384500602949949
csb_field,181825002163906,2023-04-10,PSScene-20230410_153032_39_2447,1.0,True,0.6660638337566984,3.0170889985559417,0.3328898175261146
csb_field,181825002163917,2023-04-10,PSScene-20230410_153032_39_2447,1.0,True,0.6784194936360436,3.4895546578095207,0.3288929446577638
csb_field,181825002163904,2023-04-10,PSScene-20230410_153032_39_2447,1.0,True,0.5704431407479229,2.4343691924411424,0.28214800478144536
csb_field,181825002163937,2023-04-10,PSScene-20230410_153032_39_2447,1.0,True,0.4241320931165598,1.6038015688882277,0.21332098667485527
csb_field,181825002163924,2023-04-10,PSScene-20230410_153032_39_2447,1.0,True,0.24251509834915383,0.9351664624575211,0.13070127808900328
csb_field,181825002163922,2023-04-10,PSScene-20230410_153032_39_2447,1.0,True,0.6497544984907804,2.792438463449654,0.31367551206542305
csb_field,181825002163878,2023-04-10,PSScene-20230410_153032_39_2447,0.8163021868787277,True,0.6244661764810819,2.574451093314425,0.325110749183231
csb_field,181825002163866,2023-04-10,PSScene-20230410_153032_39_2447,0.5827123695976155,True,0.646867504394721,2.9328624971390314,0.3418088616960654
csb_field,181825002163865,2023-04-10,PSScene-20230410_153032_39_2447,0.8387949260042283,True,0.6544837550768726,2.9434054102760308,0.3388912772463384
csb_field,181825002163854,2023-04-10,PSScene-20230410_153032_39_2447,0.35625,True,0.29568649945369246,1.1904675780152487,0.15456338952236837
csb_field,181825002163846,2023-04-10,PSScene-20230410_153032_39_2447,1.0,True,0.4020784590772938,1.5451435677400729,0.22763454595406638
csb_field,181825002163942,2023-04-10,PSScene-20230410_153032_39_2447,1.0,True,0.42037019742729426,1.8593932154157558,0.18421481502161144
csb_field,181825002163957,2023-04-10,PSScene-20230410_153032_39_2447,1.0,True,0.36059654463622237,2.1926722409171298,0.18292677190247544
csb_field,181825002163897,2023-04-10,PSScene-20230410_153032_39_2447,1.0,True,0.7329393057016811,4.58419474436337,0.3524808197774343
csb_field,181825002163916,2023-04-10,PSScene-20230410_153032_39_2447,1.0,True,0.4250209997789807,1.9002153408419364,0.18606840184704654
csb_field,181825002163879,2023-04-10,PSScene-20230410_153032_39_2447,1.0,True,0.6561010638014997,3.4948448532510628,0.3230433889723968
csb_field,181825002163918,2023-04-10,PSScene-20230410_153032_39_2447,1.0,True,0.20891950709951537,0.9269247353326975,0.10844692912628576
csb_field,181825002163911,2023-04-10,PSScene-20230410_153032_39_2447,1.0,True,0.4905410639918965,2.433694926667378,0.2440152414243619
csb_field,181825002163907,2023-04-10,PSScene-20230410_153032_39_2447,1.0,True,0.3582006786055719,1.5819839513322727,0.16476478757996427
csb_field,181825002163884,2023-04-10,PSScene-20230410_153032_39_2447,1.0,True,0.2972596871195353,1.236603235653729,0.1461400533183246
csb_field,181825002163859,2023-04-10,PSScene-20230410_153032_39_2447,1.0,True,0.2596781914882529,1.051655514144813,0.13808291813620902
csb_field,181825002163855,2023-04-10,PSScene-20230410_153032_39_2447,1.0,True,0.5381670668855228,2.3562592034681016,0.2851666576553617
csb_field,181825002163874,2023-04-10,PSScene-20230410_153032_39_2447,1.0,True,0.18776774330940252,0.828451213417597,0.09147045680454521
csb_field,181825002163842,2023-04-10,PSScene-20230410_153032_39_2447,1.0,True,0.253143022434793,1.0560494423039268,0.1156806588673558
csb_field,181825002163872,2023-04-10,PSScene-20230410_153032_39_2447,1.0,True,0.2394821555279336,1.0831597365690064,0.10568973456570163
csb_field,181825002163860,2023-04-10,PSScene-20230410_153032_39_2447,1.0,True,0.1544053194124603,0.7145345052841718,0.08518076117173874
gt_field,IN_PENG2025_CCNT,2023-04-12,PSScene-20230412_160624_81_2461,1.0,True,0.320411496831979,1.3936261186805499,0.2112595918109472
gt_field,IN_PENG2025_NT,2023-04-12,PSScene-20230412_160624_81_2461,1.0,True,0.25407592578124155,1.1509390376878248,0.16911696889538244
csb_field,181825002164142,2023-04-12,PSScene-20230412_160624_81_2461,1.0,True,0.2295181243326473,1.0620696910752911,0.16119341960443703
csb_field,181825002164143,2023-04-12,PSScene-20230412_160624_81_2461,1.0,True,0.23723707994547683,1.1115692079265083,0.1688446433234976
csb_field,181825002164131,2023-04-12,PSScene-20230412_160624_81_2461,1.0,True,0.26004151917209906,1.186786929617287,0.17714461930500586
csb_field,181825002164136,2023-04-12,PSScene-20230412_160624_81_2461,1.0,True,0.3233699448559964,1.4475768432950378,0.2231215925332447
csb_field,181825002164109,2023-04-12,PSScene-20230412_160624_81_2461,1.0,True,0.24247856991990255,1.1151037220574265,0.1704309542915847
csb_field,181825002164090,2023-04-12,PSScene-20230412_160624_81_2461,1.0,True,0.3180817635497474,1.303084225616757,0.20613357912208918
csb_field,181825002164096,2023-04-12,PSScene-20230412_160624_81_2461,1.0,True,0.3214931832865245,1.3266970335019057,0.21122709213340762
csb_field,181825002164060,2023-04-12,PSScene-20230412_160624_81_2461,1.0,True,0.6103886544942152,3.1520208475626865,0.42128208786689847
csb_field,181825002164039,2023-04-12,PSScene-20230412_160624_81_2461,1.0,True,0.7794993624920263,4.963863872984996,0.5714565158498304
csb_field,181825002164033,2023-04-12,PSScene-20230412_160624_81_2461,1.0,True,0.24460906267474808,1.0182489091450508,0.16622147775539492
csb_field,181825002164017,2023-04-12,PSScene-20230412_160624_81_2461,1.0,True,0.2454423540483636,0.9558718607059519,0.1600314158965855
csb_field,181825002164151,2023-04-12,PSScene-20230412_160624_81_2461,1.0,True,0.41910494935226594,2.0268469118409427,0.2716999635766457
csb_field,181825002164153,2023-04-12,PSScene-20230412_160624_81_2461,1.0,True,0.30558819002372845,1.349318137389328,0.20481737866505098
csb_field,181825002164152,2023-04-12,PSScene-20230412_160624_81_2461,1.0,True,0.3261141534106225,1.4819284074907406,0.2151064091943462
csb_field,181825002164141,2023-04-12,PSScene-20230412_160624_81_2461,1.0,True,0.2574324720228919,1.139658040152146,0.1788213474115171
csb_field,181825002164144,2023-04-12,PSScene-20230412_160624_81_2461,1.0,True,0.265989316859724,1.1705455222210277,0.18419099229232547
csb_field,181825002164119,2023-04-12,PSScene-20230412_160624_81_2461,1.0,True,0.3281109444140919,1.4730456099493603,0.22493773092568672
csb_field,181825002164140,2023-04-12,PSScene-20230412_160624_81_2461,1.0,True,0.3111212786736622,1.4067594788842135,0.20896606385782793
csb_field,181825002164064,2023-04-12,PSScene-20230412_160624_81_2461,1.0,True,0.30811458198628733,1.4053513984255883,0.20300156652215612
csb_field,181825002164059,2023-04-12,PSScene-20230412_160624_81_2461,1.0,True,0.30400369635766444,1.3275160048734214,0.20093893670524324
csb_field,181825002164061,2023-04-12,PSScene-20230412_160624_81_2461,1.0,True,0.2807950342451669,1.2720110903338728,0.19014160109047898
csb_field,181825002164104,2023-04-12,PSScene-20230412_160624_81_2461,1.0,True,0.35777081439374087,1.6011481288623504,0.24257122251698537
csb_field,181825002164087,2023-04-12,PSScene-20230412_160624_81_2461,1.0,True,0.30016176572120246,1.3731735905831188,0.2004561867965923
csb_field,181825002164078,2023-04-12,PSScene-20230412_160624_81_2461,1.0,True,0.40291924362897386,1.7510783769841947,0.26870600557788443
csb_field,181825002164073,2023-04-12,PSScene-20230412_160624_81_2461,1.0,True,0.3380679889816532,1.5009582221115054,0.23003710080913414
csb_field,181825002164072,2023-04-12,PSScene-20230412_160624_81_2461,1.0,True,0.2889844014103939,1.3553115138475509,0.1957338950574125
csb_field,181825002164058,2023-04-12,PSScene-20230412_160624_81_2461,1.0,True,0.701478554720318,4.105499929250676,0.48479163287158467
csb_field,181825002164040,2023-04-12,PSScene-20230412_160624_81_2461,1.0,True,0.27435250095349145,1.2319302035231925,0.18862887053081945
csb_field,181825002163999,2023-04-12,PSScene-20230412_160624_81_2461,1.0,True,0.38985028321301096,1.7380981025040603,0.2572827653101678
csb_field,181825002164000,2023-04-12,PSScene-20230412_160624_81_2461,1.0,True,0.24894309658502842,1.1771919298414093,0.1766166467817166
csb_field,181825002163982,2023-04-12,PSScene-20230412_160624_81_2461,1.0,True,0.3634174406405641,1.6216898736196903,0.2692183255517317
csb_field,181825002163998,2023-04-12,PSScene-20230412_160624_81_2461,1.0,True,0.7127061750420683,4.276093296003779,0.490834337035659
csb_field,181825002163972,2023-04-12,PSScene-20230412_160624_81_2461,1.0,True,0.23709361571386214,1.0651109404968306,0.15822015389088243
csb_field,181825002163954,2023-04-12,PSScene-20230412_160624_81_2461,1.0,True,0.408316423210521,1.7928439014623245,0.2701381862361727
csb_field,181825002163941,2023-04-12,PSScene-20230412_160624_81_2461,1.0,True,0.49419725306322854,2.189256987904744,0.32276643682950146
csb_field,181825002163948,2023-04-12,PSScene-20230412_160624_81_2461,1.0,True,0.3721692438338448,1.7359055902366436,0.2457499087716973
csb_field,181825002164031,2023-04-12,PSScene-20230412_160624_81_2461,1.0,True,0.3292021228371645,1.4460123918077632,0.21780269114097775
csb_field,181825002164028,2023-04-12,PSScene-20230412_160624_81_2461,1.0,True,0.27337432495179065,1.2384073277651044,0.1814509833818237
csb_field,181825002164004,2023-04-12,PSScene-20230412_160624_81_2461,1.0,True,0.30098685989425006,1.3270137484086701,0.20190550730095155
csb_field,181825002164005,2023-04-12,PSScene-20230412_160624_81_2461,1.0,True,0.32678761506086906,1.4264716413479321,0.21399747386753412
csb_field,181825002163930,2023-04-12,PSScene-20230412_160624_81_2461,1.0,True,0.41152852899100034,1.8840333225796013,0.28232315456322954
csb_field,181825002163963,2023-04-12,PSScene-20230412_160624_81_2461,1.0,True,0.29914333632357454,1.346289955742041,0.19974067465242537
csb_field,181825002163938,2023-04-12,PSScene-20230412_160624_81_2461,1.0,True,0.2979424958369498,1.3736513694509014,0.204482103347596
csb_field,181825002163906,2023-04-12,PSScene-20230412_160624_81_2461,1.0,True,0.6994742789352657,3.9433177031851656,0.48481326996049884
csb_field,181825002163917,2023-04-12,PSScene-20230412_160624_81_2461,1.0,True,0.6924107271897765,4.179702563224388,0.475942165270165
csb_field,181825002163904,2023-04-12,PSScene-20230412_160624_81_2461,1.0,True,0.5801609744092715,2.9581780013668646,0.39864421338694134
csb_field,181825002163937,2023-04-12,PSScene-20230412_160624_81_2461,1.0,True,0.48864912054787346,2.149396201446154,0.3197747647398025
csb_field,181825002163924,2023-04-12,PSScene-20230412_160624_81_2461,1.0,True,0.2722563471735785,1.151947990209344,0.17947518620624617
csb_field,181825002163922,2023-04-12,PSScene-20230412_160624_81_2461,1.0,True,0.749243550942195,4.544845804183398,0.5130496872648956
csb_field,181825002163878,2023-04-12,PSScene-20230412_160624_81_2461,1.0,True,0.7478360795473008,4.687208713644418,0.532600557400863
csb_field,181825002163866,2023-04-12,PSScene-20230412_160624_81_2461,1.0,True,0.744116750464207,4.51078041687933,0.5172744399593848
csb_field,181825002163865,2023-04-12,PSScene-20230412_160624_81_2461,1.0,True,0.7592997023265796,4.7036381533437455,0.5256030792863782
csb_field,181825002163854,2023-04-12,PSScene-20230412_160624_81_2461,1.0,True,0.3022429624191317,1.3456959367589858,0.2002561834304962
csb_field,181825002163846,2023-04-12,PSScene-20230412_160624_81_2461,1.0,True,0.4360577114572079,1.972965171545658,0.341156607226522
csb_field,181825002163942,2023-04-12,PSScene-20230412_160624_81_2461,1.0,True,0.4159391372560285,1.8628831294073487,0.27092129916388147
csb_field,181825002163957,2023-04-12,PSScene-20230412_160624_81_2461,1.0,True,0.3604981772883388,1.9364707123293325,0.2498148337343155
csb_field,181825002163897,2023-04-12,PSScene-20230412_160624_81_2461,1.0,True,0.6540791214791357,3.674092391536156,0.43993686522563036
csb_field,181825002163916,2023-04-12,PSScene-20230412_160624_81_2461,1.0,True,0.41483996698512615,1.843442548369898,0.27487195077582155
csb_field,181825002163879,2023-04-12,PSScene-20230412_160624_81_2461,1.0,True,0.6503260098966596,3.4417231484752526,0.4458632086167818
csb_field,181825002163918,2023-04-12,PSScene-20230412_160624_81_2461,1.0,True,0.22658762654043307,1.0229486580205156,0.1516345799146272
csb_field,181825002163911,2023-04-12,PSScene-20230412_160624_81_2461,1.0,True,0.5084757528204829,2.7508964035705112,0.34938438387102505
csb_field,181825002163907,2023-04-12,PSScene-20230412_160624_81_2461,1.0,True,0.3688980648858442,1.7552701484402768,0.2504262285113441
csb_field,181825002163884,2023-04-12,PSScene-20230412_160624_81_2461,1.0,True,0.2787816706753977,1.2746200895196107,0.19128836378439584
csb_field,181825002163859,2023-04-12,PSScene-20230412_160624_81_2461,1.0,True,0.2543565882224991,1.0948343299214411,0.17186163573120525
csb_field,181825002163855,2023-04-12,PSScene-20230412_160624_81_2461,1.0,True,0.5621960025081818,2.7803835024402144,0.38008835183740536
csb_field,181825002163874,2023-04-12,PSScene-20230412_160624_81_2461,1.0,True,0.19711263566840015,0.8684169168616251,0.132200623363698
csb_field,181825002163842,2023-04-12,PSScene-20230412_160624_81_2461,1.0,True,0.22373389441164548,0.9744266119988639,0.15264118246049674
csb_field,181825002163872,2023-04-12,PSScene-20230412_160624_81_2461,1.0,True,0.2466884948188088,1.16851444438326,0.17129315584237959
csb_field,181825002163860,2023-04-12,PSScene-20230412_160624_81_2461,1.0,True,0.17777565785164462,0.7758215902470748,0.12042826410486361
gt_field,IN_PENG2025_CCNT,2023-04-13,PSScene-20230413_153722_55_242e,1.0,True,0.3151009015682037,1.3720764321042584,0.17026527504584962
gt_field,IN_PENG2025_NT,2023-04-13,PSScene-20230413_153722_55_242e,1.0,True,0.24230325988735862,1.1274685597783751,0.12110133286938349
csb_field,181825002164142,2023-04-13,PSScene-20230413_153722_55_242e,1.0,True,0.20519789061782878,0.9896406257405705,0.10041998195072947
csb_field,181825002164143,2023-04-13,PSScene-20230413_153722_55_242e,1.0,True,0.21207344836230918,1.039088404608794,0.10795994250867263
csb_field,181825002164131,2023-04-13,PSScene-20230413_153722_55_242e,1.0,True,0.24759289480814464,1.1585610816018939,0.12337712831572907
csb_field,181825002164136,2023-04-13,PSScene-20230413_153722_55_242e,1.0,True,0.3121136466885003,1.4118619051732038,0.17359754116233977
csb_field,181825002164109,2023-04-13,PSScene-20230413_153722_55_242e,1.0,True,0.22488158549029916,1.065751671896963,0.11539084046752769
csb_field,181825002164090,2023-04-13,PSScene-20230413_153722_55_242e,1.0,True,0.3096792434728539,1.2862947532522895,0.16218221815441752
csb_field,181825002164096,2023-04-13,PSScene-20230413_153722_55_242e,1.0,True,0.3141029784095939,1.322765856362376,0.16908714575426412
csb_field,181825002164060,2023-04-13,PSScene-20230413_153722_55_242e,1.0,True,0.6474340974710404,3.517468043088939,0.4243738161442136
csb_field,181825002164039,2023-04-13,PSScene-20230413_153722_55_242e,1.0,True,0.8049408657370453,5.53153833069424,0.574704081326092
csb_field,181825002164033,2023-04-13,PSScene-20230413_153722_55_242e,1.0,True,0.2252874215742214,0.9551905883447354,0.10863463188342797
csb_field,181825002164017,2023-04-13,PSScene-20230413_153722_55_242e,1.0,True,0.23395189945475753,0.9419532470312703,0.12101072528819498
csb_field,181825002164151,2023-04-13,PSScene-20230413_153722_55_242e,1.0,True,0.41366292159328527,2.004097197849835,0.2262630181345989
csb_field,181825002164153,2023-04-13,PSScene-20230413_153722_55_242e,1.0,True,0.30478260307846927,1.3579221843339748,0.1662814440824662
csb_field,181825002164152,2023-04-13,PSScene-20230413_153722_55_242e,1.0,True,0.3215959572701919,1.479931542584166,0.17342518783417973
csb_field,181825002164141,2023-04-13,PSScene-20230413_153722_55_242e,1.0,True,0.23894777404779521,1.1183766241983784,0.12574345168461154
csb_field,181825002164144,2023-04-13,PSScene-20230413_153722_55_242e,1.0,True,0.2502262882824776,1.1605465779719562,0.13532670060879973
csb_field,181825002164119,2023-04-13,PSScene-20230413_153722_55_242e,1.0,True,0.3157381128503674,1.462017844282436,0.17533849140651261
csb_field,181825002164140,2023-04-13,PSScene-20230413_153722_55_242e,1.0,True,0.3084560196737166,1.4056609082211813,0.16879950051361808
csb_field,181825002164064,2023-04-13,PSScene-20230413_153722_55_242e,1.0,True,0.29872048146752683,1.3734421028311627,0.15594962511422755
csb_field,181825002164059,2023-04-13,PSScene-20230413_153722_55_242e,1.0,True,0.29659857881573193,1.30232293828142,0.15528315002063567
csb_field,181825002164061,2023-04-13,PSScene-20230413_153722_55_242e,1.0,True,0.2686181825634124,1.251138168082652,0.14220761228799772
csb_field,181825002164104,2023-04-13,PSScene-20230413_153722_55_242e,1.0,True,0.34694481996615445,1.5586270835610085,0.1949221186980318
csb_field,181825002164087,2023-04-13,PSScene-20230413_153722_55_242e,1.0,True,0.29506837155641247,1.365351998016786,0.1551951111637553
csb_field,181825002164078,2023-04-13,PSScene-20230413_153722_55_242e,1.0,True,0.39986946187425193,1.7233801241442537,0.23033251900289445
csb_field,181825002164073,2023-04-13,PSScene-20230413_153722_55_242e,1.0,True,0.33495039343166466,1.4939134343492737,0.1870222791978032
csb_field,181825002164072,2023-04-13,PSScene-20230413_153722_55_242e,1.0,True,0.28252229395795914,1.3502970316690623,0.1504659813893855
csb_field,181825002164058,2023-04-13,PSScene-20230413_153722_55_242e,1.0,True,0.7247231966798091,4.231936891670885,0.4671335735703725
csb_field,181825002164040,2023-04-13,PSScene-20230413_153722_55_242e,1.0,True,0.2524512140450228,1.1743274951542375,0.13216398060601556
csb_field,181825002163999,2023-04-13,PSScene-20230413_153722_55_242e,1.0,True,0.3923469377050626,1.765901984177248,0.21919049042573674
csb_field,181825002164000,2023-04-13,PSScene-20230413_153722_55_242e,1.0,True,0.23033607669573622,1.123781280613571,0.11899737577761786
csb_field,181825002163982,2023-04-13,PSScene-20230413_153722_55_242e,1.0,True,0.33901325655792147,1.5647858356717932,0.21588583700687217
csb_field,181825002163998,2023-04-13,PSScene-20230413_153722_55_242e,1.0,True,0.7423306793225437,4.660955935715175,0.4935015009830392
csb_field,181825002163972,2023-04-13,PSScene-20230413_153722_55_242e,1.0,True,0.20997384947851355,0.993709993461762,0.10520247255508781
csb_field,181825002163954,2023-04-13,PSScene-20230413_153722_55_242e,1.0,True,0.4134908130303736,1.8485403185776346,0.2426664745298349
csb_field,181825002163941,2023-04-13,PSScene-20230413_153722_55_242e,1.0,True,0.49499291241144694,2.1931467063238848,0.2942449728118242
csb_field,181825002163948,2023-04-13,PSScene-20230413_153722_55_242e,1.0,True,0.37557469885298683,1.83734598958554,0.2142502853687585
csb_field,181825002164031,2023-04-13,PSScene-20230413_153722_55_242e,1.0,True,0.32499956771590244,1.4243418130510748,0.17861058967306973
csb_field,181825002164028,2023-04-13,PSScene-20230413_153722_55_242e,1.0,True,0.2643161041230559,1.2259799141948708,0.1356453703055852
csb_field,181825002164004,2023-04-13,PSScene-20230413_153722_55_242e,1.0,True,0.2914849678658886,1.2901722368338686,0.1534187709679559
csb_field,181825002164005,2023-04-13,PSScene-20230413_153722_55_242e,1.0,True,0.3224057816887606,1.417184607326934,0.17402113284057755
csb_field,181825002163930,2023-04-13,PSScene-20230413_153722_55_242e,1.0,True,0.4136664588256577,1.999614710285766,0.2557990081951888
csb_field,181825002163963,2023-04-13,PSScene-20230413_153722_55_242e,1.0,True,0.2884054098873362,1.3346967251624322,0.1549461238160524
csb_field,181825002163938,2023-04-13,PSScene-20230413_153722_55_242e,1.0,True,0.28156137069733234,1.3500332600006548,0.1545337122741453
csb_field,181825002163906,2023-04-13,PSScene-20230413_153722_55_242e,1.0,True,0.6984990829411056,3.5017233205465192,0.47299650242440383
csb_field,181825002163917,2023-04-13,PSScene-20230413_153722_55_242e,1.0,True,0.6735537181167045,3.5208165850611204,0.472277835590287
csb_field,181825002163904,2023-04-13,PSScene-20230413_153722_55_242e,1.0,True,0.5836906575981627,2.5916169729114618,0.3637082777232603
csb_field,181825002163937,2023-04-13,PSScene-20230413_153722_55_242e,1.0,True,0.4910743402379404,2.1643050127573487,0.28655299770266746
csb_field,181825002163924,2023-04-13,PSScene-20230413_153722_55_242e,1.0,True,0.26198790655794735,1.1241383985987259,0.12785238716630312
csb_field,181825002163922,2023-04-13,PSScene-20230413_153722_55_242e,1.0,True,0.7419025910648459,4.427384645488247,0.5215366708771011
csb_field,181825002163878,2023-04-13,PSScene-20230413_153722_55_242e,1.0,True,0.7726474496697336,4.895544128693113,0.5001413134027921
csb_field,181825002163866,2023-04-13,PSScene-20230413_153722_55_242e,1.0,True,0.7804081968994673,4.868545059204068,0.49451005904552175
csb_field,181825002163865,2023-04-13,PSScene-20230413_153722_55_242e,1.0,True,0.7918755002310431,5.07846475112676,0.5013326163406469
csb_field,181825002163854,2023-04-13,PSScene-20230413_153722_55_242e,1.0,True,0.28513566759457104,1.2894449867493958,0.15827361550355704
csb_field,181825002163846,2023-04-13,PSScene-20230413_153722_55_242e,1.0,True,0.4045781293254466,1.8124158309278169,0.2837094219422718
csb_field,181825002163942,2023-04-13,PSScene-20230413_153722_55_242e,1.0,True,0.40540804108713435,1.895260466410049,0.23991599117373444
csb_field,181825002163957,2023-04-13,PSScene-20230413_153722_55_242e,1.0,True,0.35646122808601216,1.7515839731145793,0.2040183218401669
csb_field,181825002163897,2023-04-13,PSScene-20230413_153722_55_242e,1.0,True,0.6610353593334193,3.6039702053385945,0.3765473073437537
csb_field,181825002163916,2023-04-13,PSScene-20230413_153722_55_242e,1.0,True,0.4197774849722746,1.8148393911734297,0.23395984914547235
csb_field,181825002163879,2023-04-13,PSScene-20230413_153722_55_242e,1.0,True,0.6804537785985988,3.7075317299087005,0.4411852171306126
csb_field,181825002163918,2023-04-13,PSScene-20230413_153722_55_242e,1.0,True,0.20367305581496592,0.9344985681212653,0.10060053545805274
csb_field,181825002163911,2023-04-13,PSScene-20230413_153722_55_242e,1.0,True,0.5163165391604314,2.565567466394229,0.3122368326017362
csb_field,181825002163907,2023-04-13,PSScene-20230413_153722_55_242e,1.0,True,0.3545214080423651,1.5984779487149983,0.20458569474788516
csb_field,181825002163884,2023-04-13,PSScene-20230413_153722_55_242e,1.0,True,0.2453566593824189,1.1301316603650429,0.12950151876525828
csb_field,181825002163859,2023-04-13,PSScene-20230413_153722_55_242e,1.0,True,0.2277007854397812,1.010015250710187,0.11132917876518018
csb_field,181825002163855,2023-04-13,PSScene-20230413_153722_55_242e,1.0,True,0.5760542324088453,2.8448125968695415,0.352805092293529
csb_field,181825002163874,2023-04-13,PSScene-20230413_153722_55_242e,1.0,True,0.16913798645247335,0.7877241383987039,0.06929802089240787
csb_field,181825002163842,2023-04-13,PSScene-20230413_153722_55_242e,1.0,True,0.19419535392429657,0.8871386998224948,0.08604182016749023
csb_field,181825002163872,2023-04-13,PSScene-20230413_153722_55_242e,1.0,True,0.22958167656598727,1.1279840308583131,0.12116836043629022
csb_field,181825002163860,2023-04-13,PSScene-20230413_153722_55_242e,1.0,True,0.1444769936236079,0.6850734302931936,0.05351396004792396
gt_field,IN_PENG2025_CCNT,2023-06-03,PSScene-20230603_153112_73_2447,0.44351651933026437,False,0.3521462271799778,1.6640384400899366,0.2533078892378042
gt_field,IN_PENG2025_NT,2023-06-03,PSScene-20230603_153112_73_2447,0.5869795172612752,False,0.28034700585351,1.285816090574505,0.211734773398305
csb_field,181825002164142,2023-06-03,PSScene-20230603_153112_73_2447,0.027303754266211604,False,0.24973631836473942,1.0098212361335754,0.18092696430782476
csb_field,181825002164143,2023-06-03,PSScene-20230603_153112_73_2447,0.6351197263397947,False,0.2516819075338502,1.0644219084316782,0.18922049961070112
csb_field,181825002164131,2023-06-03,PSScene-20230603_153112_73_2447,1.0,False,0.25377677034863216,1.1452342548224603,0.1935470078182793
csb_field,181825002164136,2023-06-03,PSScene-20230603_153112_73_2447,1.0,False,0.284082575623175,1.1862298663891755,0.2035589531160036
csb_field,181825002164109,2023-06-03,PSScene-20230603_153112_73_2447,0.22554079279674974,False,0.2598046002252386,1.1271360782167037,0.19543265295963091
csb_field,181825002164090,2023-06-03,PSScene-20230603_153112_73_2447,0.15544041450777202,False,0.33511393927037714,1.2133265962203343,0.2424019145468871
csb_field,181825002164096,2023-06-03,PSScene-20230603_153112_73_2447,0.7837565723235261,False,0.3248573418024979,1.226641758659585,0.2356777859587449
csb_field,181825002164060,2023-06-03,PSScene-20230603_153112_73_2447,0.998587855557797,False,0.5085596505439642,2.1784454248409078,0.36543059548344276
csb_field,181825002164039,2023-06-03,PSScene-20230603_153112_73_2447,1.0,False,0.34521595820000295,1.3821912752954584,0.24766934317977804
csb_field,181825002164033,2023-06-03,PSScene-20230603_153112_73_2447,0.9942129629629629,False,0.3566781692857376,1.281731537251589,0.2715130255615059
csb_field,181825002164017,2023-06-03,PSScene-20230603_153112_73_2447,0.0,False,,,
csb_field,181825002164151,2023-06-03,PSScene-20230603_153112_73_2447,0.0,False,,,
csb_field,181825002164153,2023-06-03,PSScene-20230603_153112_73_2447,0.0,False,,,
csb_field,181825002164152,2023-06-03,PSScene-20230603_153112_73_2447,0.0,False,,,
csb_field,181825002164141,2023-06-03,PSScene-20230603_153112_73_2447,0.0,False,,,
csb_field,181825002164144,2023-06-03,PSScene-20230603_153112_73_2447,0.0,False,,,
csb_field,181825002164119,2023-06-03,PSScene-20230603_153112_73_2447,0.0,False,,,
csb_field,181825002164140,2023-06-03,PSScene-20230603_153112_73_2447,0.0,False,,,
csb_field,181825002164064,2023-06-03,PSScene-20230603_153112_73_2447,0.0,False,,,
csb_field,181825002164059,2023-06-03,PSScene-20230603_153112_73_2447,0.9286305679748302,False,0.3131282019346538,1.3734522885171305,0.240183228071508
csb_field,181825002164061,2023-06-03,PSScene-20230603_153112_73_2447,0.0,False,,,
csb_field,181825002164104,2023-06-03,PSScene-20230603_153112_73_2447,1.0,False,0.32075034193403446,1.3643921528068403,0.228935005143978
csb_field,181825002164087,2023-06-03,PSScene-20230603_153112_73_2447,1.0,False,0.2724566639229125,1.2401954667628539,0.2037956984992197
csb_field,181825002164078,2023-06-03,PSScene-20230603_153112_73_2447,1.0,False,0.2622306667121467,1.136205938942914,0.18232174266331594
csb_field,181825002164073,2023-06-03,PSScene-20230603_153112_73_2447,0.3976215785277704,False,0.30620337286240473,1.3513669361347145,0.21981222728888195
csb_field,181825002164072,2023-06-03,PSScene-20230603_153112_73_2447,1.0,False,0.2898922793946571,1.3542770216550237,0.22257719001170745
csb_field,181825002164058,2023-06-03,PSScene-20230603_153112_73_2447,1.0,False,0.6740191084080798,3.784218898250157,0.553858051019258
csb_field,181825002164040,2023-06-03,PSScene-20230603_153112_73_2447,0.024012456974266513,False,0.34098664712716015,1.302705517672299,0.26529847214314173
csb_field,181825002163999,2023-06-03,PSScene-20230603_153112_73_2447,0.7811439650993699,False,0.4189993668852702,2.0763582706895263,0.2947935675552015
csb_field,181825002164000,2023-06-03,PSScene-20230603_153112_73_2447,0.7189132706374086,False,0.3220283451797657,1.4390342264674432,0.23567662422740182
csb_field,181825002163982,2023-06-03,PSScene-20230603_153112_73_2447,0.0,False,,,
csb_field,181825002163998,2023-06-03,PSScene-20230603_153112_73_2447,0.0,False,,,
csb_field,181825002163972,2023-06-03,PSScene-20230603_153112_73_2447,0.13110539845758354,False,0.3648976664137996,1.3083486821916368,0.2621285749806298
csb_field,181825002163954,2023-06-03,PSScene-20230603_153112_73_2447,0.8503274087932647,False,0.4039700517002637,1.6013882171989668,0.28446327133475097
csb_field,181825002163941,2023-06-03,PSScene-20230603_153112_73_2447,1.0,False,0.3772257215782992,1.538005824692039,0.26415061272569185
csb_field,181825002163948,2023-06-03,PSScene-20230603_153112_73_2447,1.0,False,0.43325651867155096,1.8199899595195748,0.3095742195975878
csb_field,181825002164031,2023-06-03,PSScene-20230603_153112_73_2447,0.0,False,,,
csb_field,181825002164028,2023-06-03,PSScene-20230603_153112_73_2447,0.6574621959237343,False,0.3050708230426535,1.425221505485475,0.2284480116767809
csb_field,181825002164004,2023-06-03,PSScene-20230603_153112_73_2447,0.4004516371847949,False,0.3373275041804278,1.4479332201014785,0.23936417361343265
csb_field,181825002164005,2023-06-03,PSScene-20230603_153112_73_2447,0.9517520215633423,False,0.37702257978638204,1.7942886052293254,0.27167900703530196
csb_field,181825002163930,2023-06-03,PSScene-20230603_153112_73_2447,1.0,False,0.5889634319811786,2.9548474118250225,0.42284521465659686
csb_field,181825002163963,2023-06-03,PSScene-20230603_153112_73_2447,1.0,False,0.31128210076669777,1.4554008478069258,0.2410479243367458
csb_field,181825002163938,2023-06-03,PSScene-20230603_153112_73_2447,1.0,False,0.41175840304346917,1.9412136879172261,0.31222961312876296
csb_field,181825002163906,2023-06-03,PSScene-20230603_153112_73_2447,1.0,False,0.7998511719067891,5.587245359802246,0.6225685317993164
csb_field,181825002163917,2023-06-03,PSScene-20230603_153112_73_2447,1.0,False,0.734108881239013,4.385070183060386,0.5265212157320032
csb_field,181825002163904,2023-06-03,PSScene-20230603_153112_73_2447,1.0,False,0.6902001477053302,4.400985091896525,0.5498167990625074
csb_field,181825002163937,2023-06-03,PSScene-20230603_153112_73_2447,1.0,False,0.3618932585366067,1.5338451134508881,0.2504702033421399
csb_field,181825002163924,2023-06-03,PSScene-20230603_153112_73_2447,1.0,False,0.31799589492850944,1.3534389884772347,0.23273018433959952
csb_field,181825002163922,2023-06-03,PSScene-20230603_153112_73_2447,1.0,False,0.7657812450429519,4.578298057240548,0.5472433665244699
csb_field,181825002163878,2023-06-03,PSScene-20230603_153112_73_2447,1.0,False,0.6290536490633758,3.260357816555865,0.43871779954931134
csb_field,181825002163866,2023-06-03,PSScene-20230603_153112_73_2447,1.0,False,0.7068349635547746,3.8766963579615608,0.510959749516716
csb_field,181825002163865,2023-06-03,PSScene-20230603_153112_73_2447,1.0,False,0.7045908535635749,3.8943954781800447,0.5062976360604576
csb_field,181825002163854,2023-06-03,PSScene-20230603_153112_73_2447,1.0,False,0.6999856037398179,3.5884211425979933,0.49397351120909055
csb_field,181825002163846,2023-06-03,PSScene-20230603_153112_73_2447,1.0,False,0.45454856694913376,1.9413945324280684,0.3589076075483771
csb_field,181825002163942,2023-06-03,PSScene-20230603_153112_73_2447,1.0,False,0.35281565956229927,1.7896798804773482,0.26055731032334756
csb_field,181825002163957,2023-06-03,PSScene-20230603_153112_73_2447,1.0,False,0.37331093861811665,1.8544004404632426,0.27736573314708557
csb_field,181825002163897,2023-06-03,PSScene-20230603_153112_73_2447,1.0,False,0.6151607475024118,3.2346380608688095,0.43626071691699037
csb_field,181825002163916,2023-06-03,PSScene-20230603_153112_73_2447,1.0,False,0.37057334080612553,1.8974889497244571,0.27552100269237817
csb_field,181825002163879,2023-06-03,PSScene-20230603_153112_73_2447,1.0,False,0.5880853278875583,3.0361288664292316,0.41389057642632715
csb_field,181825002163918,2023-06-03,PSScene-20230603_153112_73_2447,1.0,False,0.34181850511166784,1.4693015489313337,0.2577505512163043
csb_field,181825002163911,2023-06-03,PSScene-20230603_153112_73_2447,1.0,False,0.4817614398017047,2.231033908559921,0.33559302122494955
csb_field,181825002163907,2023-06-03,PSScene-20230603_153112_73_2447,1.0,False,0.42776975926188876,1.938880418548758,0.3124660466270837
csb_field,181825002163884,2023-06-03,PSScene-20230603_153112_73_2447,1.0,False,0.282611482954212,1.1485327458360903,0.21628497894999252
csb_field,181825002163859,2023-06-03,PSScene-20230603_153112_73_2447,1.0,False,0.4109249428031136,1.6938256624985735,0.30565903552659796
csb_field,181825002163855,2023-06-03,PSScene-20230603_153112_73_2447,1.0,False,0.32875108000468556,1.461746322032337,0.25574218613782573
csb_field,181825002163874,2023-06-03,PSScene-20230603_153112_73_2447,1.0,False,0.3055529444606838,1.251620561486678,0.2323047202440137
csb_field,181825002163842,2023-06-03,PSScene-20230603_153112_73_2447,1.0,False,0.263255155001714,1.0501498565441225,0.20408500882425928
csb_field,181825002163872,2023-06-03,PSScene-20230603_153112_73_2447,1.0,False,0.2892713218857914,1.3724715765261706,0.22737956422192235
csb_field,181825002163860,2023-06-03,PSScene-20230603_153112_73_2447,1.0,False,0.31064231985655666,1.220185078185215,0.2350414283520936
gt_field,IN_PENG2025_CCNT,2023-06-04,PSScene-20230604_154021_84_24a1,1.0,False,0.33413697536724396,1.6921164426958215,0.24630659421064433
gt_field,IN_PENG2025_NT,2023-06-04,PSScene-20230604_154021_84_24a1,1.0,False,0.25485948036526107,1.248659588262569,0.1920799973555764
csb_field,181825002164142,2023-06-04,PSScene-20230604_154021_84_24a1,1.0,False,0.23605375515722984,1.0780780905342753,0.1818281283625428
csb_field,181825002164143,2023-06-04,PSScene-20230604_154021_84_24a1,1.0,False,0.25143798291739833,1.1585329644401823,0.19080616204979212
csb_field,181825002164131,2023-06-04,PSScene-20230604_154021_84_24a1,1.0,False,0.2449905478720061,1.2309845474401415,0.18674693936148584
csb_field,181825002164136,2023-06-04,PSScene-20230604_154021_84_24a1,1.0,False,0.2858631049929731,1.299603200199586,0.1972675396474255
csb_field,181825002164109,2023-06-04,PSScene-20230604_154021_84_24a1,1.0,False,0.2620958326023977,1.191963414444956,0.1947186185078187
csb_field,181825002164090,2023-06-04,PSScene-20230604_154021_84_24a1,1.0,False,0.4074207513250526,1.7490200902205058,0.3006078973509024
csb_field,181825002164096,2023-06-04,PSScene-20230604_154021_84_24a1,1.0,False,0.3650959101995775,1.5968725017445615,0.26887337239993636
csb_field,181825002164060,2023-06-04,PSScene-20230604_154021_84_24a1,1.0,False,0.6193747913883125,3.390455339328642,0.44147442368723244
csb_field,181825002164039,2023-06-04,PSScene-20230604_154021_84_24a1,1.0,False,0.36308679690486506,1.6799694400084646,0.24982338484964872
csb_field,181825002164033,2023-06-04,PSScene-20230604_154021_84_24a1,1.0,False,0.406809200498241,1.618190118836032,0.2969408933659671
csb_field,181825002164017,2023-06-04,PSScene-20230604_154021_84_24a1,1.0,False,0.3136040375387068,1.3201471781559129,0.24206738195402158
csb_field,181825002164151,2023-06-04,PSScene-20230604_154021_84_24a1,1.0,False,0.3884731391545253,1.9458677735644607,0.2949592074141113
csb_field,181825002164153,2023-06-04,PSScene-20230604_154021_84_24a1,1.0,False,0.33133625261410093,1.6854261706898706,0.24572173677051629
csb_field,181825002164152,2023-06-04,PSScene-20230604_154021_84_24a1,1.0,False,0.34885502099376176,1.7738482190171674,0.2560289536772248
csb_field,181825002164141,2023-06-04,PSScene-20230604_154021_84_24a1,1.0,False,0.2481864431377131,1.0896094881585574,0.1901227346476775
csb_field,181825002164144,2023-06-04,PSScene-20230604_154021_84_24a1,1.0,False,0.2500504312038345,1.0951897844224858,0.19072417707940054
csb_field,181825002164119,2023-06-04,PSScene-20230604_154021_84_24a1,1.0,False,0.34168541047609213,1.595505659669918,0.24926145038837053
csb_field,181825002164140,2023-06-04,PSScene-20230604_154021_84_24a1,1.0,False,0.3067260899934904,1.5708071484202886,0.22797989192898885
csb_field,181825002164064,2023-06-04,PSScene-20230604_154021_84_24a1,1.0,False,0.24726545845491468,1.1842174299214043,0.18401865979363816
csb_field,181825002164059,2023-06-04,PSScene-20230604_154021_84_24a1,1.0,False,0.3193358803350842,1.644362053051554,0.23833011992067213
csb_field,181825002164061,2023-06-04,PSScene-20230604_154021_84_24a1,1.0,False,0.2674431477679765,1.2114352274085796,0.20097336753894646
csb_field,181825002164104,2023-06-04,PSScene-20230604_154021_84_24a1,1.0,False,0.34079603123806823,1.573889037513094,0.23785085869647332
csb_field,181825002164087,2023-06-04,PSScene-20230604_154021_84_24a1,1.0,False,0.27636771324123455,1.3511918919252266,0.20335699258188594
csb_field,181825002164078,2023-06-04,PSScene-20230604_154021_84_24a1,1.0,False,0.26176568421677415,1.2109092139258173,0.1760586881230177
csb_field,181825002164073,2023-06-04,PSScene-20230604_154021_84_24a1,1.0,False,0.28353987671801173,1.3413505463358761,0.20486016448269395
csb_field,181825002164072,2023-06-04,PSScene-20230604_154021_84_24a1,1.0,False,0.29609436428947283,1.5217438284005014,0.2251145967473059
csb_field,181825002164058,2023-06-04,PSScene-20230604_154021_84_24a1,1.0,False,0.8077807755367458,6.308200562860168,0.6605539088944498
csb_field,181825002164040,2023-06-04,PSScene-20230604_154021_84_24a1,1.0,False,0.29040844965302176,1.2753449949528854,0.22384004225446696
csb_field,181825002163999,2023-06-04,PSScene-20230604_154021_84_24a1,1.0,False,0.38464168180005964,2.0345541239362634,0.2827294333411315
csb_field,181825002164000,2023-06-04,PSScene-20230604_154021_84_24a1,1.0,False,0.3072504598419245,1.4074094326045197,0.23435657252369754
csb_field,181825002163982,2023-06-04,PSScene-20230604_154021_84_24a1,1.0,False,0.503467422233869,2.342544134349039,0.3779376100187432
csb_field,181825002163998,2023-06-04,PSScene-20230604_154021_84_24a1,1.0,False,0.6318867186166939,3.4140458679379497,0.453203934665188
csb_field,181825002163972,2023-06-04,PSScene-20230604_154021_84_24a1,1.0,False,0.3250008180750264,1.3627651226040431,0.23784439725403922
csb_field,181825002163954,2023-06-04,PSScene-20230604_154021_84_24a1,1.0,False,0.3590082823393833,1.5548572402004888,0.26551279348954626
csb_field,181825002163941,2023-06-04,PSScene-20230604_154021_84_24a1,1.0,False,0.3623021501206849,1.6249777594342605,0.24872883017517367
csb_field,181825002163948,2023-06-04,PSScene-20230604_154021_84_24a1,1.0,False,0.4143771932214598,1.8720530083466909,0.30885980700106197
csb_field,181825002164031,2023-06-04,PSScene-20230604_154021_84_24a1,1.0,False,0.34956332137027,1.787946289834799,0.2574745120561398
csb_field,181825002164028,2023-06-04,PSScene-20230604_154021_84_24a1,1.0,False,0.2701923233633867,1.344218083833057,0.2038355966188616
csb_field,181825002164004,2023-06-04,PSScene-20230604_154021_84_24a1,1.0,False,0.3487323677355874,1.7514674759557205,0.26102578521088904
csb_field,181825002164005,2023-06-04,PSScene-20230604_154021_84_24a1,1.0,False,0.35609436213354323,1.8514718160475039,0.2643189882841179
csb_field,181825002163930,2023-06-04,PSScene-20230604_154021_84_24a1,1.0,False,0.59969766103073,3.325090231151756,0.44789171979309766
csb_field,181825002163963,2023-06-04,PSScene-20230604_154021_84_24a1,1.0,False,0.2989351934413936,1.4431869603689838,0.2316038918497367
csb_field,181825002163938,2023-06-04,PSScene-20230604_154021_84_24a1,1.0,False,0.4162199052952533,2.162780695654688,0.31915428433904414
csb_field,181825002163906,2023-06-04,PSScene-20230604_154021_84_24a1,1.0,False,0.8142180120150249,6.518640293629964,0.6646652803579967
csb_field,181825002163917,2023-06-04,PSScene-20230604_154021_84_24a1,1.0,False,0.7603192248127677,4.913631558696151,0.5608450541129479
csb_field,181825002163904,2023-06-04,PSScene-20230604_154021_84_24a1,1.0,False,0.7348106086704391,5.302361200393879,0.6005721417826454
csb_field,181825002163937,2023-06-04,PSScene-20230604_154021_84_24a1,1.0,False,0.3475804904432069,1.5755826638343855,0.2368777110301186
csb_field,181825002163924,2023-06-04,PSScene-20230604_154021_84_24a1,1.0,False,0.2887977395452266,1.3140524846536141,0.20968394337585136
csb_field,181825002163922,2023-06-04,PSScene-20230604_154021_84_24a1,1.0,False,0.7967200418599218,5.449090205679695,0.5940310504796694
csb_field,181825002163878,2023-06-04,PSScene-20230604_154021_84_24a1,1.0,False,0.6659090431262674,3.7198899039691296,0.47244614019071607
csb_field,181825002163866,2023-06-04,PSScene-20230604_154021_84_24a1,1.0,False,0.748116674126527,4.668103926405644,0.5527237211805165
csb_field,181825002163865,2023-06-04,PSScene-20230604_154021_84_24a1,1.0,False,0.7487317932332545,4.682544447654902,0.5518283032621188
csb_field,181825002163854,2023-06-04,PSScene-20230604_154021_84_24a1,1.0,False,0.7281169984489679,4.106211917102337,0.5269016311193506
csb_field,181825002163846,2023-06-04,PSScene-20230604_154021_84_24a1,1.0,False,0.42880306495170967,1.88523671206306,0.3502933447267495
csb_field,181825002163942,2023-06-04,PSScene-20230604_154021_84_24a1,1.0,False,0.3348209284263762,1.73411568184836,0.24904932487909803
csb_field,181825002163957,2023-06-04,PSScene-20230604_154021_84_24a1,1.0,False,0.3759580931850848,1.92317832879966,0.28386594012999283
csb_field,181825002163897,2023-06-04,PSScene-20230604_154021_84_24a1,1.0,False,0.6273589331348675,3.4851005862172046,0.46233822774961475
csb_field,181825002163916,2023-06-04,PSScene-20230604_154021_84_24a1,1.0,False,0.3610194770675948,1.8927706870573642,0.2700298344732725
csb_field,181825002163879,2023-06-04,PSScene-20230604_154021_84_24a1,1.0,False,0.6433030624083805,3.6001983212544224,0.4660367221653867
csb_field,181825002163918,2023-06-04,PSScene-20230604_154021_84_24a1,1.0,False,0.35145953181372197,1.5334324452888082,0.2614982393949672
csb_field,181825002163911,2023-06-04,PSScene-20230604_154021_84_24a1,1.0,False,0.49827824575258484,2.36074702128998,0.34997688800805205
csb_field,181825002163907,2023-06-04,PSScene-20230604_154021_84_24a1,1.0,False,0.39752670434250975,1.8032673105921637,0.2874635990037774
csb_field,181825002163884,2023-06-04,PSScene-20230604_154021_84_24a1,1.0,False,0.2923797903058838,1.233329123471279,0.21375549727932489
csb_field,181825002163859,2023-06-04,PSScene-20230604_154021_84_24a1,1.0,False,0.4065258481081002,1.71382335897739,0.2977904092090012
csb_field,181825002163855,2023-06-04,PSScene-20230604_154021_84_24a1,1.0,False,0.289941303140057,1.326759427125856,0.2210521506846865
csb_field,181825002163874,2023-06-04,PSScene-20230604_154021_84_24a1,1.0,False,0.307860863740047,1.2682413496026876,0.22829570291713583
csb_field,181825002163842,2023-06-04,PSScene-20230604_154021_84_24a1,1.0,False,0.25965959074475414,1.0614694207906723,0.19064211391094255
csb_field,181825002163872,2023-06-04,PSScene-20230604_154021_84_24a1,1.0,False,0.267698626921866,1.2820369766586588,0.2014445299000451
csb_field,181825002163860,2023-06-04,PSScene-20230604_154021_84_24a1,1.0,False,0.3173123303447788,1.2581588275193156,0.2373410857887214
gt_field,IN_PENG2025_CCNT,2023-06-04,PSScene-20230604_154024_17_24a1,0.0,False,,,
gt_field,IN_PENG2025_NT,2023-06-04,PSScene-20230604_154024_17_24a1,0.0,False,,,
csb_field,181825002164142,2023-06-04,PSScene-20230604_154024_17_24a1,1.0,False,0.23557847595865816,1.0771846985518594,0.1810869995559713
csb_field,181825002164143,2023-06-04,PSScene-20230604_154024_17_24a1,0.5908399847966552,False,0.26502414339606345,1.2262318098648601,0.19918841976838964
csb_field,181825002164131,2023-06-04,PSScene-20230604_154024_17_24a1,0.17004366812227073,False,0.23829671734409205,1.1953169834203579,0.18045966645571657
csb_field,181825002164136,2023-06-04,PSScene-20230604_154024_17_24a1,0.0,False,,,
csb_field,181825002164109,2023-06-04,PSScene-20230604_154024_17_24a1,0.004611837048424289,False,0.234421806557784,1.074813275110154,0.17406827968264382
csb_field,181825002164090,2023-06-04,PSScene-20230604_154024_17_24a1,1.0,False,0.4030777937467234,1.721742520832645,0.2959404837224304
csb_field,181825002164096,2023-06-04,PSScene-20230604_154024_17_24a1,0.8981989036805011,False,0.3687362814323738,1.6096157646369245,0.2709785015066499
csb_field,181825002164060,2023-06-04,PSScene-20230604_154024_17_24a1,0.0,False,,,
csb_field,181825002164039,2023-06-04,PSScene-20230604_154024_17_24a1,0.0,False,,,
csb_field,181825002164033,2023-06-04,PSScene-20230604_154024_17_24a1,0.0,False,,,
csb_field,181825002164017,2023-06-04,PSScene-20230604_154024_17_24a1,0.0,False,,,
csb_field,181825002164151,2023-06-04,PSScene-20230604_154024_17_24a1,1.0,False,0.39334534882397054,2.0110275697634656,0.29707284097219655
csb_field,181825002164153,2023-06-04,PSScene-20230604_154024_17_24a1,1.0,False,0.3237943251338569,1.6487353768265038,0.24188643263126852
csb_field,181825002164152,2023-06-04,PSScene-20230604_154024_17_24a1,1.0,False,0.3478184773626439,1.7752328169012352,0.2556197871711757
csb_field,181825002164141,2023-06-04,PSScene-20230604_154024_17_24a1,0.9820452771272443,False,0.2494433608930706,1.097059979916377,0.19200283962943027
csb_field,181825002164144,2023-06-04,PSScene-20230604_154024_17_24a1,0.9593835286562851,False,0.2519053869757308,1.1041646426620892,0.19233248868166722
csb_field,181825002164119,2023-06-04,PSScene-20230604_154024_17_24a1,0.6013584117032393,False,0.4020320700237173,1.906813599771256,0.2909076863351229
csb_field,181825002164140,2023-06-04,PSScene-20230604_154024_17_24a1,0.39021287007585026,False,0.3214883025570235,1.6264925556192429,0.23624337086902994
csb_field,181825002164064,2023-06-04,PSScene-20230604_154024_17_24a1,0.0,False,,,
csb_field,181825002164059,2023-06-04,PSScene-20230604_154024_17_24a1,0.0,False,,,
csb_field,181825002164061,2023-06-04,PSScene-20230604_154024_17_24a1,0.0,False,,,
csb_field,181825002164104,2023-06-04,PSScene-20230604_154024_17_24a1,0.0,False,,,
csb_field,181825002164087,2023-06-04,PSScene-20230604_154024_17_24a1,0.0,False,,,
csb_field,181825002164078,2023-06-04,PSScene-20230604_154024_17_24a1,0.0,False,,,
csb_field,181825002164073,2023-06-04,PSScene-20230604_154024_17_24a1,0.0,False,,,
csb_field,181825002164072,2023-06-04,PSScene-20230604_154024_17_24a1,0.0,False,,,
csb_field,181825002164058,2023-06-04,PSScene-20230604_154024_17_24a1,0.0,False,,,
csb_field,181825002164040,2023-06-04,PSScene-20230604_154024_17_24a1,0.0,False,,,
csb_field,181825002163999,2023-06-04,PSScene-20230604_154024_17_24a1,0.0,False,,,
csb_field,181825002164000,2023-06-04,PSScene-20230604_154024_17_24a1,0.0,False,,,
csb_field,181825002163982,2023-06-04,PSScene-20230604_154024_17_24a1,0.0,False,,,
csb_field,181825002163998,2023-06-04,PSScene-20230604_154024_17_24a1,0.0,False,,,
csb_field,181825002163972,2023-06-04,PSScene-20230604_154024_17_24a1,0.0,False,,,
csb_field,181825002163954,2023-06-04,PSScene-20230604_154024_17_24a1,0.0,False,,,
csb_field,181825002163941,2023-06-04,PSScene-20230604_154024_17_24a1,0.0,False,,,
csb_field,181825002163948,2023-06-04,PSScene-20230604_154024_17_24a1,0.0,False,,,
csb_field,181825002164031,2023-06-04,PSScene-20230604_154024_17_24a1,0.0,False,,,
csb_field,181825002164028,2023-06-04,PSScene-20230604_154024_17_24a1,0.0,False,,,
csb_field,181825002164004,2023-06-04,PSScene-20230604_154024_17_24a1,0.0,False,,,
csb_field,181825002164005,2023-06-04,PSScene-20230604_154024_17_24a1,0.0,False,,,
csb_field,181825002163930,2023-06-04,PSScene-20230604_154024_17_24a1,0.0,False,,,
csb_field,181825002163963,2023-06-04,PSScene-20230604_154024_17_24a1,0.0,False,,,
csb_field,181825002163938,2023-06-04,PSScene-20230604_154024_17_24a1,0.0,False,,,
csb_field,181825002163906,2023-06-04,PSScene-20230604_154024_17_24a1,0.0,False,,,
csb_field,181825002163917,2023-06-04,PSScene-20230604_154024_17_24a1,0.0,False,,,
csb_field,181825002163904,2023-06-04,PSScene-20230604_154024_17_24a1,0.0,False,,,
csb_field,181825002163937,2023-06-04,PSScene-20230604_154024_17_24a1,0.0,False,,,
csb_field,181825002163924,2023-06-04,PSScene-20230604_154024_17_24a1,0.0,False,,,
csb_field,181825002163922,2023-06-04,PSScene-20230604_154024_17_24a1,0.0,False,,,
csb_field,181825002163878,2023-06-04,PSScene-20230604_154024_17_24a1,0.0,False,,,
csb_field,181825002163866,2023-06-04,PSScene-20230604_154024_17_24a1,0.0,False,,,
csb_field,181825002163865,2023-06-04,PSScene-20230604_154024_17_24a1,0.0,False,,,
csb_field,181825002163854,2023-06-04,PSScene-20230604_154024_17_24a1,0.0,False,,,
csb_field,181825002163846,2023-06-04,PSScene-20230604_154024_17_24a1,0.0,False,,,
csb_field,181825002163942,2023-06-04,PSScene-20230604_154024_17_24a1,0.0,False,,,
csb_field,181825002163957,2023-06-04,PSScene-20230604_154024_17_24a1,0.0,False,,,
csb_field,181825002163897,2023-06-04,PSScene-20230604_154024_17_24a1,0.0,False,,,
csb_field,181825002163916,2023-06-04,PSScene-20230604_154024_17_24a1,0.0,False,,,
csb_field,181825002163879,2023-06-04,PSScene-20230604_154024_17_24a1,0.0,False,,,
csb_field,181825002163918,2023-06-04,PSScene-20230604_154024_17_24a1,0.0,False,,,
csb_field,181825002163911,2023-06-04,PSScene-20230604_154024_17_24a1,0.0,False,,,
csb_field,181825002163907,2023-06-04,PSScene-20230604_154024_17_24a1,0.0,False,,,
csb_field,181825002163884,2023-06-04,PSScene-20230604_154024_17_24a1,0.0,False,,,
csb_field,181825002163859,2023-06-04,PSScene-20230604_154024_17_24a1,0.0,False,,,
csb_field,181825002163855,2023-06-04,PSScene-20230604_154024_17_24a1,0.0,False,,,
csb_field,181825002163874,2023-06-04,PSScene-20230604_154024_17_24a1,0.0,False,,,
csb_field,181825002163842,2023-06-04,PSScene-20230604_154024_17_24a1,0.0,False,,,
csb_field,181825002163872,2023-06-04,PSScene-20230604_154024_17_24a1,0.0,False,,,
csb_field,181825002163860,2023-06-04,PSScene-20230604_154024_17_24a1,0.0,False,,,
gt_field,IN_PENG2025_CCNT,2023-06-17,PSScene-20230617_161114_17_249e,0.1850735324072188,False,0.3252053499539964,1.1198462665067903,0.25866297165072527
gt_field,IN_PENG2025_NT,2023-06-17,PSScene-20230617_161114_17_249e,0.26709298971054907,False,0.32007977739580035,1.1528371720352653,0.2532002162798817
csb_field,181825002164142,2023-06-17,PSScene-20230617_161114_17_249e,0.0,False,,,
csb_field,181825002164143,2023-06-17,PSScene-20230617_161114_17_249e,0.0,False,,,
csb_field,181825002164131,2023-06-17,PSScene-20230617_161114_17_249e,0.0,False,,,
csb_field,181825002164136,2023-06-17,PSScene-20230617_161114_17_249e,0.0,False,,,
csb_field,181825002164109,2023-06-17,PSScene-20230617_161114_17_249e,0.07324036455473812,False,0.3220417163465572,1.07772259191535,0.21805576518874267
csb_field,181825002164090,2023-06-17,PSScene-20230617_161114_17_249e,1.0,False,0.5454226787264792,2.135510101991614,0.37377810179029103
csb_field,181825002164096,2023-06-17,PSScene-20230617_161114_17_249e,0.9536860946414588,False,0.47390822858055315,1.9838830945079278,0.35467098121943713
csb_field,181825002164060,2023-06-17,PSScene-20230617_161114_17_249e,1.0,False,0.7507191727797254,4.51160414757112,0.5649633430859868
csb_field,181825002164039,2023-06-17,PSScene-20230617_161114_17_249e,1.0,False,0.4240572254908712,1.810847722856622,0.3095379187872535
csb_field,181825002164033,2023-06-17,PSScene-20230617_161114_17_249e,1.0,False,0.4045105778301756,1.6700150594115257,0.27905580930894724
csb_field,181825002164017,2023-06-17,PSScene-20230617_161114_17_249e,1.0,False,0.3737883467039616,1.6547877531257464,0.30844281270778434
csb_field,181825002164151,2023-06-17,PSScene-20230617_161114_17_249e,0.0,False,,,
csb_field,181825002164153,2023-06-17,PSScene-20230617_161114_17_249e,0.0,False,,,
csb_field,181825002164152,2023-06-17,PSScene-20230617_161114_17_249e,0.29211762303451094,False,0.30470916617899996,1.0021523832649837,0.24365101643596776
csb_field,181825002164141,2023-06-17,PSScene-20230617_161114_17_249e,0.03981264637002342,False,0.14290444607682087,0.42774026651008457,0.10587644540503913
csb_field,181825002164144,2023-06-17,PSScene-20230617_161114_17_249e,0.2087012361534757,False,0.24030004457212412,0.7349438543503101,0.20872877540031018
csb_field,181825002164119,2023-06-17,PSScene-20230617_161114_17_249e,0.0,False,,,
csb_field,181825002164140,2023-06-17,PSScene-20230617_161114_17_249e,0.24076339613408368,False,0.3239976764997331,1.2512971238634452,0.2404710149165334
csb_field,181825002164064,2023-06-17,PSScene-20230617_161114_17_249e,0.3559225512528474,False,0.20500524507416412,0.9334446832656861,0.21970620377063751
csb_field,181825002164059,2023-06-17,PSScene-20230617_161114_17_249e,1.0,False,0.3330095971959635,1.5994931220179225,0.2578964693412261
csb_field,181825002164061,2023-06-17,PSScene-20230617_161114_17_249e,0.030110817681467037,False,0.20692193665709652,0.6332415973553892,0.16864649197697396
csb_field,181825002164104,2023-06-17,PSScene-20230617_161114_17_249e,0.0,False,,,
csb_field,181825002164087,2023-06-17,PSScene-20230617_161114_17_249e,0.0,False,,,
csb_field,181825002164078,2023-06-17,PSScene-20230617_161114_17_249e,0.0,False,,,
csb_field,181825002164073,2023-06-17,PSScene-20230617_161114_17_249e,0.05275046505447781,False,0.269468140748496,1.1403782537361837,0.20053012899219314
csb_field,181825002164072,2023-06-17,PSScene-20230617_161114_17_249e,0.0,False,,,
csb_field,181825002164058,2023-06-17,PSScene-20230617_161114_17_249e,0.0,False,,,
csb_field,181825002164040,2023-06-17,PSScene-20230617_161114_17_249e,0.0,False,,,
csb_field,181825002163999,2023-06-17,PSScene-20230617_161114_17_249e,0.6904992729035385,False,0.3579362964799589,1.636196752647301,0.2680234207829579
csb_field,181825002164000,2023-06-17,PSScene-20230617_161114_17_249e,0.0,False,,,
csb_field,181825002163982,2023-06-17,PSScene-20230617_161114_17_249e,1.0,False,0.4928037462985679,2.129675806385197,0.34445459854929417
csb_field,181825002163998,2023-06-17,PSScene-20230617_161114_17_249e,0.9634530560806553,False,0.6751687441785429,3.5659075689024724,0.514655408553628
csb_field,181825002163972,2023-06-17,PSScene-20230617_161114_17_249e,0.9931448157669237,False,0.34786136592380745,1.3997871846963457,0.27439296081006476
csb_field,181825002163954,2023-06-17,PSScene-20230617_161114_17_249e,0.37043966323666977,False,0.31848032569343393,1.1974160660697957,0.30623554942583797
csb_field,181825002163941,2023-06-17,PSScene-20230617_161114_17_249e,0.10066555740432612,False,0.34838926365224454,1.4253520335047698,0.2477696248158279
csb_field,181825002163948,2023-06-17,PSScene-20230617_161114_17_249e,0.39773762526571516,False,0.4150751712887563,1.7316548306652098,0.3359199108559113
csb_field,181825002164031,2023-06-17,PSScene-20230617_161114_17_249e,0.2735972978044661,False,0.3579568483129614,1.3388452052415971,0.2821160515614457
csb_field,181825002164028,2023-06-17,PSScene-20230617_161114_17_249e,0.3385108481262327,False,0.3598556572584511,1.45595269606628,0.2838059805881415
csb_field,181825002164004,2023-06-17,PSScene-20230617_161114_17_249e,0.5927738050432819,False,0.32384508636735737,1.0725141339831883,0.25505352217585797
csb_field,181825002164005,2023-06-17,PSScene-20230617_161114_17_249e,0.016711590296495958,False,0.3344467643608329,1.1178324863474856,0.23596827934185663
csb_field,181825002163930,2023-06-17,PSScene-20230617_161114_17_249e,0.0,False,,,
csb_field,181825002163963,2023-06-17,PSScene-20230617_161114_17_249e,0.9958380936836951,False,0.3481890212902913,1.5537113377982101,0.2669772852004908
csb_field,181825002163938,2023-06-17,PSScene-20230617_161114_17_249e,0.0007918552036199095,False,0.6461954372269767,3.659649440220424,0.5501090373311724
csb_field,181825002163906,2023-06-17,PSScene-20230617_161114_17_249e,0.0,False,,,
csb_field,181825002163917,2023-06-17,PSScene-20230617_161114_17_249e,0.0,False,,,
csb_field,181825002163904,2023-06-17,PSScene-20230617_161114_17_249e,0.0,False,,,
csb_field,181825002163937,2023-06-17,PSScene-20230617_161114_17_249e,0.0,False,,,
csb_field,181825002163924,2023-06-17,PSScene-20230617_161114_17_249e,0.0,False,,,
csb_field,181825002163922,2023-06-17,PSScene-20230617_161114_17_249e,0.0,False,,,
csb_field,181825002163878,2023-06-17,PSScene-20230617_161114_17_249e,0.0,False,,,
csb_field,181825002163866,2023-06-17,PSScene-20230617_161114_17_249e,0.0,False,,,
csb_field,181825002163865,2023-06-17,PSScene-20230617_161114_17_249e,0.0,False,,,
csb_field,181825002163854,2023-06-17,PSScene-20230617_161114_17_249e,0.0,False,,,
csb_field,181825002163846,2023-06-17,PSScene-20230617_161114_17_249e,0.0,False,,,
csb_field,181825002163942,2023-06-17,PSScene-20230617_161114_17_249e,0.2695325827362675,False,0.34192885956432245,1.6101325539093982,0.25790811292355575
csb_field,181825002163957,2023-06-17,PSScene-20230617_161114_17_249e,0.0,False,,,
csb_field,181825002163897,2023-06-17,PSScene-20230617_161114_17_249e,0.0,False,,,
csb_field,181825002163916,2023-06-17,PSScene-20230617_161114_17_249e,0.423206588998421,False,0.3960021204815957,1.773159155552818,0.29113777727114043
csb_field,181825002163879,2023-06-17,PSScene-20230617_161114_17_249e,0.0,False,,,
csb_field,181825002163918,2023-06-17,PSScene-20230617_161114_17_249e,1.0,False,0.4635886309944369,1.954778030404338,0.3449774309751336
csb_field,181825002163911,2023-06-17,PSScene-20230617_161114_17_249e,1.0,False,0.5550382968332054,2.579763098612496,0.4036025752219798
csb_field,181825002163907,2023-06-17,PSScene-20230617_161114_17_249e,0.5468624116014681,False,0.4537293169312673,2.088195997674642,0.3436981969692739
csb_field,181825002163884,2023-06-17,PSScene-20230617_161114_17_249e,0.0,False,,,
csb_field,181825002163859,2023-06-17,PSScene-20230617_161114_17_249e,0.0,False,,,
csb_field,181825002163855,2023-06-17,PSScene-20230617_161114_17_249e,0.0,False,,,
csb_field,181825002163874,2023-06-17,PSScene-20230617_161114_17_249e,0.003592276605298608,False,0.4464746117591858,1.671522468328476,0.34242165461182594
csb_field,181825002163842,2023-06-17,PSScene-20230617_161114_17_249e,0.0,False,,,
csb_field,181825002163872,2023-06-17,PSScene-20230617_161114_17_249e,0.0,False,,,
csb_field,181825002163860,2023-06-17,PSScene-20230617_161114_17_249e,0.5063649222065064,False,0.37036693882842303,1.2869970961655985,0.29044914276822986
gt_field,IN_PENG2025_CCNT,2023-06-17,PSScene-20230617_161116_32_249e,0.21053489224752517,False,0.3312891376026021,1.1424680263403768,0.26157004981814963
gt_field,IN_PENG2025_NT,2023-06-17,PSScene-20230617_161116_32_249e,0.1938647946917973,False,0.29079188587188365,0.9796405766928007,0.22965229140679602
csb_field,181825002164142,2023-06-17,PSScene-20230617_161116_32_249e,0.0,False,,,
csb_field,181825002164143,2023-06-17,PSScene-20230617_161116_32_249e,0.0,False,,,
csb_field,181825002164131,2023-06-17,PSScene-20230617_161116_32_249e,0.0,False,,,
csb_field,181825002164136,2023-06-17,PSScene-20230617_161116_32_249e,0.0,False,,,
csb_field,181825002164109,2023-06-17,PSScene-20230617_161116_32_249e,0.05274331100618572,False,0.28188158384809303,0.9384035499124044,0.203387821085446
csb_field,181825002164090,2023-06-17,PSScene-20230617_161116_32_249e,0.9708549222797928,False,0.5286107719381942,2.0879113559646556,0.376594842533973
csb_field,181825002164096,2023-06-17,PSScene-20230617_161116_32_249e,0.9823246448148563,False,0.4778568401021439,2.0023383301138784,0.3556059172404354
csb_field,181825002164060,2023-06-17,PSScene-20230617_161116_32_249e,1.0,False,0.7513584576837233,4.518770853357736,0.565674190421318
csb_field,181825002164039,2023-06-17,PSScene-20230617_161116_32_249e,1.0,False,0.4237357967778256,1.8158334656765587,0.30946235978289655
csb_field,181825002164033,2023-06-17,PSScene-20230617_161116_32_249e,1.0,False,0.4023636280800457,1.6539268769599773,0.27704708864567457
csb_field,181825002164017,2023-06-17,PSScene-20230617_161116_32_249e,1.0,False,0.3194059474433926,1.3274920381230415,0.24976525300269503
csb_field,181825002164151,2023-06-17,PSScene-20230617_161116_32_249e,0.0,False,,,
csb_field,181825002164153,2023-06-17,PSScene-20230617_161116_32_249e,0.4316777860143316,False,0.23619697375136944,0.8162054999187188,0.20643490704302114
csb_field,181825002164152,2023-06-17,PSScene-20230617_161116_32_249e,0.27261588727792524,False,0.23753913011732608,0.8910859121365493,0.22224203440245618
csb_field,181825002164141,2023-06-17,PSScene-20230617_161116_32_249e,0.0,False,,,
csb_field,181825002164144,2023-06-17,PSScene-20230617_161116_32_249e,0.1560443088778295,False,0.26176120457095725,0.7603528789654681,0.2132394832076022
csb_field,181825002164119,2023-06-17,PSScene-20230617_161116_32_249e,0.0,False,,,
csb_field,181825002164140,2023-06-17,PSScene-20230617_161116_32_249e,0.1885490579887448,False,0.3164525127452657,1.3013234892789958,0.24350601770786257
csb_field,181825002164064,2023-06-17,PSScene-20230617_161116_32_249e,0.6059225512528473,False,0.23813830860155194,1.04299090287291,0.21278210258447475
csb_field,181825002164059,2023-06-17,PSScene-20230617_161116_32_249e,1.0,False,0.3353659984900731,1.6075307455683094,0.25934463389659534
csb_field,181825002164061,2023-06-17,PSScene-20230617_161116_32_249e,0.021447787348520375,False,0.23471332185390492,0.7241684107840816,0.19045063913708726
csb_field,181825002164104,2023-06-17,PSScene-20230617_161116_32_249e,0.0,False,,,
csb_field,181825002164087,2023-06-17,PSScene-20230617_161116_32_249e,0.0,False,,,
csb_field,181825002164078,2023-06-17,PSScene-20230617_161116_32_249e,0.0,False,,,
csb_field,181825002164073,2023-06-17,PSScene-20230617_161116_32_249e,0.04643901142705288,False,0.32577969973776305,1.4492138566206794,0.2534147971263089
csb_field,181825002164072,2023-06-17,PSScene-20230617_161116_32_249e,0.0,False,,,
csb_field,181825002164058,2023-06-17,PSScene-20230617_161116_32_249e,0.0,False,,,
csb_field,181825002164040,2023-06-17,PSScene-20230617_161116_32_249e,0.0,False,,,
csb_field,181825002163999,2023-06-17,PSScene-20230617_161116_32_249e,0.5072709646146388,False,0.3491126628965495,1.5835480544194616,0.2626793349096778
csb_field,181825002164000,2023-06-17,PSScene-20230617_161116_32_249e,0.0,False,,,
csb_field,181825002163982,2023-06-17,PSScene-20230617_161116_32_249e,1.0,False,0.4649755321953395,2.102552975693794,0.38316752241082386
csb_field,181825002163998,2023-06-17,PSScene-20230617_161116_32_249e,1.0,False,0.7035038917380405,3.9125420995380567,0.544324655175785
csb_field,181825002163972,2023-06-17,PSScene-20230617_161116_32_249e,1.0,False,0.3517624695482883,1.449549698890941,0.2651542945483248
csb_field,181825002163954,2023-06-17,PSScene-20230617_161116_32_249e,0.45135640785781106,False,0.4310765283713069,1.4837870153120762,0.2980269649331434
csb_field,181825002163941,2023-06-17,PSScene-20230617_161116_32_249e,0.3336106489184692,False,0.39430536677811606,1.5420499500986544,0.25741655972235816
csb_field,181825002163948,2023-06-17,PSScene-20230617_161116_32_249e,0.49590039477679926,False,0.433706532253565,1.7514083996296512,0.32988360143892254
csb_field,181825002164031,2023-06-17,PSScene-20230617_161116_32_249e,0.27059485832238694,False,0.3608648115678609,1.3678044179524198,0.28706084331691306
csb_field,181825002164028,2023-06-17,PSScene-20230617_161116_32_249e,0.24523339907955294,False,0.32227175608377195,1.1938557212138623,0.24936048858724136
csb_field,181825002164004,2023-06-17,PSScene-20230617_161116_32_249e,0.6864885208882198,False,0.3406437622268864,1.1029438248328995,0.26270664379964664
csb_field,181825002164005,2023-06-17,PSScene-20230617_161116_32_249e,0.051841868823000896,False,0.3530690797848346,1.2384177857503114,0.25664812868761233
csb_field,181825002163930,2023-06-17,PSScene-20230617_161116_32_249e,0.2717889908256881,False,0.4464460997390345,2.0051374304646683,0.3619977287979569
csb_field,181825002163963,2023-06-17,PSScene-20230617_161116_32_249e,0.9964093357271095,False,0.343892661768281,1.5275923664407784,0.2608319743808716
csb_field,181825002163938,2023-06-17,PSScene-20230617_161116_32_249e,0.012104072398190046,False,0.6486790141212606,3.7407426678131674,0.5386432802008692
csb_field,181825002163906,2023-06-17,PSScene-20230617_161116_32_249e,0.0,False,,,
csb_field,181825002163917,2023-06-17,PSScene-20230617_161116_32_249e,0.0,False,,,
csb_field,181825002163904,2023-06-17,PSScene-20230617_161116_32_249e,0.0,False,,,
csb_field,181825002163937,2023-06-17,PSScene-20230617_161116_32_249e,0.0,False,,,
csb_field,181825002163924,2023-06-17,PSScene-20230617_161116_32_249e,0.0,False,,,
csb_field,181825002163922,2023-06-17,PSScene-20230617_161116_32_249e,0.0,False,,,
csb_field,181825002163878,2023-06-17,PSScene-20230617_161116_32_249e,0.0,False,,,
csb_field,181825002163866,2023-06-17,PSScene-20230617_161116_32_249e,0.0,False,,,
csb_field,181825002163865,2023-06-17,PSScene-20230617_161116_32_249e,0.0,False,,,
csb_field,181825002163854,2023-06-17,PSScene-20230617_161116_32_249e,0.0,False,,,
csb_field,181825002163846,2023-06-17,PSScene-20230617_161116_32_249e,0.0,False,,,
csb_field,181825002163942,2023-06-17,PSScene-20230617_161116_32_249e,0.2944387581030365,False,0.33644671453247205,1.567209106745891,0.25266786846888023
csb_field,181825002163957,2023-06-17,PSScene-20230617_161116_32_249e,0.0,False,,,
csb_field,181825002163897,2023-06-17,PSScene-20230617_161116_32_249e,0.0,False,,,
csb_field,181825002163916,2023-06-17,PSScene-20230617_161116_32_249e,0.425254982289933,False,0.3935979111644412,1.75326617530884,0.28818129253070435
csb_field,181825002163879,2023-06-17,PSScene-20230617_161116_32_249e,0.0,False,,,
csb_field,181825002163918,2023-06-17,PSScene-20230617_161116_32_249e,1.0,False,0.4704698119036577,2.031562398098133,0.35117693224024993
csb_field,181825002163911,2023-06-17,PSScene-20230617_161116_32_249e,1.0,False,0.5562629596946833,2.5906192245312316,0.40571339237886417
csb_field,181825002163907,2023-06-17,PSScene-20230617_161116_32_249e,0.5177692238832692,False,0.4533632828945482,2.076803981557097,0.34239010982096896
csb_field,181825002163884,2023-06-17,PSScene-20230617_161116_32_249e,0.0,False,,,
csb_field,181825002163859,2023-06-17,PSScene-20230617_161116_32_249e,0.0,False,,,
csb_field,181825002163855,2023-06-17,PSScene-20230617_161116_32_249e,0.0,False,,,
csb_field,181825002163874,2023-06-17,PSScene-20230617_161116_32_249e,0.0,False,,,
csb_field,181825002163842,2023-06-17,PSScene-20230617_161116_32_249e,0.0,False,,,
csb_field,181825002163872,2023-06-17,PSScene-20230617_161116_32_249e,0.0,False,,,
csb_field,181825002163860,2023-06-17,PSScene-20230617_161116_32_249e,0.7814710042432814,False,0.3820525409409363,1.3874618572347304,0.30304370807037095
gt_field,IN_PENG2025_CCNT,2023-11-19,PSScene-20231119_162108_51_2488,0.0,True,,,
gt_field,IN_PENG2025_NT,2023-11-19,PSScene-20231119_162108_51_2488,0.0,True,,,
csb_field,181825002164142,2023-11-19,PSScene-20231119_162108_51_2488,1.0,True,0.2019449925172157,1.3000122193972656,0.15473540014951662
csb_field,181825002164143,2023-11-19,PSScene-20231119_162108_51_2488,1.0,True,0.21187104701786896,1.3561454231350256,0.16210612829290247
csb_field,181825002164131,2023-11-19,PSScene-20231119_162108_51_2488,1.0,True,0.2782245467606891,1.4396864795218123,0.20292247044579545
csb_field,181825002164136,2023-11-19,PSScene-20231119_162108_51_2488,1.0,True,0.27473712886782975,1.7051374231724883,0.2035888497093833
csb_field,181825002164109,2023-11-19,PSScene-20231119_162108_51_2488,1.0,True,0.2309115144558033,1.4379101854239456,0.17680263171191246
csb_field,181825002164090,2023-11-19,PSScene-20231119_162108_51_2488,1.0,True,0.5231338351146886,2.2521876899676143,0.34520351138934474
csb_field,181825002164096,2023-11-19,PSScene-20231119_162108_51_2488,1.0,True,0.5031328656450635,2.1879057302611753,0.33203255876624327
csb_field,181825002164060,2023-11-19,PSScene-20231119_162108_51_2488,0.7496469638894493,True,0.7717112653254554,5.5158597284001365,0.5262071887548838
csb_field,181825002164039,2023-11-19,PSScene-20231119_162108_51_2488,1.0,True,0.29932471472867955,1.4976111125662768,0.2176448867079871
csb_field,181825002164033,2023-11-19,PSScene-20231119_162108_51_2488,0.625,True,0.24224329899220984,1.1141811585426582,0.17770961601888102
csb_field,181825002164017,2023-11-19,PSScene-20231119_162108_51_2488,0.0,True,,,
csb_field,181825002164151,2023-11-19,PSScene-20231119_162108_51_2488,1.0,True,0.33719601700551355,1.7891924872209009,0.24129893894278023
csb_field,181825002164153,2023-11-19,PSScene-20231119_162108_51_2488,1.0,True,0.26430998533628375,1.4229452067418509,0.19963672537444963
csb_field,181825002164152,2023-11-19,PSScene-20231119_162108_51_2488,1.0,True,0.28289831021874934,1.5614252626558076,0.20803735585544356
csb_field,181825002164141,2023-11-19,PSScene-20231119_162108_51_2488,1.0,True,0.2234381506646918,1.462899490759919,0.17130099220526637
csb_field,181825002164144,2023-11-19,PSScene-20231119_162108_51_2488,1.0,True,0.22164377590225867,1.4070437413380956,0.17210777892250376
csb_field,181825002164119,2023-11-19,PSScene-20231119_162108_51_2488,1.0,True,0.2782366665820196,1.654177428554786,0.20028157627062446
csb_field,181825002164140,2023-11-19,PSScene-20231119_162108_51_2488,0.9877660875948128,True,0.2654661490414824,1.4395018961706916,0.19762346704964057
csb_field,181825002164064,2023-11-19,PSScene-20231119_162108_51_2488,0.6668564920273349,True,0.22395991588635777,1.3265946279209353,0.1738027293707376
csb_field,181825002164059,2023-11-19,PSScene-20231119_162108_51_2488,0.33693492300049677,True,0.23791252967221316,1.25015084859818,0.1755953288807434
csb_field,181825002164061,2023-11-19,PSScene-20231119_162108_51_2488,0.019744798479650518,True,0.22572156424565568,1.4366770385358743,0.17690830436566454
csb_field,181825002164104,2023-11-19,PSScene-20231119_162108_51_2488,1.0,True,0.3001008534373086,1.7715042442998339,0.22174376590560746
csb_field,181825002164087,2023-11-19,PSScene-20231119_162108_51_2488,1.0,True,0.3103317940863182,1.6376445058453595,0.22247369737464598
csb_field,181825002164078,2023-11-19,PSScene-20231119_162108_51_2488,0.9642857142857143,True,0.30124434161911623,1.897827665171547,0.2195305479047871
csb_field,181825002164073,2023-11-19,PSScene-20231119_162108_51_2488,0.6157321286207813,True,0.23543765596333535,1.4740101800874712,0.18117811644614376
csb_field,181825002164072,2023-11-19,PSScene-20231119_162108_51_2488,0.009317443120260022,True,0.3123933156954219,1.6941765514881728,0.22024014593590752
csb_field,181825002164058,2023-11-19,PSScene-20231119_162108_51_2488,0.0,True,,,
csb_field,181825002164040,2023-11-19,PSScene-20231119_162108_51_2488,0.0,True,,,
csb_field,181825002163999,2023-11-19,PSScene-20231119_162108_51_2488,0.0,True,,,
csb_field,181825002164000,2023-11-19,PSScene-20231119_162108_51_2488,0.0,True,,,
csb_field,181825002163982,2023-11-19,PSScene-20231119_162108_51_2488,0.0,True,,,
csb_field,181825002163998,2023-11-19,PSScene-20231119_162108_51_2488,0.0,True,,,
csb_field,181825002163972,2023-11-19,PSScene-20231119_162108_51_2488,0.0,True,,,
csb_field,181825002163954,2023-11-19,PSScene-20231119_162108_51_2488,0.0,True,,,
csb_field,181825002163941,2023-11-19,PSScene-20231119_162108_51_2488,0.0,True,,,
csb_field,181825002163948,2023-11-19,PSScene-20231119_162108_51_2488,0.0,True,,,
csb_field,181825002164031,2023-11-19,PSScene-20231119_162108_51_2488,0.0,True,,,
csb_field,181825002164028,2023-11-19,PSScene-20231119_162108_51_2488,0.0,True,,,
csb_field,181825002164004,2023-11-19,PSScene-20231119_162108_51_2488,0.0,True,,,
csb_field,181825002164005,2023-11-19,PSScene-20231119_162108_51_2488,0.0,True,,,
csb_field,181825002163930,2023-11-19,PSScene-20231119_162108_51_2488,0.0,True,,,
csb_field,181825002163963,2023-11-19,PSScene-20231119_162108_51_2488,0.0,True,,,
csb_field,181825002163938,2023-11-19,PSScene-20231119_162108_51_2488,0.0,True,,,
csb_field,181825002163906,2023-11-19,PSScene-20231119_162108_51_2488,0.0,True,,,
csb_field,181825002163917,2023-11-19,PSScene-20231119_162108_51_2488,0.0,True,,,
csb_field,181825002163904,2023-11-19,PSScene-20231119_162108_51_2488,0.0,True,,,
csb_field,181825002163937,2023-11-19,PSScene-20231119_162108_51_2488,0.0,True,,,
csb_field,181825002163924,2023-11-19,PSScene-20231119_162108_51_2488,0.0,True,,,
csb_field,181825002163922,2023-11-19,PSScene-20231119_162108_51_2488,0.0,True,,,
csb_field,181825002163878,2023-11-19,PSScene-20231119_162108_51_2488,0.0,True,,,
csb_field,181825002163866,2023-11-19,PSScene-20231119_162108_51_2488,0.0,True,,,
csb_field,181825002163865,2023-11-19,PSScene-20231119_162108_51_2488,0.0,True,,,
csb_field,181825002163854,2023-11-19,PSScene-20231119_162108_51_2488,0.0,True,,,
csb_field,181825002163846,2023-11-19,PSScene-20231119_162108_51_2488,0.0,True,,,
csb_field,181825002163942,2023-11-19,PSScene-20231119_162108_51_2488,0.0,True,,,
csb_field,181825002163957,2023-11-19,PSScene-20231119_162108_51_2488,0.0,True,,,
csb_field,181825002163897,2023-11-19,PSScene-20231119_162108_51_2488,0.0,True,,,
csb_field,181825002163916,2023-11-19,PSScene-20231119_162108_51_2488,0.0,True,,,
csb_field,181825002163879,2023-11-19,PSScene-20231119_162108_51_2488,0.0,True,,,
csb_field,181825002163918,2023-11-19,PSScene-20231119_162108_51_2488,0.0,True,,,
csb_field,181825002163911,2023-11-19,PSScene-20231119_162108_51_2488,0.0,True,,,
csb_field,181825002163907,2023-11-19,PSScene-20231119_162108_51_2488,0.0,True,,,
csb_field,181825002163884,2023-11-19,PSScene-20231119_162108_51_2488,0.0,True,,,
csb_field,181825002163859,2023-11-19,PSScene-20231119_162108_51_2488,0.0,True,,,
csb_field,181825002163855,2023-11-19,PSScene-20231119_162108_51_2488,0.0,True,,,
csb_field,181825002163874,2023-11-19,PSScene-20231119_162108_51_2488,0.0,True,,,
csb_field,181825002163842,2023-11-19,PSScene-20231119_162108_51_2488,0.0,True,,,
csb_field,181825002163872,2023-11-19,PSScene-20231119_162108_51_2488,0.0,True,,,
csb_field,181825002163860,2023-11-19,PSScene-20231119_162108_51_2488,0.0,True,,,
gt_field,IN_PENG2025_CCNT,2024-03-15,PSScene-20240315_163855_04_24d2,1.0,False,0.30657782961456637,1.5375520388414823,0.2270433999099945
gt_field,IN_PENG2025_NT,2024-03-15,PSScene-20240315_163855_04_24d2,1.0,False,0.30457036073952526,1.5516544123637768,0.22881214031420347
csb_field,181825002164142,2024-03-15,PSScene-20240315_163855_04_24d2,1.0,False,0.20070350731259998,1.05297483464828,0.15961591964661737
csb_field,181825002164143,2024-03-15,PSScene-20240315_163855_04_24d2,1.0,False,0.20339581842705218,1.0394792054733457,0.1611998007834207
csb_field,181825002164131,2024-03-15,PSScene-20240315_163855_04_24d2,1.0,False,0.4429670680089809,2.1664464694027297,0.3155623792365649
csb_field,181825002164136,2024-03-15,PSScene-20240315_163855_04_24d2,1.0,False,0.2628075292140334,1.3139444666832099,0.1959884596564331
csb_field,181825002164109,2024-03-15,PSScene-20240315_163855_04_24d2,1.0,False,0.22101238295547715,1.1114438494609393,0.1743231021662215
csb_field,181825002164090,2024-03-15,PSScene-20240315_163855_04_24d2,1.0,False,0.8075811327121418,5.904754050346236,0.6017384263903983
csb_field,181825002164096,2024-03-15,PSScene-20240315_163855_04_24d2,1.0,False,0.7891394200307942,5.549286063558397,0.5908546040409937
csb_field,181825002164060,2024-03-15,PSScene-20240315_163855_04_24d2,1.0,False,0.7327406711580293,4.6328368244186535,0.523133320074445
csb_field,181825002164039,2024-03-15,PSScene-20240315_163855_04_24d2,1.0,False,0.2719748435836089,1.3390403496591667,0.21043653590114494
csb_field,181825002164033,2024-03-15,PSScene-20240315_163855_04_24d2,1.0,False,0.3400244666263461,1.4765784853586443,0.24498566666066093
csb_field,181825002164017,2024-03-15,PSScene-20240315_163855_04_24d2,1.0,False,0.30887738963682876,1.468375624512597,0.2317787493518788
csb_field,181825002164151,2024-03-15,PSScene-20240315_163855_04_24d2,1.0,False,0.4065392750712866,2.036110013952975,0.2902080938564427
csb_field,181825002164153,2024-03-15,PSScene-20240315_163855_04_24d2,1.0,False,0.2914515627639689,1.5024719965849684,0.22178666021151103
csb_field,181825002164152,2024-03-15,PSScene-20240315_163855_04_24d2,1.0,False,0.30619769407847425,1.5987929648614938,0.23328723465730541
csb_field,181825002164141,2024-03-15,PSScene-20240315_163855_04_24d2,1.0,False,0.19825840173732667,1.0567657771657726,0.1615588198227635
csb_field,181825002164144,2024-03-15,PSScene-20240315_163855_04_24d2,1.0,False,0.2030055312331252,1.0756815603216112,0.1650192933825414
csb_field,181825002164119,2024-03-15,PSScene-20240315_163855_04_24d2,1.0,False,0.2549909855255637,1.2797843802062445,0.1955650741139051
csb_field,181825002164140,2024-03-15,PSScene-20240315_163855_04_24d2,1.0,False,0.3167359209116088,1.605447858133029,0.23799657212337422
csb_field,181825002164064,2024-03-15,PSScene-20240315_163855_04_24d2,1.0,False,0.22945819645780638,1.1352339542400864,0.17739001407812016
csb_field,181825002164059,2024-03-15,PSScene-20240315_163855_04_24d2,1.0,False,0.2865577205641762,1.4209161295334538,0.21546006965583417
csb_field,181825002164061,2024-03-15,PSScene-20240315_163855_04_24d2,1.0,False,0.22661891347249022,1.1637432826431229,0.17700193260992922
csb_field,181825002164104,2024-03-15,PSScene-20240315_163855_04_24d2,1.0,False,0.3066842765181669,1.4886097246978556,0.22609529172593348
csb_field,181825002164087,2024-03-15,PSScene-20240315_163855_04_24d2,1.0,False,0.46135201374633483,2.262308083768651,0.3266588472471978
csb_field,181825002164078,2024-03-15,PSScene-20240315_163855_04_24d2,1.0,False,0.24707796861385478,1.2281732876312557,0.18714683293709028
csb_field,181825002164073,2024-03-15,PSScene-20240315_163855_04_24d2,1.0,False,0.24864758590026925,1.2462802280414746,0.19142235079970793
csb_field,181825002164072,2024-03-15,PSScene-20240315_163855_04_24d2,1.0,False,0.319690162133938,1.5592266792594935,0.23556690134697333
csb_field,181825002164058,2024-03-15,PSScene-20240315_163855_04_24d2,1.0,False,0.5048672241045137,2.4449187892706523,0.33991064747939187
csb_field,181825002164040,2024-03-15,PSScene-20240315_163855_04_24d2,1.0,False,0.21580301396642781,1.138702627209336,0.17224330346886235
csb_field,181825002163999,2024-03-15,PSScene-20240315_163855_04_24d2,1.0,False,0.3613631708626024,1.8170242682857762,0.26454537016598273
csb_field,181825002164000,2024-03-15,PSScene-20240315_163855_04_24d2,1.0,False,0.2934339254639864,1.4050896972448972,0.2183730373518345
csb_field,181825002163982,2024-03-15,PSScene-20240315_163855_04_24d2,1.0,False,0.4081972016863627,1.950345810145548,0.3285258753250723
csb_field,181825002163998,2024-03-15,PSScene-20240315_163855_04_24d2,1.0,False,0.7063163743315062,4.154665121133776,0.481493920907832
csb_field,181825002163972,2024-03-15,PSScene-20240315_163855_04_24d2,1.0,False,0.24976527371668059,1.27955217267472,0.1956507744269179
csb_field,181825002163954,2024-03-15,PSScene-20240315_163855_04_24d2,1.0,False,0.31002400961850046,1.6079260367339074,0.24054479562059755
csb_field,181825002163941,2024-03-15,PSScene-20240315_163855_04_24d2,1.0,False,0.32471226123525776,1.6594688454668718,0.2419156988817192
csb_field,181825002163948,2024-03-15,PSScene-20240315_163855_04_24d2,1.0,False,0.33587621458184747,1.682409323043748,0.2475002386550383
csb_field,181825002164031,2024-03-15,PSScene-20240315_163855_04_24d2,1.0,False,0.31442529244949946,1.5594285849693637,0.23233789374234307
csb_field,181825002164028,2024-03-15,PSScene-20240315_163855_04_24d2,1.0,False,0.3168654022793445,1.6123022384877899,0.23668890218155544
csb_field,181825002164004,2024-03-15,PSScene-20240315_163855_04_24d2,1.0,False,0.31275519796520596,1.5801809895608405,0.23130758748854915
csb_field,181825002164005,2024-03-15,PSScene-20240315_163855_04_24d2,1.0,False,0.3142729244450139,1.5984529107942949,0.2321031809535952
csb_field,181825002163930,2024-03-15,PSScene-20240315_163855_04_24d2,1.0,False,0.5458742509843832,2.880883427934909,0.3812554262305072
csb_field,181825002163963,2024-03-15,PSScene-20240315_163855_04_24d2,1.0,False,0.2531321545458159,1.238586896596656,0.19597045628660087
csb_field,181825002163938,2024-03-15,PSScene-20240315_163855_04_24d2,1.0,False,0.36081278368796965,1.729722347734201,0.25944355040856076
csb_field,181825002163906,2024-03-15,PSScene-20240315_163855_04_24d2,1.0,False,0.5654642482280732,2.869929451497396,0.3928595862229665
csb_field,181825002163917,2024-03-15,PSScene-20240315_163855_04_24d2,1.0,False,0.709804874616903,4.30592003735629,0.5020935876872434
csb_field,181825002163904,2024-03-15,PSScene-20240315_163855_04_24d2,1.0,False,0.4971727392688126,2.4196083592963284,0.35382886826147775
csb_field,181825002163937,2024-03-15,PSScene-20240315_163855_04_24d2,1.0,False,0.3065897040019587,1.4388437174461983,0.22464903482674603
csb_field,181825002163924,2024-03-15,PSScene-20240315_163855_04_24d2,1.0,False,0.34245784922257577,1.535447020922789,0.23861819397048076
csb_field,181825002163922,2024-03-15,PSScene-20240315_163855_04_24d2,1.0,False,0.7704603865849886,4.970737362422532,0.5387017604472826
csb_field,181825002163878,2024-03-15,PSScene-20240315_163855_04_24d2,1.0,False,0.7261430130801192,4.42890673859219,0.5046045375391692
csb_field,181825002163866,2024-03-15,PSScene-20240315_163855_04_24d2,1.0,False,0.7421199988057468,4.508234985183853,0.5208555187935623
csb_field,181825002163865,2024-03-15,PSScene-20240315_163855_04_24d2,1.0,False,0.7583723974593346,4.80016924488116,0.5317833055653481
csb_field,181825002163854,2024-03-15,PSScene-20240315_163855_04_24d2,1.0,False,0.762197719141841,4.9938112984100975,0.5358722240974506
csb_field,181825002163846,2024-03-15,PSScene-20240315_163855_04_24d2,1.0,False,0.40114477189148173,1.9083943694245582,0.33314023356811673
csb_field,181825002163942,2024-03-15,PSScene-20240315_163855_04_24d2,1.0,False,0.3408278705560482,1.6869498786971822,0.2490699703387944
csb_field,181825002163957,2024-03-15,PSScene-20240315_163855_04_24d2,1.0,False,0.3225536892313757,1.6970921665748597,0.24336363133366556
csb_field,181825002163897,2024-03-15,PSScene-20240315_163855_04_24d2,1.0,False,0.6672941012985063,3.6983637899020905,0.4592165692408632
csb_field,181825002163916,2024-03-15,PSScene-20240315_163855_04_24d2,1.0,False,0.3007558941897085,1.5098563377903909,0.22120881040056703
csb_field,181825002163879,2024-03-15,PSScene-20240315_163855_04_24d2,1.0,False,0.7476602139347844,4.748451745892405,0.5156058334284783
csb_field,181825002163918,2024-03-15,PSScene-20240315_163855_04_24d2,1.0,False,0.29461279806025603,1.4368199496081582,0.22371701159411006
csb_field,181825002163911,2024-03-15,PSScene-20240315_163855_04_24d2,1.0,False,0.30123056379342306,1.4465893179762597,0.22357644090987663
csb_field,181825002163907,2024-03-15,PSScene-20240315_163855_04_24d2,1.0,False,0.3725933552918156,1.8919393484727536,0.27565034934834864
csb_field,181825002163884,2024-03-15,PSScene-20240315_163855_04_24d2,1.0,False,0.3142376597338495,1.5054060008029921,0.23488322722590207
csb_field,181825002163859,2024-03-15,PSScene-20240315_163855_04_24d2,1.0,False,0.29113076826627104,1.3976785413189414,0.22007093704479555
csb_field,181825002163855,2024-03-15,PSScene-20240315_163855_04_24d2,1.0,False,0.3133945305033681,1.5854112356647316,0.2431841995662278
csb_field,181825002163874,2024-03-15,PSScene-20240315_163855_04_24d2,1.0,False,0.24773759755870928,1.247813155311718,0.18995025779401234
csb_field,181825002163842,2024-03-15,PSScene-20240315_163855_04_24d2,1.0,False,0.27444238554898315,1.3162607521545597,0.20620270273307476
csb_field,181825002163872,2024-03-15,PSScene-20240315_163855_04_24d2,1.0,False,0.2999361373119421,1.4469646323810925,0.22187764399048887
csb_field,181825002163860,2024-03-15,PSScene-20240315_163855_04_24d2,1.0,False,0.24458947816739832,1.2270148800319796,0.18762051263531668
gt_field,IN_PENG2025_CCNT,2024-03-15,PSScene-20240315_163857_29_24d2,1.0,False,0.30624151769067115,1.5367593440173448,0.22679081710942744
gt_field,IN_PENG2025_NT,2024-03-15,PSScene-20240315_163857_29_24d2,1.0,False,0.3047685601388231,1.5532149825833006,0.2289803439210511
csb_field,181825002164142,2024-03-15,PSScene-20240315_163857_29_24d2,1.0,False,0.20114697487145425,1.0525740591196748,0.15958349072756892
csb_field,181825002164143,2024-03-15,PSScene-20240315_163857_29_24d2,1.0,False,0.2016777838422789,1.0308499357764687,0.15953088325212228
csb_field,181825002164131,2024-03-15,PSScene-20240315_163857_29_24d2,1.0,False,0.4416245695519135,2.157177179911251,0.3142428337538607
csb_field,181825002164136,2024-03-15,PSScene-20240315_163857_29_24d2,1.0,False,0.26090551807700646,1.305790745566453,0.1949818668497495
csb_field,181825002164109,2024-03-15,PSScene-20240315_163857_29_24d2,1.0,False,0.2209065760727888,1.1109618451880579,0.17405872749272625
csb_field,181825002164090,2024-03-15,PSScene-20240315_163857_29_24d2,1.0,False,0.8074626533478653,5.852282127259309,0.6015815193634577
csb_field,181825002164096,2024-03-15,PSScene-20240315_163857_29_24d2,1.0,False,0.7893920099192491,5.546039221577229,0.5907935408594251
csb_field,181825002164060,2024-03-15,PSScene-20240315_163857_29_24d2,1.0,False,0.7318726407740899,4.616909170958793,0.5218909636533666
csb_field,181825002164039,2024-03-15,PSScene-20240315_163857_29_24d2,1.0,False,0.2769811057730725,1.355697112334402,0.2141700602675739
csb_field,181825002164033,2024-03-15,PSScene-20240315_163857_29_24d2,1.0,False,0.34382974315020776,1.4960141891130694,0.24631786153272348
csb_field,181825002164017,2024-03-15,PSScene-20240315_163857_29_24d2,1.0,False,0.31318439661170083,1.4905249026181886,0.23427393260619622
csb_field,181825002164151,2024-03-15,PSScene-20240315_163857_29_24d2,1.0,False,0.417381276931895,2.094794515836037,0.2957988652086405
csb_field,181825002164153,2024-03-15,PSScene-20240315_163857_29_24d2,1.0,False,0.2932097638886093,1.5064567023805846,0.222712370133235
csb_field,181825002164152,2024-03-15,PSScene-20240315_163857_29_24d2,1.0,False,0.30765174606946966,1.6047450029438604,0.23423558280057558
csb_field,181825002164141,2024-03-15,PSScene-20240315_163857_29_24d2,1.0,False,0.19871644913033523,1.0540132257828574,0.16175478255662668
csb_field,181825002164144,2024-03-15,PSScene-20240315_163857_29_24d2,1.0,False,0.20295200527412854,1.0737810826144645,0.1650586984005034
csb_field,181825002164119,2024-03-15,PSScene-20240315_163857_29_24d2,1.0,False,0.25565546331391936,1.284983718968235,0.19589762591689733
csb_field,181825002164140,2024-03-15,PSScene-20240315_163857_29_24d2,1.0,False,0.3165955384778953,1.6055794175691467,0.23786956652368169
csb_field,181825002164064,2024-03-15,PSScene-20240315_163857_29_24d2,1.0,False,0.2293182082287543,1.135708161394254,0.1763312867619861
csb_field,181825002164059,2024-03-15,PSScene-20240315_163857_29_24d2,1.0,False,0.28558274109849846,1.4177888137533443,0.21430700437951847
csb_field,181825002164061,2024-03-15,PSScene-20240315_163857_29_24d2,1.0,False,0.2274502623361673,1.165123330095394,0.1766869174017478
csb_field,181825002164104,2024-03-15,PSScene-20240315_163857_29_24d2,1.0,False,0.3047436865113861,1.4801301996105436,0.22452212629994364
csb_field,181825002164087,2024-03-15,PSScene-20240315_163857_29_24d2,1.0,False,0.4608923346094274,2.2586332407910685,0.3263010314804667
csb_field,181825002164078,2024-03-15,PSScene-20240315_163857_29_24d2,1.0,False,0.247981750943097,1.2296205396429072,0.1859443105316808
csb_field,181825002164073,2024-03-15,PSScene-20240315_163857_29_24d2,1.0,False,0.24856435504170007,1.2463716653522392,0.19087174067874157
csb_field,181825002164072,2024-03-15,PSScene-20240315_163857_29_24d2,1.0,False,0.31882776983833006,1.555193585719215,0.2344264688109525
csb_field,181825002164058,2024-03-15,PSScene-20240315_163857_29_24d2,1.0,False,0.504194013963145,2.4411674086209816,0.33962822950305893
csb_field,181825002164040,2024-03-15,PSScene-20240315_163857_29_24d2,1.0,False,0.21563664792792586,1.1368973915488227,0.17203871442152296
csb_field,181825002163999,2024-03-15,PSScene-20240315_163857_29_24d2,1.0,False,0.36141777514573503,1.8080576186150066,0.26413176340555256
csb_field,181825002164000,2024-03-15,PSScene-20240315_163857_29_24d2,1.0,False,0.2928564124309157,1.399742343069493,0.21764307357923612
csb_field,181825002163982,2024-03-15,PSScene-20240315_163857_29_24d2,1.0,False,0.3865299392236422,1.8232358547106182,0.2943881347979585
csb_field,181825002163998,2024-03-15,PSScene-20240315_163857_29_24d2,1.0,False,0.7064131408948604,4.158306606625639,0.4818970758770725
csb_field,181825002163972,2024-03-15,PSScene-20240315_163857_29_24d2,1.0,False,0.24981186823039966,1.2806485457203791,0.1955337399407749
csb_field,181825002163954,2024-03-15,PSScene-20240315_163857_29_24d2,1.0,False,0.3111214003725181,1.6153081628738775,0.2413767246412718
csb_field,181825002163941,2024-03-15,PSScene-20240315_163857_29_24d2,1.0,False,0.3242079957542787,1.6500826444615275,0.2415994613602369
csb_field,181825002163948,2024-03-15,PSScene-20240315_163857_29_24d2,1.0,False,0.33770734682846604,1.6929940982064757,0.24883690153494945
csb_field,181825002164031,2024-03-15,PSScene-20240315_163857_29_24d2,1.0,False,0.3135906213481692,1.5556697660012369,0.23189971900862608
csb_field,181825002164028,2024-03-15,PSScene-20240315_163857_29_24d2,1.0,False,0.31699378542139156,1.6143767495714936,0.23681972577082902
csb_field,181825002164004,2024-03-15,PSScene-20240315_163857_29_24d2,1.0,False,0.31210720079215254,1.580460323890798,0.2304892026709577
csb_field,181825002164005,2024-03-15,PSScene-20240315_163857_29_24d2,1.0,False,0.31408306077751935,1.604441160375967,0.23195525609820358
csb_field,181825002163930,2024-03-15,PSScene-20240315_163857_29_24d2,1.0,False,0.5521202448994742,2.9179155246927104,0.38484054532141315
csb_field,181825002163963,2024-03-15,PSScene-20240315_163857_29_24d2,1.0,False,0.2523214991777644,1.2348773116502751,0.1953273980396596
csb_field,181825002163938,2024-03-15,PSScene-20240315_163857_29_24d2,1.0,False,0.3581126342750917,1.7118402628337637,0.2575838810313341
csb_field,181825002163906,2024-03-15,PSScene-20240315_163857_29_24d2,1.0,False,0.5637806841214498,2.8650855218251547,0.3928155670960744
csb_field,181825002163917,2024-03-15,PSScene-20240315_163857_29_24d2,1.0,False,0.709290991713117,4.301184547253144,0.5013564711823052
csb_field,181825002163904,2024-03-15,PSScene-20240315_163857_29_24d2,1.0,False,0.4929909497302472,2.4069926013802445,0.34865867338786155
csb_field,181825002163937,2024-03-15,PSScene-20240315_163857_29_24d2,1.0,False,0.3101154540722804,1.4571164414372442,0.22822252163844242
csb_field,181825002163924,2024-03-15,PSScene-20240315_163857_29_24d2,1.0,False,0.3434476514546265,1.5429283043679007,0.2391889782051037
csb_field,181825002163922,2024-03-15,PSScene-20240315_163857_29_24d2,1.0,False,0.7723487779390897,4.987482173665822,0.5396436777046258
csb_field,181825002163878,2024-03-15,PSScene-20240315_163857_29_24d2,1.0,False,0.726545718839581,4.432490763465169,0.5033401715826562
csb_field,181825002163866,2024-03-15,PSScene-20240315_163857_29_24d2,1.0,False,0.740793742028505,4.4941497271888835,0.5196465073505919
csb_field,181825002163865,2024-03-15,PSScene-20240315_163857_29_24d2,1.0,False,0.7580885075930561,4.794355380610734,0.5311679522690007
csb_field,181825002163854,2024-03-15,PSScene-20240315_163857_29_24d2,1.0,False,0.7603203386068345,4.961923165122668,0.5337898392230273
csb_field,181825002163846,2024-03-15,PSScene-20240315_163857_29_24d2,1.0,False,0.39686107255664527,1.9035368690303727,0.3293897134124064
csb_field,181825002163942,2024-03-15,PSScene-20240315_163857_29_24d2,1.0,False,0.3415499325296408,1.6898223559061687,0.24685833959276868
csb_field,181825002163957,2024-03-15,PSScene-20240315_163857_29_24d2,1.0,False,0.3227329463495779,1.6965558252676216,0.24304935895217583
csb_field,181825002163897,2024-03-15,PSScene-20240315_163857_29_24d2,1.0,False,0.6592515202561704,3.6588749502452784,0.4557129208132183
csb_field,181825002163916,2024-03-15,PSScene-20240315_163857_29_24d2,1.0,False,0.30058954879581123,1.510274710751056,0.22112780811055818
csb_field,181825002163879,2024-03-15,PSScene-20240315_163857_29_24d2,1.0,False,0.74892312056585,4.769707071306175,0.516821016896918
csb_field,181825002163918,2024-03-15,PSScene-20240315_163857_29_24d2,1.0,False,0.2935740282828057,1.4271952802384342,0.22030868722401836
csb_field,181825002163911,2024-03-15,PSScene-20240315_163857_29_24d2,1.0,False,0.3015748350556612,1.4536176357708923,0.224573466068924
csb_field,181825002163907,2024-03-15,PSScene-20240315_163857_29_24d2,1.0,False,0.3718743345595742,1.8908046479725003,0.27459937146112084
csb_field,181825002163884,2024-03-15,PSScene-20240315_163857_29_24d2,1.0,False,0.30907505242278827,1.4752862306135026,0.23133100542013701
csb_field,181825002163859,2024-03-15,PSScene-20240315_163857_29_24d2,1.0,False,0.2911858258948546,1.3997265321083632,0.22002348607384983
csb_field,181825002163855,2024-03-15,PSScene-20240315_163857_29_24d2,1.0,False,0.31348175283845076,1.58651219864314,0.2433428595784982
csb_field,181825002163874,2024-03-15,PSScene-20240315_163857_29_24d2,1.0,False,0.24665897768818856,1.248137081263576,0.1901504877012944
csb_field,181825002163842,2024-03-15,PSScene-20240315_163857_29_24d2,1.0,False,0.27144817214428896,1.3002366705880901,0.20478664646000883
csb_field,181825002163872,2024-03-15,PSScene-20240315_163857_29_24d2,1.0,False,0.29557555648205164,1.429987133799733,0.2181220104991695
csb_field,181825002163860,2024-03-15,PSScene-20240315_163857_29_24d2,1.0,False,0.24245568124585307,1.2274343719576846,0.18780729715228925
gt_field,IN_PENG2025_CCNT,2024-03-30,PSScene-20240330_154329_81_24c0,1.0,True,0.3131366265027607,1.4572412416255667,0.23397621198610535
gt_field,IN_PENG2025_NT,2024-03-30,PSScene-20240330_154329_81_24c0,1.0,True,0.3077067422876395,1.4113039977036366,0.22932235131085976
csb_field,181825002164142,2024-03-30,PSScene-20240330_154329_81_24c0,1.0,True,0.1943897756153486,0.9875212125405899,0.16123596162893217
csb_field,181825002164143,2024-03-30,PSScene-20240330_154329_81_24c0,1.0,True,0.193528122890525,0.9761825969875092,0.15825966985535853
csb_field,181825002164131,2024-03-30,PSScene-20240330_154329_81_24c0,1.0,True,0.4402738914704675,2.027885610028564,0.3122149595002638
csb_field,181825002164136,2024-03-30,PSScene-20240330_154329_81_24c0,1.0,True,0.24937168489216693,1.2208987272948297,0.19181632564926032
csb_field,181825002164109,2024-03-30,PSScene-20240330_154329_81_24c0,1.0,True,0.2162092349575808,1.0567827700084924,0.17298187138417126
csb_field,181825002164090,2024-03-30,PSScene-20240330_154329_81_24c0,1.0,True,0.8030730611392831,5.219672966024911,0.5919128312703903
csb_field,181825002164096,2024-03-30,PSScene-20240330_154329_81_24c0,1.0,True,0.7971759358292582,5.142680436049371,0.592444975272054
csb_field,181825002164060,2024-03-30,PSScene-20240330_154329_81_24c0,1.0,True,0.7503930683156084,4.267854605916944,0.5204633682967694
csb_field,181825002164039,2024-03-30,PSScene-20240330_154329_81_24c0,1.0,True,0.28125065076895334,1.2626937904229656,0.22596092290553488
csb_field,181825002164033,2024-03-30,PSScene-20240330_154329_81_24c0,1.0,True,0.38819682217222595,1.5451253555940838,0.26807587404482197
csb_field,181825002164017,2024-03-30,PSScene-20240330_154329_81_24c0,1.0,True,0.3193831409218904,1.4122588981915933,0.24982368451050246
csb_field,181825002164151,2024-03-30,PSScene-20240330_154329_81_24c0,1.0,True,0.40278131685661056,1.879803885148561,0.27723952544073394
csb_field,181825002164153,2024-03-30,PSScene-20240330_154329_81_24c0,1.0,True,0.2963242771609472,1.3668257854619121,0.22533743659953578
csb_field,181825002164152,2024-03-30,PSScene-20240330_154329_81_24c0,1.0,True,0.3024271098280604,1.4371658162004413,0.23253063518017245
csb_field,181825002164141,2024-03-30,PSScene-20240330_154329_81_24c0,1.0,True,0.17810903848504858,0.9235782941516862,0.14588743823337383
csb_field,181825002164144,2024-03-30,PSScene-20240330_154329_81_24c0,1.0,True,0.1858123992817351,0.9588884281515236,0.15217579794259778
csb_field,181825002164119,2024-03-30,PSScene-20240330_154329_81_24c0,1.0,True,0.24971750963853726,1.1831076969658383,0.19037472497111493
csb_field,181825002164140,2024-03-30,PSScene-20240330_154329_81_24c0,1.0,True,0.3268857598562361,1.4859634449660033,0.24092559013904966
csb_field,181825002164064,2024-03-30,PSScene-20240330_154329_81_24c0,1.0,True,0.22277465500547317,1.0539964903317105,0.166487576599474
csb_field,181825002164059,2024-03-30,PSScene-20240330_154329_81_24c0,1.0,True,0.29043340520973865,1.3613134017011546,0.21973424673360217
csb_field,181825002164061,2024-03-30,PSScene-20240330_154329_81_24c0,1.0,True,0.20997384491434434,1.0585375831055397,0.1669884347112858
csb_field,181825002164104,2024-03-30,PSScene-20240330_154329_81_24c0,1.0,True,0.29726337404647446,1.4061699398112628,0.22180091691966983
csb_field,181825002164087,2024-03-30,PSScene-20240330_154329_81_24c0,1.0,True,0.4620685340932106,2.1359667835393825,0.32301702924790937
csb_field,181825002164078,2024-03-30,PSScene-20240330_154329_81_24c0,1.0,True,0.22924012973510746,1.1308398803695374,0.17482268495306785
csb_field,181825002164073,2024-03-30,PSScene-20240330_154329_81_24c0,1.0,True,0.24010363288044584,1.159570406662092,0.18292598451479672
csb_field,181825002164072,2024-03-30,PSScene-20240330_154329_81_24c0,1.0,True,0.3093872021401866,1.4235260848793152,0.22379039955935198
csb_field,181825002164058,2024-03-30,PSScene-20240330_154329_81_24c0,1.0,True,0.5063589101834015,2.321139500039034,0.3446937907309872
csb_field,181825002164040,2024-03-30,PSScene-20240330_154329_81_24c0,1.0,True,0.20514600306841385,1.0465900750126913,0.1660190690963748
csb_field,181825002163999,2024-03-30,PSScene-20240330_154329_81_24c0,1.0,True,0.3706135387841633,1.6967732636742012,0.266199830347732
csb_field,181825002164000,2024-03-30,PSScene-20240330_154329_81_24c0,1.0,True,0.2862627969612512,1.3337228163553918,0.21652039333651715
csb_field,181825002163982,2024-03-30,PSScene-20240330_154329_81_24c0,1.0,True,0.42535346879323555,2.098196853880078,0.3564549062457361
csb_field,181825002163998,2024-03-30,PSScene-20240330_154329_81_24c0,1.0,True,0.7191894414040746,3.91238052469906,0.47569689288222683
csb_field,181825002163972,2024-03-30,PSScene-20240330_154329_81_24c0,1.0,True,0.26552411071084864,1.2714585212049918,0.21727979501833716
csb_field,181825002163954,2024-03-30,PSScene-20240330_154329_81_24c0,1.0,True,0.31741010909764306,1.5143480240546814,0.2515541206997559
csb_field,181825002163941,2024-03-30,PSScene-20240330_154329_81_24c0,1.0,True,0.32378530351533846,1.5876969530609777,0.24691195625336163
csb_field,181825002163948,2024-03-30,PSScene-20240330_154329_81_24c0,1.0,True,0.3546736944179408,1.6245635470219417,0.26625961736133674
csb_field,181825002164031,2024-03-30,PSScene-20240330_154329_81_24c0,1.0,True,0.3213113077415592,1.4927910419183954,0.23898478161239275
csb_field,181825002164028,2024-03-30,PSScene-20240330_154329_81_24c0,1.0,True,0.3227421638380932,1.480292294467772,0.23782600049512692
csb_field,181825002164004,2024-03-30,PSScene-20240330_154329_81_24c0,1.0,True,0.324057699132902,1.5029894285608918,0.24259923506786757
csb_field,181825002164005,2024-03-30,PSScene-20240330_154329_81_24c0,1.0,True,0.318486759643587,1.5021183815059391,0.23827674424543563
csb_field,181825002163930,2024-03-30,PSScene-20240330_154329_81_24c0,1.0,True,0.5702724738459664,2.817064894698137,0.3931413633629399
csb_field,181825002163963,2024-03-30,PSScene-20240330_154329_81_24c0,1.0,True,0.25465916863990745,1.205011671702155,0.19515692204286772
csb_field,181825002163938,2024-03-30,PSScene-20240330_154329_81_24c0,1.0,True,0.37763830631471224,1.7489334851178315,0.2766125385090847
csb_field,181825002163906,2024-03-30,PSScene-20240330_154329_81_24c0,1.0,True,0.5936420549878362,2.9388758227007896,0.39800538622527565
csb_field,181825002163917,2024-03-30,PSScene-20240330_154329_81_24c0,1.0,True,0.7177567608711924,3.816075110903415,0.48480862065770425
csb_field,181825002163904,2024-03-30,PSScene-20240330_154329_81_24c0,1.0,True,0.5289309056369798,2.473751004178777,0.3581550551330392
csb_field,181825002163937,2024-03-30,PSScene-20240330_154329_81_24c0,1.0,True,0.31677628041667744,1.486340345109588,0.23116489293179143
csb_field,181825002163924,2024-03-30,PSScene-20240330_154329_81_24c0,1.0,True,0.3570577433918352,1.5637790071881652,0.25203213847421146
csb_field,181825002163922,2024-03-30,PSScene-20240330_154329_81_24c0,1.0,True,0.7703312097551442,4.342574131361738,0.5139691330634911
csb_field,181825002163878,2024-03-30,PSScene-20240330_154329_81_24c0,1.0,True,0.7443853643715738,4.094484062309241,0.49844749067841854
csb_field,181825002163866,2024-03-30,PSScene-20240330_154329_81_24c0,1.0,True,0.7561350416061354,4.18558041212417,0.5082037517340379
csb_field,181825002163865,2024-03-30,PSScene-20240330_154329_81_24c0,1.0,True,0.772244283258105,4.373871196656455,0.5188543600788506
csb_field,181825002163854,2024-03-30,PSScene-20240330_154329_81_24c0,1.0,True,0.7504604839355786,4.234108173853374,0.5020669271380364
csb_field,181825002163846,2024-03-30,PSScene-20240330_154329_81_24c0,1.0,True,0.40953659094398515,1.9356398147651475,0.3514749709897449
csb_field,181825002163942,2024-03-30,PSScene-20240330_154329_81_24c0,1.0,True,0.33266185916771085,1.5296428715770796,0.23660759813917503
csb_field,181825002163957,2024-03-30,PSScene-20240330_154329_81_24c0,1.0,True,0.31599942859349445,1.5938784956929388,0.2358627521106231
csb_field,181825002163897,2024-03-30,PSScene-20240330_154329_81_24c0,1.0,True,0.6569834697418135,3.542941528815587,0.45781444989660464
csb_field,181825002163916,2024-03-30,PSScene-20240330_154329_81_24c0,1.0,True,0.28698593241225434,1.3608296985000359,0.21655691615208295
csb_field,181825002163879,2024-03-30,PSScene-20240330_154329_81_24c0,1.0,True,0.7401527659387146,4.193550175137469,0.5025037855505489
csb_field,181825002163918,2024-03-30,PSScene-20240330_154329_81_24c0,1.0,True,0.3093006442545053,1.4165486717756632,0.23233439115874832
csb_field,181825002163911,2024-03-30,PSScene-20240330_154329_81_24c0,1.0,True,0.3222850166450721,1.4368417737456667,0.24282004364141024
csb_field,181825002163907,2024-03-30,PSScene-20240330_154329_81_24c0,1.0,True,0.37745615056196286,1.7971986510576414,0.2788611230307643
csb_field,181825002163884,2024-03-30,PSScene-20240330_154329_81_24c0,1.0,True,0.31059538989665386,1.425580817313017,0.23363601737851203
csb_field,181825002163859,2024-03-30,PSScene-20240330_154329_81_24c0,1.0,True,0.3037113799073235,1.4016395399050778,0.2330092535218822
csb_field,181825002163855,2024-03-30,PSScene-20240330_154329_81_24c0,1.0,True,0.30888101614206326,1.498893047186025,0.25093234322294966
csb_field,181825002163874,2024-03-30,PSScene-20240330_154329_81_24c0,1.0,True,0.2440171102107657,1.1994130358764143,0.19657703757968006
csb_field,181825002163842,2024-03-30,PSScene-20240330_154329_81_24c0,1.0,True,0.26991676058770775,1.2656576191246407,0.21433891648828365
csb_field,181825002163872,2024-03-30,PSScene-20240330_154329_81_24c0,1.0,True,0.2829786178870659,1.3294065749173696,0.21598952783831663
csb_field,181825002163860,2024-03-30,PSScene-20240330_154329_81_24c0,1.0,True,0.24291328833791176,1.1714557999002477,0.19715704917787827
gt_field,IN_PENG2025_CCNT,2024-04-13,PSScene-20240413_154540_09_24c5,1.0,True,0.36361841630614034,1.6495924226949967,0.2986572900665274
gt_field,IN_PENG2025_NT,2024-04-13,PSScene-20240413_154540_09_24c5,1.0,True,0.3869666326223609,1.7402790844427118,0.3130702765544832
csb_field,181825002164142,2024-04-13,PSScene-20240413_154540_09_24c5,1.0,True,0.1917444648125884,0.9503578303277165,0.18801845227584318
csb_field,181825002164143,2024-04-13,PSScene-20240413_154540_09_24c5,1.0,True,0.20503582519972244,1.0031095448032943,0.19866989319836786
csb_field,181825002164131,2024-04-13,PSScene-20240413_154540_09_24c5,1.0,True,0.564406412221776,2.9114656427972316,0.4387361969199042
csb_field,181825002164136,2024-04-13,PSScene-20240413_154540_09_24c5,1.0,True,0.28911655868729286,1.3683865704530136,0.2493271331231309
csb_field,181825002164109,2024-04-13,PSScene-20240413_154540_09_24c5,1.0,True,0.261345295093849,1.210053188624164,0.2345980147827793
csb_field,181825002164090,2024-04-13,PSScene-20240413_154540_09_24c5,1.0,True,0.8915490421653145,8.532463017130821,0.7426498854394655
csb_field,181825002164096,2024-04-13,PSScene-20240413_154540_09_24c5,1.0,True,0.8919465937869028,9.00102200554341,0.7547954165447234
csb_field,181825002164060,2024-04-13,PSScene-20240413_154540_09_24c5,1.0,True,0.8728477793892594,7.8752227813359355,0.7106734664195123
csb_field,181825002164039,2024-04-13,PSScene-20240413_154540_09_24c5,1.0,True,0.3011099255252079,1.345033454852922,0.25997168890185224
csb_field,181825002164033,2024-04-13,PSScene-20240413_154540_09_24c5,1.0,True,0.44269993094311005,1.8770368076792878,0.3465958866827683
csb_field,181825002164017,2024-04-13,PSScene-20240413_154540_09_24c5,1.0,True,0.32047560167654954,1.4313546686966998,0.28755772233121574
csb_field,181825002164151,2024-04-13,PSScene-20240413_154540_09_24c5,1.0,True,0.49573716207578233,2.48032496227578,0.37217725317542755
csb_field,181825002164153,2024-04-13,PSScene-20240413_154540_09_24c5,1.0,True,0.37067697353105455,1.6837777732186,0.30382444558554605
csb_field,181825002164152,2024-04-13,PSScene-20240413_154540_09_24c5,1.0,True,0.35315919371155335,1.6795667111584218,0.2941673522030996
csb_field,181825002164141,2024-04-13,PSScene-20240413_154540_09_24c5,1.0,True,0.20072445043821785,1.0038133621879957,0.1960733465235338
csb_field,181825002164144,2024-04-13,PSScene-20240413_154540_09_24c5,1.0,True,0.19931980255175602,0.979770071733072,0.19332934013528846
csb_field,181825002164119,2024-04-13,PSScene-20240413_154540_09_24c5,1.0,True,0.30240727493962904,1.463951237222616,0.26141819073445943
csb_field,181825002164140,2024-04-13,PSScene-20240413_154540_09_24c5,1.0,True,0.4189473845220232,1.9458726303697482,0.3358095478811547
csb_field,181825002164064,2024-04-13,PSScene-20240413_154540_09_24c5,1.0,True,0.271718372695761,1.2252385280547426,0.23332952089419298
csb_field,181825002164059,2024-04-13,PSScene-20240413_154540_09_24c5,1.0,True,0.33944678762448227,1.5314901141967883,0.28068142551402736
csb_field,181825002164061,2024-04-13,PSScene-20240413_154540_09_24c5,1.0,True,0.2314661878372835,1.130553323201248,0.21560037644426833
csb_field,181825002164104,2024-04-13,PSScene-20240413_154540_09_24c5,1.0,True,0.3701931605107247,1.7680090921979017,0.3041049067518498
csb_field,181825002164087,2024-04-13,PSScene-20240413_154540_09_24c5,1.0,True,0.6259790968271397,3.4470018857104296,0.4793883321009476
csb_field,181825002164078,2024-04-13,PSScene-20240413_154540_09_24c5,1.0,True,0.27706559267548997,1.3076986405468887,0.23934902117207857
csb_field,181825002164073,2024-04-13,PSScene-20240413_154540_09_24c5,1.0,True,0.29706982803331206,1.3715708670143283,0.2537043448960585
csb_field,181825002164072,2024-04-13,PSScene-20240413_154540_09_24c5,1.0,True,0.4003106666409751,1.892569315258956,0.31854169300274565
csb_field,181825002164058,2024-04-13,PSScene-20240413_154540_09_24c5,1.0,True,0.6217241670961615,3.1284632670617496,0.4488441669089762
csb_field,181825002164040,2024-04-13,PSScene-20240413_154540_09_24c5,1.0,True,0.2259193841815275,1.122510179555976,0.21332986679088395
csb_field,181825002163999,2024-04-13,PSScene-20240413_154540_09_24c5,1.0,True,0.4669287611470222,2.238314805727017,0.361247954681616
csb_field,181825002164000,2024-04-13,PSScene-20240413_154540_09_24c5,1.0,True,0.35451739997053944,1.6435968148834461,0.2937532630027615
csb_field,181825002163982,2024-04-13,PSScene-20240413_154540_09_24c5,1.0,True,0.4653072461694327,2.460211646474508,0.4108596421439311
csb_field,181825002163998,2024-04-13,PSScene-20240413_154540_09_24c5,1.0,True,0.8471352720470303,6.666039672469191,0.6678025069716237
csb_field,181825002163972,2024-04-13,PSScene-20240413_154540_09_24c5,1.0,True,0.25426164611838725,1.1893659859419492,0.23160992554347262
csb_field,181825002163954,2024-04-13,PSScene-20240413_154540_09_24c5,1.0,True,0.3263584007068744,1.5819423788047953,0.28535075012344907
csb_field,181825002163941,2024-04-13,PSScene-20240413_154540_09_24c5,1.0,True,0.34058413270920873,1.5907088742520727,0.284678659401111
csb_field,181825002163948,2024-04-13,PSScene-20240413_154540_09_24c5,1.0,True,0.3896079664575237,1.9906827186198377,0.32459222179348846
csb_field,181825002164031,2024-04-13,PSScene-20240413_154540_09_24c5,1.0,True,0.3709752536564714,1.6990300737982207,0.30618652405884506
csb_field,181825002164028,2024-04-13,PSScene-20240413_154540_09_24c5,1.0,True,0.40848922179451314,1.8601876881658375,0.3259412316326149
csb_field,181825002164004,2024-04-13,PSScene-20240413_154540_09_24c5,1.0,True,0.3805887106765428,1.7341752095037042,0.311849885231916
csb_field,181825002164005,2024-04-13,PSScene-20240413_154540_09_24c5,1.0,True,0.3698772436301791,1.7050399682524353,0.30115188358782397
csb_field,181825002163930,2024-04-13,PSScene-20240413_154540_09_24c5,1.0,True,0.6613569581161404,4.436597861945509,0.5307992428459215
csb_field,181825002163963,2024-04-13,PSScene-20240413_154540_09_24c5,1.0,True,0.2941095984725068,1.3516822548832592,0.25425668705961385
csb_field,181825002163938,2024-04-13,PSScene-20240413_154540_09_24c5,1.0,True,0.43790903805264564,2.3430641920490785,0.36024081709048955
csb_field,181825002163906,2024-04-13,PSScene-20240413_154540_09_24c5,1.0,True,0.7279414245149919,4.752236040948738,0.5610810970403474
csb_field,181825002163917,2024-04-13,PSScene-20240413_154540_09_24c5,1.0,True,0.8341425613739093,6.246863334350443,0.6553499373989128
csb_field,181825002163904,2024-04-13,PSScene-20240413_154540_09_24c5,1.0,True,0.6487143068822593,3.842991301901535,0.5069618974478715
csb_field,181825002163937,2024-04-13,PSScene-20240413_154540_09_24c5,1.0,True,0.33749256859292465,1.5095292636401978,0.27382941505145464
csb_field,181825002163924,2024-04-13,PSScene-20240413_154540_09_24c5,1.0,True,0.38708755850135385,1.6347165030584245,0.3072116572193724
csb_field,181825002163922,2024-04-13,PSScene-20240413_154540_09_24c5,1.0,True,0.8655319057644785,7.2430444071179165,0.6855160248334694
csb_field,181825002163878,2024-04-13,PSScene-20240413_154540_09_24c5,1.0,True,0.8581078979130838,7.321799217862899,0.6864379950844973
csb_field,181825002163866,2024-04-13,PSScene-20240413_154540_09_24c5,1.0,True,0.8753754981155037,7.193638505634383,0.6979188119476111
csb_field,181825002163865,2024-04-13,PSScene-20240413_154540_09_24c5,1.0,True,0.8808147888570124,7.4144618567780665,0.7057606688388953
csb_field,181825002163854,2024-04-13,PSScene-20240413_154540_09_24c5,1.0,True,0.8531816789521591,6.749292240696955,0.6762739113492118
csb_field,181825002163846,2024-04-13,PSScene-20240413_154540_09_24c5,1.0,True,0.43849788226419295,2.2893596694866134,0.4033242114674121
csb_field,181825002163942,2024-04-13,PSScene-20240413_154540_09_24c5,1.0,True,0.4027068766993593,1.892545875718572,0.31319289743787637
csb_field,181825002163957,2024-04-13,PSScene-20240413_154540_09_24c5,1.0,True,0.38610083082171226,2.234550890461684,0.3216385440171071
csb_field,181825002163897,2024-04-13,PSScene-20240413_154540_09_24c5,1.0,True,0.7774739691198671,5.439424221419437,0.6074759493130154
csb_field,181825002163916,2024-04-13,PSScene-20240413_154540_09_24c5,1.0,True,0.3332825132088295,1.5519469372835275,0.2795503583020468
csb_field,181825002163879,2024-04-13,PSScene-20240413_154540_09_24c5,1.0,True,0.861380902757562,7.0280575869119986,0.6751123306044398
csb_field,181825002163918,2024-04-13,PSScene-20240413_154540_09_24c5,1.0,True,0.3385354987661782,1.5906411565933951,0.2869523702024284
csb_field,181825002163911,2024-04-13,PSScene-20240413_154540_09_24c5,1.0,True,0.4058351708275664,1.9417453151130288,0.3381461676205312
csb_field,181825002163907,2024-04-13,PSScene-20240413_154540_09_24c5,1.0,True,0.4049727657659093,2.1183047086941995,0.33993477042007764
csb_field,181825002163884,2024-04-13,PSScene-20240413_154540_09_24c5,1.0,True,0.3455121501086025,1.771949727957044,0.2946838259342443
csb_field,181825002163859,2024-04-13,PSScene-20240413_154540_09_24c5,1.0,True,0.34513026248717976,1.5577790702572776,0.2907815912187402
csb_field,181825002163855,2024-04-13,PSScene-20240413_154540_09_24c5,1.0,True,0.31244619384925354,1.4946377822364223,0.2778575142458578
csb_field,181825002163874,2024-04-13,PSScene-20240413_154540_09_24c5,1.0,True,0.24234287516393546,1.1275028683653294,0.2232638908595496
csb_field,181825002163842,2024-04-13,PSScene-20240413_154540_09_24c5,1.0,True,0.292409635272475,1.383732895419506,0.2592733297708032
csb_field,181825002163872,2024-04-13,PSScene-20240413_154540_09_24c5,1.0,True,0.2968805262509617,1.3482100726917767,0.25910369148978446
csb_field,181825002163860,2024-04-13,PSScene-20240413_154540_09_24c5,1.0,True,0.24009983227008752,1.094041495261191,0.2212573699054832
gt_field,IN_PENG2025_CCNT,2024-04-15,PSScene-20240415_154227_78_24b6,1.0,True,0.3899803183156127,1.7590283640432982,0.23892289338599784
gt_field,IN_PENG2025_NT,2024-04-15,PSScene-20240415_154227_78_24b6,1.0,True,0.4271030021362643,1.9178521034053704,0.25826305108414416
csb_field,181825002164142,2024-04-15,PSScene-20240415_154227_78_24b6,1.0,True,0.23726036826701674,1.136033473662935,0.15831782161652083
csb_field,181825002164143,2024-04-15,PSScene-20240415_154227_78_24b6,1.0,True,0.2515144095761644,1.1969976633867605,0.1657072728196973
csb_field,181825002164131,2024-04-15,PSScene-20240415_154227_78_24b6,1.0,True,0.5587778229813377,2.794209166977181,0.35532036028260516
csb_field,181825002164136,2024-04-15,PSScene-20240415_154227_78_24b6,1.0,True,0.33534532290433955,1.533987200383073,0.21187328654584145
csb_field,181825002164109,2024-04-15,PSScene-20240415_154227_78_24b6,1.0,True,0.3158956285237917,1.43001356431278,0.20152177568243815
csb_field,181825002164090,2024-04-15,PSScene-20240415_154227_78_24b6,1.0,True,0.8431994762776707,6.595244650000326,0.6013336265240775
csb_field,181825002164096,2024-04-15,PSScene-20240415_154227_78_24b6,1.0,True,0.847057960937926,6.9266738211920575,0.6170665488496965
csb_field,181825002164060,2024-04-15,PSScene-20240415_154227_78_24b6,1.0,True,0.8396616646255403,6.5454901852825085,0.5773981180489692
csb_field,181825002164039,2024-04-15,PSScene-20240415_154227_78_24b6,1.0,True,0.35301802026359647,1.5618580783642952,0.2260711324053392
csb_field,181825002164033,2024-04-15,PSScene-20240415_154227_78_24b6,1.0,True,0.4511854523872155,1.9336289822834904,0.2707967691061268
csb_field,181825002164017,2024-04-15,PSScene-20240415_154227_78_24b6,1.0,True,0.35967714603219036,1.5677343114785443,0.23744551449637064
csb_field,181825002164151,2024-04-15,PSScene-20240415_154227_78_24b6,1.0,True,0.500942701309092,2.4213773607326226,0.29512931201797366
csb_field,181825002164153,2024-04-15,PSScene-20240415_154227_78_24b6,1.0,True,0.3955575038883292,1.7883868141260753,0.24674863991866244
csb_field,181825002164152,2024-04-15,PSScene-20240415_154227_78_24b6,1.0,True,0.38107353506715835,1.7619788927950497,0.23836959549361167
csb_field,181825002164141,2024-04-15,PSScene-20240415_154227_78_24b6,1.0,True,0.23990781506236802,1.1590880979006875,0.16027098680998628
csb_field,181825002164144,2024-04-15,PSScene-20240415_154227_78_24b6,1.0,True,0.24422928027503885,1.1655752874716219,0.1610868533615907
csb_field,181825002164119,2024-04-15,PSScene-20240415_154227_78_24b6,1.0,True,0.3290084806131012,1.557775797825218,0.21328869506118406
csb_field,181825002164140,2024-04-15,PSScene-20240415_154227_78_24b6,1.0,True,0.4498838018174773,2.065796326907238,0.27512326562243766
csb_field,181825002164064,2024-04-15,PSScene-20240415_154227_78_24b6,1.0,True,0.31672340182309733,1.42088784819029,0.19200431018853223
csb_field,181825002164059,2024-04-15,PSScene-20240415_154227_78_24b6,1.0,True,0.37221660631379627,1.660395926509335,0.23119949039407356
csb_field,181825002164061,2024-04-15,PSScene-20240415_154227_78_24b6,1.0,True,0.27844869601930833,1.3167313423643512,0.17842410380605844
csb_field,181825002164104,2024-04-15,PSScene-20240415_154227_78_24b6,1.0,True,0.39750901376121106,1.8204918040414524,0.25167487422500284
csb_field,181825002164087,2024-04-15,PSScene-20240415_154227_78_24b6,1.0,True,0.6117911995960239,3.166956443273806,0.39075839577108684
csb_field,181825002164078,2024-04-15,PSScene-20240415_154227_78_24b6,1.0,True,0.32527738372789045,1.4984911554141254,0.20333345613021112
csb_field,181825002164073,2024-04-15,PSScene-20240415_154227_78_24b6,1.0,True,0.346528351530001,1.5836068691112997,0.21570743177313065
csb_field,181825002164072,2024-04-15,PSScene-20240415_154227_78_24b6,1.0,True,0.42578891994358076,1.9489519191097204,0.25571540492067785
csb_field,181825002164058,2024-04-15,PSScene-20240415_154227_78_24b6,1.0,True,0.5757601034432295,2.701493756575307,0.32020373745065506
csb_field,181825002164040,2024-04-15,PSScene-20240415_154227_78_24b6,1.0,True,0.2668646409451187,1.2914878525453954,0.1760514295147597
csb_field,181825002163999,2024-04-15,PSScene-20240415_154227_78_24b6,1.0,True,0.4817975321322786,2.2957201974094117,0.29186517147869206
csb_field,181825002164000,2024-04-15,PSScene-20240415_154227_78_24b6,1.0,True,0.3936390877715234,1.8508675986351606,0.24777076277307175
csb_field,181825002163982,2024-04-15,PSScene-20240415_154227_78_24b6,1.0,True,0.47755907993269925,2.3592323177409895,0.3304626084636467
csb_field,181825002163998,2024-04-15,PSScene-20240415_154227_78_24b6,1.0,True,0.8193525608582602,5.732190052447357,0.5338826503969297
csb_field,181825002163972,2024-04-15,PSScene-20240415_154227_78_24b6,1.0,True,0.28359601008648294,1.2768250611291712,0.18473379093049047
csb_field,181825002163954,2024-04-15,PSScene-20240415_154227_78_24b6,1.0,True,0.3478888051130458,1.6385792072109513,0.22679987089838846
csb_field,181825002163941,2024-04-15,PSScene-20240415_154227_78_24b6,1.0,True,0.37237409571736546,1.7548629365809338,0.23113439408165912
csb_field,181825002163948,2024-04-15,PSScene-20240415_154227_78_24b6,1.0,True,0.3840610749922379,1.9176210371873736,0.24413594112689918
csb_field,181825002164031,2024-04-15,PSScene-20240415_154227_78_24b6,1.0,True,0.39642739856060144,1.8023594349642,0.2443722927131386
csb_field,181825002164028,2024-04-15,PSScene-20240415_154227_78_24b6,1.0,True,0.446365919584534,2.0262632136749232,0.26795197190223147
csb_field,181825002164004,2024-04-15,PSScene-20240415_154227_78_24b6,1.0,True,0.4036652040165527,1.8307126795795952,0.24865667065213945
csb_field,181825002164005,2024-04-15,PSScene-20240415_154227_78_24b6,1.0,True,0.39888999383498336,1.8192007221535118,0.24252501838812948
csb_field,181825002163930,2024-04-15,PSScene-20240415_154227_78_24b6,1.0,True,0.6653720027911159,4.279127993586583,0.43588539718271335
csb_field,181825002163963,2024-04-15,PSScene-20240415_154227_78_24b6,1.0,True,0.3464643949056171,1.5946418056373939,0.21464790280421622
csb_field,181825002163938,2024-04-15,PSScene-20240415_154227_78_24b6,1.0,True,0.45335605913895294,2.3471235883570003,0.28943516882232906
csb_field,181825002163906,2024-04-15,PSScene-20240415_154227_78_24b6,1.0,True,0.7316012134655078,4.655641526028745,0.4608507741919019
csb_field,181825002163917,2024-04-15,PSScene-20240415_154227_78_24b6,1.0,True,0.8216024333463542,5.862352902226917,0.5405044120769079
csb_field,181825002163904,2024-04-15,PSScene-20240415_154227_78_24b6,1.0,True,0.6521747425215517,3.742426249115365,0.4100816576400103
csb_field,181825002163937,2024-04-15,PSScene-20240415_154227_78_24b6,1.0,True,0.37709634315113805,1.7438550057571918,0.22394557485533095
csb_field,181825002163924,2024-04-15,PSScene-20240415_154227_78_24b6,1.0,True,0.4049782642397239,1.74905090796569,0.24060377019214982
csb_field,181825002163922,2024-04-15,PSScene-20240415_154227_78_24b6,1.0,True,0.857316995812762,6.692156582007769,0.5609074780093902
csb_field,181825002163878,2024-04-15,PSScene-20240415_154227_78_24b6,1.0,True,0.8542980564405566,6.982106773808369,0.5696799245485411
csb_field,181825002163866,2024-04-15,PSScene-20240415_154227_78_24b6,1.0,True,0.8696493146479687,6.66446424638727,0.5730615326399675
csb_field,181825002163865,2024-04-15,PSScene-20240415_154227_78_24b6,1.0,True,0.8760135991906848,6.8570516464103966,0.5796115672786519
csb_field,181825002163854,2024-04-15,PSScene-20240415_154227_78_24b6,1.0,True,0.8489167660833971,6.212771061805525,0.5557333071174633
csb_field,181825002163846,2024-04-15,PSScene-20240415_154227_78_24b6,1.0,True,0.44634752917193365,2.2245702506685343,0.33015738418800983
csb_field,181825002163942,2024-04-15,PSScene-20240415_154227_78_24b6,1.0,True,0.43582594149101783,2.0268136440009563,0.26071596884635756
csb_field,181825002163957,2024-04-15,PSScene-20240415_154227_78_24b6,1.0,True,0.41539387639874165,2.225556936850862,0.26778479861212634
csb_field,181825002163897,2024-04-15,PSScene-20240415_154227_78_24b6,1.0,True,0.722083590930498,4.484213894090576,0.4841324218250467
csb_field,181825002163916,2024-04-15,PSScene-20240415_154227_78_24b6,1.0,True,0.36364196691640194,1.666190586945661,0.22620343780008068
csb_field,181825002163879,2024-04-15,PSScene-20240415_154227_78_24b6,1.0,True,0.811634983015069,5.542311899290196,0.5399331991654206
csb_field,181825002163918,2024-04-15,PSScene-20240415_154227_78_24b6,1.0,True,0.3783176370563874,1.7368802462710033,0.23731552696767205
csb_field,181825002163911,2024-04-15,PSScene-20240415_154227_78_24b6,1.0,True,0.4139487887274823,1.9008931630338375,0.26526013510882374
csb_field,181825002163907,2024-04-15,PSScene-20240415_154227_78_24b6,1.0,True,0.41977616436660103,2.1078100141654272,0.2690630178528307
csb_field,181825002163884,2024-04-15,PSScene-20240415_154227_78_24b6,1.0,True,0.35312350200926657,1.7308773267886826,0.22656278234596297
csb_field,181825002163859,2024-04-15,PSScene-20240415_154227_78_24b6,1.0,True,0.3536828629214876,1.5834712572875675,0.22314238979157755
csb_field,181825002163855,2024-04-15,PSScene-20240415_154227_78_24b6,1.0,True,0.31925703831362245,1.4998393072004517,0.21208546936219538
csb_field,181825002163874,2024-04-15,PSScene-20240415_154227_78_24b6,1.0,True,0.2969978596455741,1.3929126945861388,0.19458986831688418
csb_field,181825002163842,2024-04-15,PSScene-20240415_154227_78_24b6,1.0,True,0.30871622287366707,1.4204115801605228,0.20071664013852203
csb_field,181825002163872,2024-04-15,PSScene-20240415_154227_78_24b6,1.0,True,0.3326689188217122,1.521255526339238,0.21376244572143435
csb_field,181825002163860,2024-04-15,PSScene-20240415_154227_78_24b6,1.0,True,0.29798214113739235,1.3475263886106192,0.1909118215016953
gt_field,IN_PENG2025_CCNT,2024-04-16,PSScene-20240416_162800_82_2424,0.0,True,,,
gt_field,IN_PENG2025_NT,2024-04-16,PSScene-20240416_162800_82_2424,0.0,True,,,
csb_field,181825002164142,2024-04-16,PSScene-20240416_162800_82_2424,0.0,True,,,
csb_field,181825002164143,2024-04-16,PSScene-20240416_162800_82_2424,0.0,True,,,
csb_field,181825002164131,2024-04-16,PSScene-20240416_162800_82_2424,0.0,True,,,
csb_field,181825002164136,2024-04-16,PSScene-20240416_162800_82_2424,0.0,True,,,
csb_field,181825002164109,2024-04-16,PSScene-20240416_162800_82_2424,0.0,True,,,
csb_field,181825002164090,2024-04-16,PSScene-20240416_162800_82_2424,0.0,True,,,
csb_field,181825002164096,2024-04-16,PSScene-20240416_162800_82_2424,0.0,True,,,
csb_field,181825002164060,2024-04-16,PSScene-20240416_162800_82_2424,0.0,True,,,
csb_field,181825002164039,2024-04-16,PSScene-20240416_162800_82_2424,0.0,True,,,
csb_field,181825002164033,2024-04-16,PSScene-20240416_162800_82_2424,0.0,True,,,
csb_field,181825002164017,2024-04-16,PSScene-20240416_162800_82_2424,0.0,True,,,
csb_field,181825002164151,2024-04-16,PSScene-20240416_162800_82_2424,0.0,True,,,
csb_field,181825002164153,2024-04-16,PSScene-20240416_162800_82_2424,0.0,True,,,
csb_field,181825002164152,2024-04-16,PSScene-20240416_162800_82_2424,0.0,True,,,
csb_field,181825002164141,2024-04-16,PSScene-20240416_162800_82_2424,0.0,True,,,
csb_field,181825002164144,2024-04-16,PSScene-20240416_162800_82_2424,0.0,True,,,
csb_field,181825002164119,2024-04-16,PSScene-20240416_162800_82_2424,0.0,True,,,
csb_field,181825002164140,2024-04-16,PSScene-20240416_162800_82_2424,0.0,True,,,
csb_field,181825002164064,2024-04-16,PSScene-20240416_162800_82_2424,0.0,True,,,
csb_field,181825002164059,2024-04-16,PSScene-20240416_162800_82_2424,0.0,True,,,
csb_field,181825002164061,2024-04-16,PSScene-20240416_162800_82_2424,0.0,True,,,
csb_field,181825002164104,2024-04-16,PSScene-20240416_162800_82_2424,0.0,True,,,
csb_field,181825002164087,2024-04-16,PSScene-20240416_162800_82_2424,0.0,True,,,
csb_field,181825002164078,2024-04-16,PSScene-20240416_162800_82_2424,0.0,True,,,
csb_field,181825002164073,2024-04-16,PSScene-20240416_162800_82_2424,0.0,True,,,
csb_field,181825002164072,2024-04-16,PSScene-20240416_162800_82_2424,0.0,True,,,
csb_field,181825002164058,2024-04-16,PSScene-20240416_162800_82_2424,0.0,True,,,
csb_field,181825002164040,2024-04-16,PSScene-20240416_162800_82_2424,0.0,True,,,
csb_field,181825002163999,2024-04-16,PSScene-20240416_162800_82_2424,0.0,True,,,
csb_field,181825002164000,2024-04-16,PSScene-20240416_162800_82_2424,0.0,True,,,
csb_field,181825002163982,2024-04-16,PSScene-20240416_162800_82_2424,0.0,True,,,
csb_field,181825002163998,2024-04-16,PSScene-20240416_162800_82_2424,0.0,True,,,
csb_field,181825002163972,2024-04-16,PSScene-20240416_162800_82_2424,0.0,True,,,
csb_field,181825002163954,2024-04-16,PSScene-20240416_162800_82_2424,0.0,True,,,
csb_field,181825002163941,2024-04-16,PSScene-20240416_162800_82_2424,0.0,True,,,
csb_field,181825002163948,2024-04-16,PSScene-20240416_162800_82_2424,0.0,True,,,
csb_field,181825002164031,2024-04-16,PSScene-20240416_162800_82_2424,0.0,True,,,
csb_field,181825002164028,2024-04-16,PSScene-20240416_162800_82_2424,0.0,True,,,
csb_field,181825002164004,2024-04-16,PSScene-20240416_162800_82_2424,0.0,True,,,
csb_field,181825002164005,2024-04-16,PSScene-20240416_162800_82_2424,0.0,True,,,
csb_field,181825002163930,2024-04-16,PSScene-20240416_162800_82_2424,0.0,True,,,
csb_field,181825002163963,2024-04-16,PSScene-20240416_162800_82_2424,0.08788966867961481,True,0.3460449302563907,1.6111529261318744,0.1932181115727446
csb_field,181825002163938,2024-04-16,PSScene-20240416_162800_82_2424,0.08144796380090498,True,0.2735192873517209,1.1992444055947598,0.16449111759885476
csb_field,181825002163906,2024-04-16,PSScene-20240416_162800_82_2424,0.32106666666666667,True,0.6884987941887767,3.95078212713924,0.4067830477271664
csb_field,181825002163917,2024-04-16,PSScene-20240416_162800_82_2424,0.8916083916083916,True,0.7834738324334583,5.299860360451795,0.4946109426412276
csb_field,181825002163904,2024-04-16,PSScene-20240416_162800_82_2424,0.846081208687441,True,0.604283327249507,3.1193534754588215,0.3552468382524102
csb_field,181825002163937,2024-04-16,PSScene-20240416_162800_82_2424,0.0,True,,,
csb_field,181825002163924,2024-04-16,PSScene-20240416_162800_82_2424,0.0,True,,,
csb_field,181825002163922,2024-04-16,PSScene-20240416_162800_82_2424,0.13956834532374102,True,0.8203996988643859,5.86443768033773,0.5329184746153746
csb_field,181825002163878,2024-04-16,PSScene-20240416_162800_82_2424,1.0,True,0.810458996504782,6.099027131748675,0.5224589289163886
csb_field,181825002163866,2024-04-16,PSScene-20240416_162800_82_2424,1.0,True,0.8271217897462859,5.876485158599236,0.5285144674186553
csb_field,181825002163865,2024-04-16,PSScene-20240416_162800_82_2424,1.0,True,0.8318251387593847,6.197718861239128,0.538212401564593
csb_field,181825002163854,2024-04-16,PSScene-20240416_162800_82_2424,1.0,True,0.7938496919090657,5.602042297348705,0.5170618435697684
csb_field,181825002163846,2024-04-16,PSScene-20240416_162800_82_2424,1.0,True,0.44607322219170037,2.0673691944321697,0.29336802456696354
csb_field,181825002163942,2024-04-16,PSScene-20240416_162800_82_2424,0.6059365404298874,True,0.4377211811369163,2.0932427133676046,0.23944705776350353
csb_field,181825002163957,2024-04-16,PSScene-20240416_162800_82_2424,0.7005678022712091,True,0.4532397624515872,2.522738611959179,0.26741191391690405
csb_field,181825002163897,2024-04-16,PSScene-20240416_162800_82_2424,1.0,True,0.699039815382607,4.13825007121923,0.42057902568529004
csb_field,181825002163916,2024-04-16,PSScene-20240416_162800_82_2424,1.0,True,0.36406732995085234,1.7048505992200291,0.1998745163100243
csb_field,181825002163879,2024-04-16,PSScene-20240416_162800_82_2424,1.0,True,0.8207784789398442,6.206098432219329,0.523458212491605
csb_field,181825002163918,2024-04-16,PSScene-20240416_162800_82_2424,1.0,True,0.36552586352018923,1.6896303921803084,0.2058128443735749
csb_field,181825002163911,2024-04-16,PSScene-20240416_162800_82_2424,1.0,True,0.40498909260686367,1.8651958885578377,0.23613900864864593
csb_field,181825002163907,2024-04-16,PSScene-20240416_162800_82_2424,1.0,True,0.4043639683605635,2.009886307296942,0.2396614957569659
csb_field,181825002163884,2024-04-16,PSScene-20240416_162800_82_2424,1.0,True,0.33940535166313784,1.6177743594378182,0.2069629428321635
csb_field,181825002163859,2024-04-16,PSScene-20240416_162800_82_2424,1.0,True,0.3512719224861258,1.5872543102063208,0.2096528915587235
csb_field,181825002163855,2024-04-16,PSScene-20240416_162800_82_2424,1.0,True,0.3186570860968269,1.5037637201570213,0.19632608005388807
csb_field,181825002163874,2024-04-16,PSScene-20240416_162800_82_2424,1.0,True,0.28860253682716724,1.3514770262435545,0.1679167045248789
csb_field,181825002163842,2024-04-16,PSScene-20240416_162800_82_2424,1.0,True,0.2957983556268172,1.3070443146231707,0.17768917539451692
csb_field,181825002163872,2024-04-16,PSScene-20240416_162800_82_2424,1.0,True,0.32495949723972645,1.473318778165001,0.19138829377347158
csb_field,181825002163860,2024-04-16,PSScene-20240416_162800_82_2424,1.0,True,0.29533213654540097,1.3384150242360668,0.165080177856325
gt_field,IN_PENG2025_CCNT,2024-04-16,PSScene-20240416_162802_75_2424,1.0,True,0.3719828912905157,1.6928881318959645,0.20755035092558158
gt_field,IN_PENG2025_NT,2024-04-16,PSScene-20240416_162802_75_2424,1.0,True,0.41657945980842304,1.8925476695934422,0.22428447173327118
csb_field,181825002164142,2024-04-16,PSScene-20240416_162802_75_2424,1.0,True,0.23418266314732403,1.1544332243646576,0.13437626886654033
csb_field,181825002164143,2024-04-16,PSScene-20240416_162802_75_2424,1.0,True,0.2525343320062661,1.2414824020059725,0.14740816233603973
csb_field,181825002164131,2024-04-16,PSScene-20240416_162802_75_2424,1.0,True,0.5741690126298652,3.0316449591226053,0.3355848824356628
csb_field,181825002164136,2024-04-16,PSScene-20240416_162802_75_2424,1.0,True,0.3380799509676697,1.6380332723088236,0.19065805636389124
csb_field,181825002164109,2024-04-16,PSScene-20240416_162802_75_2424,1.0,True,0.3108750980848036,1.4584367061940953,0.17859284726182403
csb_field,181825002164090,2024-04-16,PSScene-20240416_162802_75_2424,1.0,True,0.8360266012698268,6.891710008952887,0.5725852283345733
csb_field,181825002164096,2024-04-16,PSScene-20240416_162802_75_2424,1.0,True,0.8370613935600002,7.072527824908572,0.5814331913362291
csb_field,181825002164060,2024-04-16,PSScene-20240416_162802_75_2424,1.0,True,0.8288383628493202,6.615072659463133,0.5494679925403617
csb_field,181825002164039,2024-04-16,PSScene-20240416_162802_75_2424,1.0,True,0.3435751789305374,1.4906796133380003,0.19504430749902696
csb_field,181825002164033,2024-04-16,PSScene-20240416_162802_75_2424,1.0,True,0.4419157512188476,1.8945858005199967,0.24305261880269594
csb_field,181825002164017,2024-04-16,PSScene-20240416_162802_75_2424,1.0,True,0.35752740138394207,1.5240850116841316,0.21652380881102104
csb_field,181825002164151,2024-04-16,PSScene-20240416_162802_75_2424,1.0,True,0.4972906719702272,2.501136262998469,0.2660471181399756
csb_field,181825002164153,2024-04-16,PSScene-20240416_162802_75_2424,1.0,True,0.390141094773812,1.8232593719492203,0.2204404577101598
csb_field,181825002164152,2024-04-16,PSScene-20240416_162802_75_2424,1.0,True,0.3722832869600945,1.7794401182986743,0.21043837486608963
csb_field,181825002164141,2024-04-16,PSScene-20240416_162802_75_2424,1.0,True,0.23904299863536418,1.1748033282921433,0.13557495046535553
csb_field,181825002164144,2024-04-16,PSScene-20240416_162802_75_2424,1.0,True,0.2415670754644155,1.1741903090646224,0.13916501324513542
csb_field,181825002164119,2024-04-16,PSScene-20240416_162802_75_2424,1.0,True,0.3318760139530853,1.611156706715435,0.190360521092349
csb_field,181825002164140,2024-04-16,PSScene-20240416_162802_75_2424,1.0,True,0.43746359231924886,2.0326896748217416,0.2401989660650327
csb_field,181825002164064,2024-04-16,PSScene-20240416_162802_75_2424,1.0,True,0.3162903309562972,1.4752456885728171,0.1759767407063977
csb_field,181825002164059,2024-04-16,PSScene-20240416_162802_75_2424,1.0,True,0.36420910692264824,1.644647044698569,0.2050615683378423
csb_field,181825002164061,2024-04-16,PSScene-20240416_162802_75_2424,1.0,True,0.27007245534193147,1.3312920889817899,0.15474945308953644
csb_field,181825002164104,2024-04-16,PSScene-20240416_162802_75_2424,1.0,True,0.40613170638006346,1.9959676957846237,0.2321537062256383
csb_field,181825002164087,2024-04-16,PSScene-20240416_162802_75_2424,1.0,True,0.632340766653279,3.551299688035099,0.3719497255761364
csb_field,181825002164078,2024-04-16,PSScene-20240416_162802_75_2424,1.0,True,0.3242643316997355,1.581043741079923,0.18314272882711613
csb_field,181825002164073,2024-04-16,PSScene-20240416_162802_75_2424,1.0,True,0.3477906032745349,1.6537002412314572,0.19401841633597813
csb_field,181825002164072,2024-04-16,PSScene-20240416_162802_75_2424,1.0,True,0.4250126995284084,2.029665326891345,0.23350051590057463
csb_field,181825002164058,2024-04-16,PSScene-20240416_162802_75_2424,1.0,True,0.566449293026047,2.7342238359556035,0.2805080526571736
csb_field,181825002164040,2024-04-16,PSScene-20240416_162802_75_2424,1.0,True,0.260674701708171,1.2908409409997,0.14642768498956168
csb_field,181825002163999,2024-04-16,PSScene-20240416_162802_75_2424,1.0,True,0.47463043842008446,2.2364051288716422,0.26494580452666755
csb_field,181825002164000,2024-04-16,PSScene-20240416_162802_75_2424,1.0,True,0.3944836924202043,1.860971738535579,0.2197587370436382
csb_field,181825002163982,2024-04-16,PSScene-20240416_162802_75_2424,1.0,True,0.45585666285264403,2.1258357433654926,0.2872079116944672
csb_field,181825002163998,2024-04-16,PSScene-20240416_162802_75_2424,1.0,True,0.8026273048144346,5.671004495699524,0.5045083103581877
csb_field,181825002163972,2024-04-16,PSScene-20240416_162802_75_2424,1.0,True,0.27440083624697004,1.2112933343865022,0.16123809826084337
csb_field,181825002163954,2024-04-16,PSScene-20240416_162802_75_2424,1.0,True,0.3343397810122049,1.5214860687423963,0.19464856817689172
csb_field,181825002163941,2024-04-16,PSScene-20240416_162802_75_2424,1.0,True,0.3547551878703705,1.6104146950864704,0.19624799518368688
csb_field,181825002163948,2024-04-16,PSScene-20240416_162802_75_2424,1.0,True,0.3650530835681463,1.7442564550779134,0.2169650225259563
csb_field,181825002164031,2024-04-16,PSScene-20240416_162802_75_2424,1.0,True,0.37538928502316504,1.7350616907708416,0.21350038027444343
csb_field,181825002164028,2024-04-16,PSScene-20240416_162802_75_2424,1.0,True,0.4347385750840789,1.993529222982232,0.2345773438170497
csb_field,181825002164004,2024-04-16,PSScene-20240416_162802_75_2424,1.0,True,0.38314449484296403,1.7099233313411195,0.2094510025829979
csb_field,181825002164005,2024-04-16,PSScene-20240416_162802_75_2424,1.0,True,0.38004261030753717,1.7398000490392416,0.20928551110167146
csb_field,181825002163930,2024-04-16,PSScene-20240416_162802_75_2424,1.0,True,0.6301837360447148,3.7568675354101937,0.392185638226725
csb_field,181825002163963,2024-04-16,PSScene-20240416_162802_75_2424,1.0,True,0.33919787255339223,1.5740536658334303,0.18755566183265154
csb_field,181825002163938,2024-04-16,PSScene-20240416_162802_75_2424,1.0,True,0.4264270849187461,2.095311977617678,0.25285455500315335
csb_field,181825002163906,2024-04-16,PSScene-20240416_162802_75_2424,1.0,True,0.6918858087363784,3.938630554952251,0.4055070882603718
csb_field,181825002163917,2024-04-16,PSScene-20240416_162802_75_2424,1.0,True,0.7850434472453381,5.257501321659457,0.4904537359193339
csb_field,181825002163904,2024-04-16,PSScene-20240416_162802_75_2424,1.0,True,0.6110425405801486,3.166642347341383,0.35828855231407813
csb_field,181825002163937,2024-04-16,PSScene-20240416_162802_75_2424,1.0,True,0.3573384315138206,1.5896553284736297,0.1909324111162
csb_field,181825002163924,2024-04-16,PSScene-20240416_162802_75_2424,1.0,True,0.38589036865503895,1.635469340042987,0.21203360453108058
csb_field,181825002163922,2024-04-16,PSScene-20240416_162802_75_2424,1.0,True,0.8157724216475899,5.949029433415252,0.523160620151449
csb_field,181825002163878,2024-04-16,PSScene-20240416_162802_75_2424,1.0,True,0.8160751548340889,6.161577455984891,0.5238972599978882
csb_field,181825002163866,2024-04-16,PSScene-20240416_162802_75_2424,1.0,True,0.8331635499659039,5.946558732432893,0.5338199687368067
csb_field,181825002163865,2024-04-16,PSScene-20240416_162802_75_2424,1.0,True,0.8378224298772485,6.280161779020845,0.5415487279579472
csb_field,181825002163854,2024-04-16,PSScene-20240416_162802_75_2424,1.0,True,0.7976761479978857,5.607507472739278,0.5150158893978859
csb_field,181825002163846,2024-04-16,PSScene-20240416_162802_75_2424,1.0,True,0.4430330365856865,2.046302153949756,0.28787815157720337
csb_field,181825002163942,2024-04-16,PSScene-20240416_162802_75_2424,1.0,True,0.4348159408219575,2.0602818287958904,0.23055349416484824
csb_field,181825002163957,2024-04-16,PSScene-20240416_162802_75_2424,1.0,True,0.41123403323693286,2.2114123212192864,0.2371337184378431
csb_field,181825002163897,2024-04-16,PSScene-20240416_162802_75_2424,1.0,True,0.7057463385093825,4.181682480979854,0.422355682724605
csb_field,181825002163916,2024-04-16,PSScene-20240416_162802_75_2424,1.0,True,0.35989994802571407,1.6806642104198088,0.1948822822559432
csb_field,181825002163879,2024-04-16,PSScene-20240416_162802_75_2424,1.0,True,0.826607204363207,6.287718677422384,0.5253915077006241
csb_field,181825002163918,2024-04-16,PSScene-20240416_162802_75_2424,1.0,True,0.3615230702848402,1.672291917700066,0.20218735285389472
csb_field,181825002163911,2024-04-16,PSScene-20240416_162802_75_2424,1.0,True,0.40367462964320916,1.85532116439554,0.23545745963425438
csb_field,181825002163907,2024-04-16,PSScene-20240416_162802_75_2424,1.0,True,0.4021380909562193,1.9981351205929516,0.2379568165077866
csb_field,181825002163884,2024-04-16,PSScene-20240416_162802_75_2424,1.0,True,0.3361198443320346,1.6215488412524284,0.20668111165582542
csb_field,181825002163859,2024-04-16,PSScene-20240416_162802_75_2424,1.0,True,0.3488324006516877,1.5783952623999158,0.20811422095127594
csb_field,181825002163855,2024-04-16,PSScene-20240416_162802_75_2424,1.0,True,0.3145557946275672,1.486657065445849,0.19139177350338474
csb_field,181825002163874,2024-04-16,PSScene-20240416_162802_75_2424,1.0,True,0.28390208890469304,1.3317967785844247,0.16271968166346432
csb_field,181825002163842,2024-04-16,PSScene-20240416_162802_75_2424,1.0,True,0.29258675069357315,1.3005851849821402,0.17594140591015092
csb_field,181825002163872,2024-04-16,PSScene-20240416_162802_75_2424,1.0,True,0.3216330471878576,1.4596863127513542,0.18752318653089703
csb_field,181825002163860,2024-04-16,PSScene-20240416_162802_75_2424,1.0,True,0.28925827674546256,1.3071941150685968,0.1584640038677431
gt_field,IN_PENG2025_CCNT,2024-04-18,PSScene-20240418_163940_78_24e8,0.0,False,,,
gt_field,IN_PENG2025_NT,2024-04-18,PSScene-20240418_163940_78_24e8,0.0,False,,,
csb_field,181825002164142,2024-04-18,PSScene-20240418_163940_78_24e8,0.0,False,,,
csb_field,181825002164143,2024-04-18,PSScene-20240418_163940_78_24e8,0.0,False,,,
csb_field,181825002164131,2024-04-18,PSScene-20240418_163940_78_24e8,0.0,False,,,
csb_field,181825002164136,2024-04-18,PSScene-20240418_163940_78_24e8,0.0,False,,,
csb_field,181825002164109,2024-04-18,PSScene-20240418_163940_78_24e8,0.0,False,,,
csb_field,181825002164090,2024-04-18,PSScene-20240418_163940_78_24e8,0.0,False,,,
csb_field,181825002164096,2024-04-18,PSScene-20240418_163940_78_24e8,0.0,False,,,
csb_field,181825002164060,2024-04-18,PSScene-20240418_163940_78_24e8,0.0,False,,,
csb_field,181825002164039,2024-04-18,PSScene-20240418_163940_78_24e8,0.0,False,,,
csb_field,181825002164033,2024-04-18,PSScene-20240418_163940_78_24e8,0.0,False,,,
csb_field,181825002164017,2024-04-18,PSScene-20240418_163940_78_24e8,0.0,False,,,
csb_field,181825002164151,2024-04-18,PSScene-20240418_163940_78_24e8,0.0,False,,,
csb_field,181825002164153,2024-04-18,PSScene-20240418_163940_78_24e8,0.0,False,,,
csb_field,181825002164152,2024-04-18,PSScene-20240418_163940_78_24e8,0.0,False,,,
csb_field,181825002164141,2024-04-18,PSScene-20240418_163940_78_24e8,0.0,False,,,
csb_field,181825002164144,2024-04-18,PSScene-20240418_163940_78_24e8,0.0,False,,,
csb_field,181825002164119,2024-04-18,PSScene-20240418_163940_78_24e8,0.0,False,,,
csb_field,181825002164140,2024-04-18,PSScene-20240418_163940_78_24e8,0.0,False,,,
csb_field,181825002164064,2024-04-18,PSScene-20240418_163940_78_24e8,0.0,False,,,
csb_field,181825002164059,2024-04-18,PSScene-20240418_163940_78_24e8,0.0,False,,,
csb_field,181825002164061,2024-04-18,PSScene-20240418_163940_78_24e8,0.0,False,,,
csb_field,181825002164104,2024-04-18,PSScene-20240418_163940_78_24e8,0.0,False,,,
csb_field,181825002164087,2024-04-18,PSScene-20240418_163940_78_24e8,0.0,False,,,
csb_field,181825002164078,2024-04-18,PSScene-20240418_163940_78_24e8,0.0,False,,,
csb_field,181825002164073,2024-04-18,PSScene-20240418_163940_78_24e8,0.0,False,,,
csb_field,181825002164072,2024-04-18,PSScene-20240418_163940_78_24e8,0.0,False,,,
csb_field,181825002164058,2024-04-18,PSScene-20240418_163940_78_24e8,0.0,False,,,
csb_field,181825002164040,2024-04-18,PSScene-20240418_163940_78_24e8,0.0,False,,,
csb_field,181825002163999,2024-04-18,PSScene-20240418_163940_78_24e8,0.0,False,,,
csb_field,181825002164000,2024-04-18,PSScene-20240418_163940_78_24e8,0.0,False,,,
csb_field,181825002163982,2024-04-18,PSScene-20240418_163940_78_24e8,0.0,False,,,
csb_field,181825002163998,2024-04-18,PSScene-20240418_163940_78_24e8,0.0,False,,,
csb_field,181825002163972,2024-04-18,PSScene-20240418_163940_78_24e8,0.0,False,,,
csb_field,181825002163954,2024-04-18,PSScene-20240418_163940_78_24e8,0.0,False,,,
csb_field,181825002163941,2024-04-18,PSScene-20240418_163940_78_24e8,0.0,False,,,
csb_field,181825002163948,2024-04-18,PSScene-20240418_163940_78_24e8,0.0,False,,,
csb_field,181825002164031,2024-04-18,PSScene-20240418_163940_78_24e8,0.0,False,,,
csb_field,181825002164028,2024-04-18,PSScene-20240418_163940_78_24e8,0.0,False,,,
csb_field,181825002164004,2024-04-18,PSScene-20240418_163940_78_24e8,0.0,False,,,
csb_field,181825002164005,2024-04-18,PSScene-20240418_163940_78_24e8,0.0,False,,,
csb_field,181825002163930,2024-04-18,PSScene-20240418_163940_78_24e8,0.0,False,,,
csb_field,181825002163963,2024-04-18,PSScene-20240418_163940_78_24e8,0.0,False,,,
csb_field,181825002163938,2024-04-18,PSScene-20240418_163940_78_24e8,0.0,False,,,
csb_field,181825002163906,2024-04-18,PSScene-20240418_163940_78_24e8,0.0,False,,,
csb_field,181825002163917,2024-04-18,PSScene-20240418_163940_78_24e8,0.0,False,,,
csb_field,181825002163904,2024-04-18,PSScene-20240418_163940_78_24e8,0.0,False,,,
csb_field,181825002163937,2024-04-18,PSScene-20240418_163940_78_24e8,0.0,False,,,
csb_field,181825002163924,2024-04-18,PSScene-20240418_163940_78_24e8,0.0,False,,,
csb_field,181825002163922,2024-04-18,PSScene-20240418_163940_78_24e8,0.0,False,,,
csb_field,181825002163878,2024-04-18,PSScene-20240418_163940_78_24e8,0.0,False,,,
csb_field,181825002163866,2024-04-18,PSScene-20240418_163940_78_24e8,0.0,False,,,
csb_field,181825002163865,2024-04-18,PSScene-20240418_163940_78_24e8,0.0,False,,,
csb_field,181825002163854,2024-04-18,PSScene-20240418_163940_78_24e8,0.0,False,,,
csb_field,181825002163846,2024-04-18,PSScene-20240418_163940_78_24e8,0.0,False,,,
csb_field,181825002163942,2024-04-18,PSScene-20240418_163940_78_24e8,0.0,False,,,
csb_field,181825002163957,2024-04-18,PSScene-20240418_163940_78_24e8,0.0,False,,,
csb_field,181825002163897,2024-04-18,PSScene-20240418_163940_78_24e8,0.0,False,,,
csb_field,181825002163916,2024-04-18,PSScene-20240418_163940_78_24e8,0.0,False,,,
csb_field,181825002163879,2024-04-18,PSScene-20240418_163940_78_24e8,0.0,False,,,
csb_field,181825002163918,2024-04-18,PSScene-20240418_163940_78_24e8,0.0,False,,,
csb_field,181825002163911,2024-04-18,PSScene-20240418_163940_78_24e8,0.0,False,,,
csb_field,181825002163907,2024-04-18,PSScene-20240418_163940_78_24e8,0.0,False,,,
csb_field,181825002163884,2024-04-18,PSScene-20240418_163940_78_24e8,0.0,False,,,
csb_field,181825002163859,2024-04-18,PSScene-20240418_163940_78_24e8,0.0,False,,,
csb_field,181825002163855,2024-04-18,PSScene-20240418_163940_78_24e8,0.0,False,,,
csb_field,181825002163874,2024-04-18,PSScene-20240418_163940_78_24e8,0.0,False,,,
csb_field,181825002163842,2024-04-18,PSScene-20240418_163940_78_24e8,0.0,False,,,
csb_field,181825002163872,2024-04-18,PSScene-20240418_163940_78_24e8,0.0,False,,,
csb_field,181825002163860,2024-04-18,PSScene-20240418_163940_78_24e8,0.0,False,,,
gt_field,IN_PENG2025_CCNT,2024-04-19,PSScene-20240419_163811_99_24bd,1.0,False,0.42290427719009194,2.1012205545900406,0.2871972758814813
gt_field,IN_PENG2025_NT,2024-04-19,PSScene-20240419_163811_99_24bd,1.0,False,0.45398661263264856,2.1976189584568817,0.30050949978950514
csb_field,181825002164142,2024-04-19,PSScene-20240419_163811_99_24bd,1.0,False,0.22822244389065297,1.212874906190562,0.1695757741627704
csb_field,181825002164143,2024-04-19,PSScene-20240419_163811_99_24bd,1.0,False,0.24075772198138695,1.259660085744615,0.18019460411675073
csb_field,181825002164131,2024-04-19,PSScene-20240419_163811_99_24bd,1.0,False,0.6090318614947223,3.4569588192685723,0.41654517664919777
csb_field,181825002164136,2024-04-19,PSScene-20240419_163811_99_24bd,1.0,False,0.3392431831865304,1.7206930791628023,0.23011536649476147
csb_field,181825002164109,2024-04-19,PSScene-20240419_163811_99_24bd,1.0,False,0.31229203593974836,1.5079041139250735,0.22112748312997477
csb_field,181825002164090,2024-04-19,PSScene-20240419_163811_99_24bd,1.0,False,0.8798174905962277,8.705682918506582,0.6844336256153225
csb_field,181825002164096,2024-04-19,PSScene-20240419_163811_99_24bd,1.0,False,0.8847901439830779,9.240463232244604,0.7002454201658243
csb_field,181825002164060,2024-04-19,PSScene-20240419_163811_99_24bd,1.0,False,0.8844287502373662,8.696252636931609,0.6668162462883042
csb_field,181825002164039,2024-04-19,PSScene-20240419_163811_99_24bd,1.0,False,0.35428574147977326,1.7375578039570858,0.2484793711649744
csb_field,181825002164033,2024-04-19,PSScene-20240419_163811_99_24bd,1.0,False,0.47160857129428124,1.9779300273016647,0.28029619152140284
csb_field,181825002164017,2024-04-19,PSScene-20240419_163811_99_24bd,1.0,False,0.39815598576188943,1.9724014920296429,0.29922067926084395
csb_field,181825002164151,2024-04-19,PSScene-20240419_163811_99_24bd,1.0,False,0.5146601069689899,2.7103381832869284,0.3278074836694221
csb_field,181825002164153,2024-04-19,PSScene-20240419_163811_99_24bd,1.0,False,0.42713885489793246,2.0910928323588784,0.29254613199262286
csb_field,181825002164152,2024-04-19,PSScene-20240419_163811_99_24bd,1.0,False,0.4021921570243362,2.036511282568346,0.27484456506953914
csb_field,181825002164141,2024-04-19,PSScene-20240419_163811_99_24bd,1.0,False,0.2316199602278576,1.2119112437260886,0.1717865665113898
csb_field,181825002164144,2024-04-19,PSScene-20240419_163811_99_24bd,1.0,False,0.23811828496129273,1.2369169771508624,0.17680104062508994
csb_field,181825002164119,2024-04-19,PSScene-20240419_163811_99_24bd,1.0,False,0.3388460173408813,1.7857576476618289,0.24471757529826996
csb_field,181825002164140,2024-04-19,PSScene-20240419_163811_99_24bd,1.0,False,0.47388405216799,2.373231247149851,0.3157588689804719
csb_field,181825002164064,2024-04-19,PSScene-20240419_163811_99_24bd,1.0,False,0.3272710092756091,1.5664240208736584,0.21521331079660624
csb_field,181825002164059,2024-04-19,PSScene-20240419_163811_99_24bd,1.0,False,0.4071814228989841,2.0000462365537355,0.2769773436849343
csb_field,181825002164061,2024-04-19,PSScene-20240419_163811_99_24bd,1.0,False,0.27376265099654296,1.407088215375172,0.19809449738847817
csb_field,181825002164104,2024-04-19,PSScene-20240419_163811_99_24bd,1.0,False,0.413303735933208,2.171424843806248,0.28498965955419436
csb_field,181825002164087,2024-04-19,PSScene-20240419_163811_99_24bd,1.0,False,0.6775483117127203,4.180951993373871,0.4650208652124977
csb_field,181825002164078,2024-04-19,PSScene-20240419_163811_99_24bd,1.0,False,0.3267029498524854,1.6543705619027462,0.21935970031569157
csb_field,181825002164073,2024-04-19,PSScene-20240419_163811_99_24bd,1.0,False,0.352780883768962,1.718592443492797,0.24147086135435225
csb_field,181825002164072,2024-04-19,PSScene-20240419_163811_99_24bd,1.0,False,0.44960205965672384,2.2535836377355674,0.29660334894806956
csb_field,181825002164058,2024-04-19,PSScene-20240419_163811_99_24bd,1.0,False,0.5641579672656745,2.9288492699329685,0.3373770734784774
csb_field,181825002164040,2024-04-19,PSScene-20240419_163811_99_24bd,1.0,False,0.2583910532322978,1.3436708117563048,0.18958457954366734
csb_field,181825002163999,2024-04-19,PSScene-20240419_163811_99_24bd,1.0,False,0.5190613886726984,2.6796655181074858,0.34397155446620226
csb_field,181825002164000,2024-04-19,PSScene-20240419_163811_99_24bd,1.0,False,0.38639636727460624,1.8752465768891815,0.25362656484826107
csb_field,181825002163982,2024-04-19,PSScene-20240419_163811_99_24bd,1.0,False,0.4741632481143899,2.463369846343994,0.3633485593616146
csb_field,181825002163998,2024-04-19,PSScene-20240419_163811_99_24bd,1.0,False,0.8664906240015364,7.573707301334733,0.6319521372808025
csb_field,181825002163972,2024-04-19,PSScene-20240419_163811_99_24bd,1.0,False,0.29003097771985364,1.4624869122705402,0.2117406541757739
csb_field,181825002163954,2024-04-19,PSScene-20240419_163811_99_24bd,1.0,False,0.36354952627554243,1.8987340271417175,0.26631537515415665
csb_field,181825002163941,2024-04-19,PSScene-20240419_163811_99_24bd,1.0,False,0.3791658560385389,1.9725156576185179,0.2620390328313666
csb_field,181825002163948,2024-04-19,PSScene-20240419_163811_99_24bd,1.0,False,0.45026081650114297,2.529106916861443,0.31615503047158244
csb_field,181825002164031,2024-04-19,PSScene-20240419_163811_99_24bd,1.0,False,0.43040066014441924,2.1539716488045766,0.2941553941016451
csb_field,181825002164028,2024-04-19,PSScene-20240419_163811_99_24bd,1.0,False,0.47415779071280156,2.3236378260265442,0.31232525745650447
csb_field,181825002164004,2024-04-19,PSScene-20240419_163811_99_24bd,1.0,False,0.4375499851011808,2.19518517649259,0.2973632594058062
csb_field,181825002164005,2024-04-19,PSScene-20240419_163811_99_24bd,1.0,False,0.42896819658517193,2.1630898623882064,0.29007919607725857
csb_field,181825002163930,2024-04-19,PSScene-20240419_163811_99_24bd,1.0,False,0.7120551130640398,5.426294514345466,0.5217768619981927
csb_field,181825002163963,2024-04-19,PSScene-20240419_163811_99_24bd,1.0,False,0.3471065122802592,1.6975388839191532,0.2372790303683814
csb_field,181825002163938,2024-04-19,PSScene-20240419_163811_99_24bd,1.0,False,0.4746826683520866,2.6655972365340497,0.3312665232368724
csb_field,181825002163906,2024-04-19,PSScene-20240419_163811_99_24bd,1.0,False,0.7390811665217082,4.572637341308594,0.4781399137655894
csb_field,181825002163917,2024-04-19,PSScene-20240419_163811_99_24bd,1.0,False,0.852845508214477,7.020996171555597,0.6121822628941569
csb_field,181825002163904,2024-04-19,PSScene-20240419_163811_99_24bd,1.0,False,0.6545888985858085,3.689723005600984,0.42603164539796434
csb_field,181825002163937,2024-04-19,PSScene-20240419_163811_99_24bd,1.0,False,0.3803954533753957,1.882813739787175,0.24952923724040765
csb_field,181825002163924,2024-04-19,PSScene-20240419_163811_99_24bd,1.0,False,0.4214569205188707,2.002522804729871,0.2760149724148049
csb_field,181825002163922,2024-04-19,PSScene-20240419_163811_99_24bd,1.0,False,0.8790152828041599,7.941940508300452,0.6422615463785131
csb_field,181825002163878,2024-04-19,PSScene-20240419_163811_99_24bd,1.0,False,0.8785772591888549,8.251268579092462,0.6509950549654647
csb_field,181825002163866,2024-04-19,PSScene-20240419_163811_99_24bd,1.0,False,0.8893653176136415,8.109325947242771,0.6585335719070207
csb_field,181825002163865,2024-04-19,PSScene-20240419_163811_99_24bd,1.0,False,0.8943647122912377,8.326396577201988,0.6649585882591647
csb_field,181825002163854,2024-04-19,PSScene-20240419_163811_99_24bd,1.0,False,0.8707968287169934,7.422591636578242,0.636885254830122
csb_field,181825002163846,2024-04-19,PSScene-20240419_163811_99_24bd,1.0,False,0.4640171270744473,2.2939117235295914,0.3713933787509507
csb_field,181825002163942,2024-04-19,PSScene-20240419_163811_99_24bd,1.0,False,0.4631423535443784,2.3602749033211765,0.3016615443945907
csb_field,181825002163957,2024-04-19,PSScene-20240419_163811_99_24bd,1.0,False,0.42522364098307447,2.4401760410987783,0.2952469727024436
csb_field,181825002163897,2024-04-19,PSScene-20240419_163811_99_24bd,1.0,False,0.7577166423410782,5.160808042505416,0.5422496249820811
csb_field,181825002163916,2024-04-19,PSScene-20240419_163811_99_24bd,1.0,False,0.3875326398795532,1.9485513498254752,0.2660992597952922
csb_field,181825002163879,2024-04-19,PSScene-20240419_163811_99_24bd,1.0,False,0.8557208614284489,7.0839521312620946,0.6266194315531279
csb_field,181825002163918,2024-04-19,PSScene-20240419_163811_99_24bd,1.0,False,0.39088828596114006,2.012447268764178,0.2706305443895636
csb_field,181825002163911,2024-04-19,PSScene-20240419_163811_99_24bd,1.0,False,0.49502742141609546,2.695956597638518,0.34948033077621343
csb_field,181825002163907,2024-04-19,PSScene-20240419_163811_99_24bd,1.0,False,0.4478035822074529,2.5003110738612047,0.3176364778936117
csb_field,181825002163884,2024-04-19,PSScene-20240419_163811_99_24bd,1.0,False,0.38573955324963966,2.098199147779699,0.2781424638081676
csb_field,181825002163859,2024-04-19,PSScene-20240419_163811_99_24bd,1.0,False,0.4154298348946223,2.0599440546474903,0.2902613764128718
csb_field,181825002163855,2024-04-19,PSScene-20240419_163811_99_24bd,1.0,False,0.3557492598662791,1.8625445260302984,0.26757721772998116
csb_field,181825002163874,2024-04-19,PSScene-20240419_163811_99_24bd,1.0,False,0.28327041702469635,1.4130010982773793,0.20649184627842357
csb_field,181825002163842,2024-04-19,PSScene-20240419_163811_99_24bd,1.0,False,0.33790315125834164,1.7087320418861824,0.24586961459277606
csb_field,181825002163872,2024-04-19,PSScene-20240419_163811_99_24bd,1.0,False,0.33825777818411934,1.6722864251592497,0.23841402794306094
csb_field,181825002163860,2024-04-19,PSScene-20240419_163811_99_24bd,1.0,False,0.2890141181110324,1.4261231639934902,0.20570742232458933
gt_field,IN_PENG2025_CCNT,2024-04-19,PSScene-20240419_163814_28_24bd,0.0,False,,,
gt_field,IN_PENG2025_NT,2024-04-19,PSScene-20240419_163814_28_24bd,0.0,False,,,
csb_field,181825002164142,2024-04-19,PSScene-20240419_163814_28_24bd,0.1410693970420933,False,0.22998881279941527,1.2101299551225477,0.17033920184739174
csb_field,181825002164143,2024-04-19,PSScene-20240419_163814_28_24bd,0.04503990877993159,False,0.41287530964939906,2.19131650200373,0.2845631497695979
csb_field,181825002164131,2024-04-19,PSScene-20240419_163814_28_24bd,0.0,False,,,
csb_field,181825002164136,2024-04-19,PSScene-20240419_163814_28_24bd,0.0,False,,,
csb_field,181825002164109,2024-04-19,PSScene-20240419_163814_28_24bd,0.0,False,,,
csb_field,181825002164090,2024-04-19,PSScene-20240419_163814_28_24bd,0.5168393782383419,False,0.8870508376518288,9.08230545825528,0.6951083842674294
csb_field,181825002164096,2024-04-19,PSScene-20240419_163814_28_24bd,0.34824924488197784,False,0.8747470207127045,8.682610609659305,0.6838519221002405
csb_field,181825002164060,2024-04-19,PSScene-20240419_163814_28_24bd,0.0,False,,,
csb_field,181825002164039,2024-04-19,PSScene-20240419_163814_28_24bd,0.0,False,,,
csb_field,181825002164033,2024-04-19,PSScene-20240419_163814_28_24bd,0.0,False,,,
csb_field,181825002164017,2024-04-19,PSScene-20240419_163814_28_24bd,0.0,False,,,
csb_field,181825002164151,2024-04-19,PSScene-20240419_163814_28_24bd,1.0,False,0.5210990769837414,2.7372294644177972,0.3340381931266726
csb_field,181825002164153,2024-04-19,PSScene-20240419_163814_28_24bd,0.9557697059550284,False,0.42531970365217575,2.088283280737028,0.29247188652483236
csb_field,181825002164152,2024-04-19,PSScene-20240419_163814_28_24bd,0.8691035327751685,False,0.37630492143501015,1.8802475430127372,0.25980997376872184
csb_field,181825002164141,2024-04-19,PSScene-20240419_163814_28_24bd,0.3696330991412959,False,0.22821480363072413,1.2009061304291804,0.17167079507706662
csb_field,181825002164144,2024-04-19,PSScene-20240419_163814_28_24bd,0.38272595922298924,False,0.2321784084650294,1.2203588271701096,0.1737383665304456
csb_field,181825002164119,2024-04-19,PSScene-20240419_163814_28_24bd,0.014106583072100314,False,0.2402662287155787,1.274459962491636,0.19026666051811642
csb_field,181825002164140,2024-04-19,PSScene-20240419_163814_28_24bd,0.14436016638120872,False,0.45957910506402033,2.220426921602023,0.3098365704235384
csb_field,181825002164064,2024-04-19,PSScene-20240419_163814_28_24bd,0.0,False,,,
csb_field,181825002164059,2024-04-19,PSScene-20240419_163814_28_24bd,0.0,False,,,
csb_field,181825002164061,2024-04-19,PSScene-20240419_163814_28_24bd,0.0,False,,,
csb_field,181825002164104,2024-04-19,PSScene-20240419_163814_28_24bd,0.0,False,,,
csb_field,181825002164087,2024-04-19,PSScene-20240419_163814_28_24bd,0.0,False,,,
csb_field,181825002164078,2024-04-19,PSScene-20240419_163814_28_24bd,0.0,False,,,
csb_field,181825002164073,2024-04-19,PSScene-20240419_163814_28_24bd,0.0,False,,,
csb_field,181825002164072,2024-04-19,PSScene-20240419_163814_28_24bd,0.0,False,,,
csb_field,181825002164058,2024-04-19,PSScene-20240419_163814_28_24bd,0.0,False,,,
csb_field,181825002164040,2024-04-19,PSScene-20240419_163814_28_24bd,0.0,False,,,
csb_field,181825002163999,2024-04-19,PSScene-20240419_163814_28_24bd,0.0,False,,,
csb_field,181825002164000,2024-04-19,PSScene-20240419_163814_28_24bd,0.0,False,,,
csb_field,181825002163982,2024-04-19,PSScene-20240419_163814_28_24bd,0.0,False,,,
csb_field,181825002163998,2024-04-19,PSScene-20240419_163814_28_24bd,0.0,False,,,
csb_field,181825002163972,2024-04-19,PSScene-20240419_163814_28_24bd,0.0,False,,,
csb_field,181825002163954,2024-04-19,PSScene-20240419_163814_28_24bd,0.0,False,,,
csb_field,181825002163941,2024-04-19,PSScene-20240419_163814_28_24bd,0.0,False,,,
csb_field,181825002163948,2024-04-19,PSScene-20240419_163814_28_24bd,0.0,False,,,
csb_field,181825002164031,2024-04-19,PSScene-20240419_163814_28_24bd,0.0,False,,,
csb_field,181825002164028,2024-04-19,PSScene-20240419_163814_28_24bd,0.0,False,,,
csb_field,181825002164004,2024-04-19,PSScene-20240419_163814_28_24bd,0.0,False,,,
csb_field,181825002164005,2024-04-19,PSScene-20240419_163814_28_24bd,0.0,False,,,
csb_field,181825002163930,2024-04-19,PSScene-20240419_163814_28_24bd,0.0,False,,,
csb_field,181825002163963,2024-04-19,PSScene-20240419_163814_28_24bd,0.0,False,,,
csb_field,181825002163938,2024-04-19,PSScene-20240419_163814_28_24bd,0.0,False,,,
csb_field,181825002163906,2024-04-19,PSScene-20240419_163814_28_24bd,0.0,False,,,
csb_field,181825002163917,2024-04-19,PSScene-20240419_163814_28_24bd,0.0,False,,,
csb_field,181825002163904,2024-04-19,PSScene-20240419_163814_28_24bd,0.0,False,,,
csb_field,181825002163937,2024-04-19,PSScene-20240419_163814_28_24bd,0.0,False,,,
csb_field,181825002163924,2024-04-19,PSScene-20240419_163814_28_24bd,0.0,False,,,
csb_field,181825002163922,2024-04-19,PSScene-20240419_163814_28_24bd,0.0,False,,,
csb_field,181825002163878,2024-04-19,PSScene-20240419_163814_28_24bd,0.0,False,,,
csb_field,181825002163866,2024-04-19,PSScene-20240419_163814_28_24bd,0.0,False,,,
csb_field,181825002163865,2024-04-19,PSScene-20240419_163814_28_24bd,0.0,False,,,
csb_field,181825002163854,2024-04-19,PSScene-20240419_163814_28_24bd,0.0,False,,,
csb_field,181825002163846,2024-04-19,PSScene-20240419_163814_28_24bd,0.0,False,,,
csb_field,181825002163942,2024-04-19,PSScene-20240419_163814_28_24bd,0.0,False,,,
csb_field,181825002163957,2024-04-19,PSScene-20240419_163814_28_24bd,0.0,False,,,
csb_field,181825002163897,2024-04-19,PSScene-20240419_163814_28_24bd,0.0,False,,,
csb_field,181825002163916,2024-04-19,PSScene-20240419_163814_28_24bd,0.0,False,,,
csb_field,181825002163879,2024-04-19,PSScene-20240419_163814_28_24bd,0.0,False,,,
csb_field,181825002163918,2024-04-19,PSScene-20240419_163814_28_24bd,0.0,False,,,
csb_field,181825002163911,2024-04-19,PSScene-20240419_163814_28_24bd,0.0,False,,,
csb_field,181825002163907,2024-04-19,PSScene-20240419_163814_28_24bd,0.0,False,,,
csb_field,181825002163884,2024-04-19,PSScene-20240419_163814_28_24bd,0.0,False,,,
csb_field,181825002163859,2024-04-19,PSScene-20240419_163814_28_24bd,0.0,False,,,
csb_field,181825002163855,2024-04-19,PSScene-20240419_163814_28_24bd,0.0,False,,,
csb_field,181825002163874,2024-04-19,PSScene-20240419_163814_28_24bd,0.0,False,,,
csb_field,181825002163842,2024-04-19,PSScene-20240419_163814_28_24bd,0.0,False,,,
csb_field,181825002163872,2024-04-19,PSScene-20240419_163814_28_24bd,0.0,False,,,
csb_field,181825002163860,2024-04-19,PSScene-20240419_163814_28_24bd,0.0,False,,,
gt_field,IN_PENG2025_CCNT,2024-04-21,PSScene-20240421_163621_09_24aa,0.7093331160630627,True,0.435186689600242,2.0454004235631595,0.230864177234661
gt_field,IN_PENG2025_NT,2024-04-21,PSScene-20240421_163621_09_24aa,0.9536013078180594,True,0.4719409991498655,2.2865529699817717,0.23961137957079737
csb_field,181825002164142,2024-04-21,PSScene-20240421_163621_09_24aa,0.0,True,,,
csb_field,181825002164143,2024-04-21,PSScene-20240421_163621_09_24aa,0.0,True,,,
csb_field,181825002164131,2024-04-21,PSScene-20240421_163621_09_24aa,0.013973799126637555,True,0.5603460100895656,2.7790323534897228,0.3623997230448702
csb_field,181825002164136,2024-04-21,PSScene-20240421_163621_09_24aa,0.050148006268500786,True,0.37813390254977036,1.7295093164605506,0.17440185680899756
csb_field,181825002164109,2024-04-21,PSScene-20240421_163621_09_24aa,0.3933970206068592,True,0.3585507375777205,1.7457858176777783,0.17990957660013915
csb_field,181825002164090,2024-04-21,PSScene-20240421_163621_09_24aa,1.0,True,0.8515894368106128,5.8796128014321525,0.6319129079989779
csb_field,181825002164096,2024-04-21,PSScene-20240421_163621_09_24aa,1.0,True,0.865885776121733,6.6635006123127765,0.6470965122262681
csb_field,181825002164060,2024-04-21,PSScene-20240421_163621_09_24aa,1.0,True,0.8826044884784733,7.692425811745551,0.618846975424581
csb_field,181825002164039,2024-04-21,PSScene-20240421_163621_09_24aa,1.0,True,0.3794103417679952,1.7877473757228748,0.20149662990914136
csb_field,181825002164033,2024-04-21,PSScene-20240421_163621_09_24aa,1.0,True,0.4599046519517039,1.9531392423449874,0.2040022854920243
csb_field,181825002164017,2024-04-21,PSScene-20240421_163621_09_24aa,1.0,True,0.39320544572116584,1.805323979939979,0.213484185843178
csb_field,181825002164151,2024-04-21,PSScene-20240421_163621_09_24aa,1.0,True,0.5744093346971937,2.8432053864113054,0.31185296309165333
csb_field,181825002164153,2024-04-21,PSScene-20240421_163621_09_24aa,1.0,True,0.4481371618432133,2.204088210134684,0.2360145123137496
csb_field,181825002164152,2024-04-21,PSScene-20240421_163621_09_24aa,1.0,True,0.42990171807901356,2.1485872683777663,0.22391960783778447
csb_field,181825002164141,2024-04-21,PSScene-20240421_163621_09_24aa,0.04839968774395004,True,0.2965040846565243,1.447679898552256,0.12802448411792514
csb_field,181825002164144,2024-04-21,PSScene-20240421_163621_09_24aa,0.03194734307272435,True,0.2939056667911069,1.3406962794040536,0.12612582260358435
csb_field,181825002164119,2024-04-21,PSScene-20240421_163621_09_24aa,0.014106583072100314,True,0.2654633223731189,1.234190045844814,0.14541750616783097
csb_field,181825002164140,2024-04-21,PSScene-20240421_163621_09_24aa,0.48412038169806704,True,0.4696578859162521,2.3189366762584056,0.2483307466059442
csb_field,181825002164064,2024-04-21,PSScene-20240421_163621_09_24aa,0.038154897494305236,True,0.30522581579347835,1.1563191151354058,0.15353232153455387
csb_field,181825002164059,2024-04-21,PSScene-20240421_163621_09_24aa,0.8331677430038086,True,0.41613102042395816,1.9888179854742936,0.21167976049432569
csb_field,181825002164061,2024-04-21,PSScene-20240421_163621_09_24aa,0.1631413974381124,True,0.3407148569953673,1.7136734471582584,0.15767558269915083
csb_field,181825002164104,2024-04-21,PSScene-20240421_163621_09_24aa,0.0,True,,,
csb_field,181825002164087,2024-04-21,PSScene-20240421_163621_09_24aa,0.0,True,,,
csb_field,181825002164078,2024-04-21,PSScene-20240421_163621_09_24aa,0.0,True,,,
csb_field,181825002164073,2024-04-21,PSScene-20240421_163621_09_24aa,0.4778766941270263,True,0.36893622066153053,1.816815810442124,0.18550793313471295
csb_field,181825002164072,2024-04-21,PSScene-20240421_163621_09_24aa,0.0,True,,,
csb_field,181825002164058,2024-04-21,PSScene-20240421_163621_09_24aa,0.047379617095339395,True,0.5086464917627126,2.0845637063871862,0.2524115939804977
csb_field,181825002164040,2024-04-21,PSScene-20240421_163621_09_24aa,0.016472709391902967,True,0.34312978126812377,1.641460634753405,0.14953394362854244
csb_field,181825002163999,2024-04-21,PSScene-20240421_163621_09_24aa,0.0016965584100824044,True,0.5887837910880211,2.725664854223617,0.3120263274314752
csb_field,181825002164000,2024-04-21,PSScene-20240421_163621_09_24aa,0.0,True,,,
csb_field,181825002163982,2024-04-21,PSScene-20240421_163621_09_24aa,1.0,True,0.5001236348106808,2.626953469045299,0.31943429455379924
csb_field,181825002163998,2024-04-21,PSScene-20240421_163621_09_24aa,0.9695442134005461,True,0.8687320937599634,6.903283185738674,0.5767216879135595
csb_field,181825002163972,2024-04-21,PSScene-20240421_163621_09_24aa,1.0,True,0.3053907115436784,1.512781258653074,0.1505962671665003
csb_field,181825002163954,2024-04-21,PSScene-20240421_163621_09_24aa,1.0,True,0.38871698462598603,1.9192641153285868,0.21234647146042374
csb_field,181825002163941,2024-04-21,PSScene-20240421_163621_09_24aa,1.0,True,0.4006472543922831,1.9882997005632328,0.2060613896118508
csb_field,181825002163948,2024-04-21,PSScene-20240421_163621_09_24aa,0.9966595809292439,True,0.4355691405938202,2.29138828458433,0.23584540482181734
csb_field,181825002164031,2024-04-21,PSScene-20240421_163621_09_24aa,0.7731281666353913,True,0.4290431216955061,2.025316962560117,0.2274984843538884
csb_field,181825002164028,2024-04-21,PSScene-20240421_163621_09_24aa,0.9289119000657462,True,0.48994483439872283,2.4047535601260077,0.2509843825246901
csb_field,181825002164004,2024-04-21,PSScene-20240421_163621_09_24aa,0.5777192322167859,True,0.4793315583395642,2.20185400363712,0.27208971857370196
csb_field,181825002164005,2024-04-21,PSScene-20240421_163621_09_24aa,0.5657681940700808,True,0.4511768596664135,2.18600202909521,0.24122211976697003
csb_field,181825002163930,2024-04-21,PSScene-20240421_163621_09_24aa,1.0,True,0.7136225992211084,4.641191779400269,0.47059704928506246
csb_field,181825002163963,2024-04-21,PSScene-20240421_163621_09_24aa,0.0416190631630488,True,0.3902478992874242,1.8696422219789388,0.19628186974519968
csb_field,181825002163938,2024-04-21,PSScene-20240421_163621_09_24aa,0.6214932126696833,True,0.5222231938468676,2.726625473412777,0.30548204700201215
csb_field,181825002163906,2024-04-21,PSScene-20240421_163621_09_24aa,0.018133333333333335,True,0.6256265187709077,3.107473753516034,0.3415909389962595
csb_field,181825002163917,2024-04-21,PSScene-20240421_163621_09_24aa,0.9475524475524476,True,0.8510602806789818,6.303775109163231,0.5559303041747806
csb_field,181825002163904,2024-04-21,PSScene-20240421_163621_09_24aa,0.0,True,,,
csb_field,181825002163937,2024-04-21,PSScene-20240421_163621_09_24aa,1.0,True,0.40723600086207357,1.9739138366521676,0.1967381508987682
csb_field,181825002163924,2024-04-21,PSScene-20240421_163621_09_24aa,1.0,True,0.4359511233159062,2.0636688347629843,0.22465424339998114
csb_field,181825002163922,2024-04-21,PSScene-20240421_163621_09_24aa,1.0,True,0.8500933795830311,6.779538329076493,0.5818653521544856
csb_field,181825002163878,2024-04-21,PSScene-20240421_163621_09_24aa,1.0,True,0.8698253673743023,7.302191952352338,0.602500025901757
csb_field,181825002163866,2024-04-21,PSScene-20240421_163621_09_24aa,1.0,True,0.8162339461763878,5.8554057377424655,0.5510453929722997
csb_field,181825002163865,2024-04-21,PSScene-20240421_163621_09_24aa,1.0,True,0.8455760967608226,6.502076865668977,0.5657221497823994
csb_field,181825002163854,2024-04-21,PSScene-20240421_163621_09_24aa,1.0,True,0.8679486963629671,6.874568875597065,0.5838642345648561
csb_field,181825002163846,2024-04-21,PSScene-20240421_163621_09_24aa,0.49019607843137253,True,0.45162667415393243,2.363862943616878,0.31367205503024914
csb_field,181825002163942,2024-04-21,PSScene-20240421_163621_09_24aa,0.023882633913340157,True,0.5221153070323912,2.217155225167745,0.31747949818988525
csb_field,181825002163957,2024-04-21,PSScene-20240421_163621_09_24aa,0.012608550434201737,True,0.44245172594057813,1.7517597374427873,0.26561274122322587
csb_field,181825002163897,2024-04-21,PSScene-20240421_163621_09_24aa,0.0,True,,,
csb_field,181825002163916,2024-04-21,PSScene-20240421_163621_09_24aa,0.01651517091281526,True,0.3947280713554699,1.5362701265493117,0.21964711715321641
csb_field,181825002163879,2024-04-21,PSScene-20240421_163621_09_24aa,0.3032069970845481,True,0.8298865537371148,5.32424713918288,0.5674192938663822
csb_field,181825002163918,2024-04-21,PSScene-20240421_163621_09_24aa,0.0,True,,,
csb_field,181825002163911,2024-04-21,PSScene-20240421_163621_09_24aa,0.02169378389653734,True,0.4818659682648669,2.056190931404526,0.32546448737269995
csb_field,181825002163907,2024-04-21,PSScene-20240421_163621_09_24aa,0.020141437651060783,True,0.771122020171738,5.376731432050048,0.5230622413164032
csb_field,181825002163884,2024-04-21,PSScene-20240421_163621_09_24aa,0.0,True,,,
csb_field,181825002163859,2024-04-21,PSScene-20240421_163621_09_24aa,0.029539530842745437,True,0.41368053223993295,2.194617944552855,0.23805045203851527
csb_field,181825002163855,2024-04-21,PSScene-20240421_163621_09_24aa,0.08347529812606473,True,0.4237136272937149,1.8941344330843244,0.2343130528634968
csb_field,181825002163874,2024-04-21,PSScene-20240421_163621_09_24aa,0.0,True,,,
csb_field,181825002163842,2024-04-21,PSScene-20240421_163621_09_24aa,0.10060975609756098,True,0.48444698906722883,2.494156291637857,0.2597043590817519
csb_field,181825002163872,2024-04-21,PSScene-20240421_163621_09_24aa,0.0,True,,,
csb_field,181825002163860,2024-04-21,PSScene-20240421_163621_09_24aa,0.0,True,,,
gt_field,IN_PENG2025_CCNT,2024-06-06,PSScene-20240606_163812_21_24a4,0.000488858108933882,False,0.3170207639535268,1.246880829334259,0.2165680763622125
gt_field,IN_PENG2025_NT,2024-06-06,PSScene-20240606_163812_21_24a4,0.7657467064140783,False,0.3388904516137112,1.4906321346243316,0.22071231999140387
csb_field,181825002164142,2024-06-06,PSScene-20240606_163812_21_24a4,1.0,False,0.23158238421324576,1.1398330944525639,0.1684259964964767
csb_field,181825002164143,2024-06-06,PSScene-20240606_163812_21_24a4,1.0,False,0.2395513871099187,1.199391508365212,0.17483962202216002
csb_field,181825002164131,2024-06-06,PSScene-20240606_163812_21_24a4,1.0,False,0.2755640076042263,1.3612261446282332,0.19661692965954672
csb_field,181825002164136,2024-06-06,PSScene-20240606_163812_21_24a4,1.0,False,0.2815844959474162,1.4210126419298204,0.2020894611481692
csb_field,181825002164109,2024-06-06,PSScene-20240606_163812_21_24a4,1.0,False,0.23402857352800144,1.2006521930213223,0.1674127154239606
csb_field,181825002164090,2024-06-06,PSScene-20240606_163812_21_24a4,0.0,False,,,
csb_field,181825002164096,2024-06-06,PSScene-20240606_163812_21_24a4,0.0,False,,,
csb_field,181825002164060,2024-06-06,PSScene-20240606_163812_21_24a4,0.0,False,,,
csb_field,181825002164039,2024-06-06,PSScene-20240606_163812_21_24a4,0.0,False,,,
csb_field,181825002164033,2024-06-06,PSScene-20240606_163812_21_24a4,0.0,False,,,
csb_field,181825002164017,2024-06-06,PSScene-20240606_163812_21_24a4,0.0,False,,,
csb_field,181825002164151,2024-06-06,PSScene-20240606_163812_21_24a4,0.0,False,,,
csb_field,181825002164153,2024-06-06,PSScene-20240606_163812_21_24a4,0.23622436372621694,False,0.4561797183116111,2.073411092598568,0.29291916446892785
csb_field,181825002164152,2024-06-06,PSScene-20240606_163812_21_24a4,0.0,False,,,
csb_field,181825002164141,2024-06-06,PSScene-20240606_163812_21_24a4,1.0,False,0.23962503272653277,1.2272676791091341,0.17577724239609374
csb_field,181825002164144,2024-06-06,PSScene-20240606_163812_21_24a4,1.0,False,0.2338913904494316,1.1895382954538836,0.1710198334314923
csb_field,181825002164119,2024-06-06,PSScene-20240606_163812_21_24a4,1.0,False,0.3512468902995594,1.774205584573397,0.2424602886562624
csb_field,181825002164140,2024-06-06,PSScene-20240606_163812_21_24a4,0.6345485686322486,False,0.3856958939141625,1.6271594513756111,0.23709231060481784
csb_field,181825002164064,2024-06-06,PSScene-20240606_163812_21_24a4,1.0,False,0.2341756623128009,1.240046517180962,0.16951212236034027
csb_field,181825002164059,2024-06-06,PSScene-20240606_163812_21_24a4,0.0,False,,,
csb_field,181825002164061,2024-06-06,PSScene-20240606_163812_21_24a4,1.0,False,0.2668530592880559,1.3532296499318743,0.19399233201497645
csb_field,181825002164104,2024-06-06,PSScene-20240606_163812_21_24a4,1.0,False,0.36711010706216196,1.851526239080681,0.26010741818880656
csb_field,181825002164087,2024-06-06,PSScene-20240606_163812_21_24a4,1.0,False,0.30190756835783084,1.472773441275207,0.2115642828311441
csb_field,181825002164078,2024-06-06,PSScene-20240606_163812_21_24a4,1.0,False,0.25738948601954087,1.3440843018992195,0.18520227975666229
csb_field,181825002164073,2024-06-06,PSScene-20240606_163812_21_24a4,1.0,False,0.24955087592674322,1.2928785387582042,0.18011106772943758
csb_field,181825002164072,2024-06-06,PSScene-20240606_163812_21_24a4,1.0,False,0.3138733497904543,1.5714492369059752,0.22573421997212897
csb_field,181825002164058,2024-06-06,PSScene-20240606_163812_21_24a4,1.0,False,0.3085650910845441,1.5405272311109381,0.2216569053938854
csb_field,181825002164040,2024-06-06,PSScene-20240606_163812_21_24a4,1.0,False,0.25557450412204274,1.2963968936012187,0.18905335734724277
csb_field,181825002163999,2024-06-06,PSScene-20240606_163812_21_24a4,1.0,False,0.4647543102510046,2.2147372090232875,0.2960294235282827
csb_field,181825002164000,2024-06-06,PSScene-20240606_163812_21_24a4,1.0,False,0.2961015574286848,1.4900175964720197,0.21264891307182074
csb_field,181825002163982,2024-06-06,PSScene-20240606_163812_21_24a4,0.0,False,,,
csb_field,181825002163998,2024-06-06,PSScene-20240606_163812_21_24a4,0.0,False,,,
csb_field,181825002163972,2024-06-06,PSScene-20240606_163812_21_24a4,0.0,False,,,
csb_field,181825002163954,2024-06-06,PSScene-20240606_163812_21_24a4,0.0,False,,,
csb_field,181825002163941,2024-06-06,PSScene-20240606_163812_21_24a4,0.0,False,,,
csb_field,181825002163948,2024-06-06,PSScene-20240606_163812_21_24a4,0.0,False,,,
csb_field,181825002164031,2024-06-06,PSScene-20240606_163812_21_24a4,0.0,False,,,
csb_field,181825002164028,2024-06-06,PSScene-20240606_163812_21_24a4,0.8153763971071664,False,0.3607671924368338,1.618426289096064,0.23534249586920966
csb_field,181825002164004,2024-06-06,PSScene-20240606_163812_21_24a4,0.0,False,,,
csb_field,181825002164005,2024-06-06,PSScene-20240606_163812_21_24a4,0.0,False,,,
csb_field,181825002163930,2024-06-06,PSScene-20240606_163812_21_24a4,0.0,False,,,
csb_field,181825002163963,2024-06-06,PSScene-20240606_163812_21_24a4,1.0,False,0.2967079114749534,1.5996864079183868,0.21597947932807757
csb_field,181825002163938,2024-06-06,PSScene-20240606_163812_21_24a4,0.0,False,,,
csb_field,181825002163906,2024-06-06,PSScene-20240606_163812_21_24a4,0.0,False,,,
csb_field,181825002163917,2024-06-06,PSScene-20240606_163812_21_24a4,0.0,False,,,
csb_field,181825002163904,2024-06-06,PSScene-20240606_163812_21_24a4,0.0,False,,,
csb_field,181825002163937,2024-06-06,PSScene-20240606_163812_21_24a4,0.0,False,,,
csb_field,181825002163924,2024-06-06,PSScene-20240606_163812_21_24a4,0.0,False,,,
csb_field,181825002163922,2024-06-06,PSScene-20240606_163812_21_24a4,0.0,False,,,
csb_field,181825002163878,2024-06-06,PSScene-20240606_163812_21_24a4,0.0,False,,,
csb_field,181825002163866,2024-06-06,PSScene-20240606_163812_21_24a4,0.0,False,,,
csb_field,181825002163865,2024-06-06,PSScene-20240606_163812_21_24a4,0.0,False,,,
csb_field,181825002163854,2024-06-06,PSScene-20240606_163812_21_24a4,0.0,False,,,
csb_field,181825002163846,2024-06-06,PSScene-20240606_163812_21_24a4,0.0,False,,,
csb_field,181825002163942,2024-06-06,PSScene-20240606_163812_21_24a4,1.0,False,0.4835624508038595,2.3428876443106095,0.3051884868158411
csb_field,181825002163957,2024-06-06,PSScene-20240606_163812_21_24a4,1.0,False,0.3599329273811801,2.043292511490957,0.2580949813326598
csb_field,181825002163897,2024-06-06,PSScene-20240606_163812_21_24a4,1.0,False,0.6643023717329022,3.6174195355818535,0.4579640446977571
csb_field,181825002163916,2024-06-06,PSScene-20240606_163812_21_24a4,1.0,False,0.43692325488459727,1.9904871885599382,0.27973759692863837
csb_field,181825002163879,2024-06-06,PSScene-20240606_163812_21_24a4,1.0,False,0.454187835212815,2.1184063479087096,0.30052248229959616
csb_field,181825002163918,2024-06-06,PSScene-20240606_163812_21_24a4,1.0,False,0.48815437510471654,2.2073990452068823,0.32107071973797346
csb_field,181825002163911,2024-06-06,PSScene-20240606_163812_21_24a4,1.0,False,0.37162547111573396,1.574432179536927,0.25277678304362355
csb_field,181825002163907,2024-06-06,PSScene-20240606_163812_21_24a4,0.3244114224330857,False,0.575764871331931,3.093087172337189,0.3981614786037809
csb_field,181825002163884,2024-06-06,PSScene-20240606_163812_21_24a4,0.0,False,,,
csb_field,181825002163859,2024-06-06,PSScene-20240606_163812_21_24a4,0.0,False,,,
csb_field,181825002163855,2024-06-06,PSScene-20240606_163812_21_24a4,0.0,False,,,
csb_field,181825002163874,2024-06-06,PSScene-20240606_163812_21_24a4,0.0758868432869331,False,0.4940274347215009,2.1041818836031583,0.32458677288343213
csb_field,181825002163842,2024-06-06,PSScene-20240606_163812_21_24a4,0.0,False,,,
csb_field,181825002163872,2024-06-06,PSScene-20240606_163812_21_24a4,0.0,False,,,
csb_field,181825002163860,2024-06-06,PSScene-20240606_163812_21_24a4,1.0,False,0.5098006062030455,2.2336406041742887,0.33514435410162347
gt_field,IN_PENG2025_CCNT,2024-06-13,PSScene-20240613_164327_17_2446,0.3635474803438302,False,0.3259097622454514,1.4366234400944558,0.24030487264240605
gt_field,IN_PENG2025_NT,2024-06-13,PSScene-20240613_164327_17_2446,0.20607750745263967,False,0.28822272164530693,1.3037834862265363,0.21510285348381553
csb_field,181825002164142,2024-06-13,PSScene-20240613_164327_17_2446,1.0,False,0.2269014889062875,1.1146206905953036,0.1811379676385951
csb_field,181825002164143,2024-06-13,PSScene-20240613_164327_17_2446,1.0,False,0.2397402408049615,1.1781393214578821,0.18807402502919549
csb_field,181825002164131,2024-06-13,PSScene-20240613_164327_17_2446,1.0,False,0.2686561411020537,1.3216126242058766,0.20489691564219487
csb_field,181825002164136,2024-06-13,PSScene-20240613_164327_17_2446,1.0,False,0.2686150056698711,1.390036643226035,0.20529847158157677
csb_field,181825002164109,2024-06-13,PSScene-20240613_164327_17_2446,1.0,False,0.2491804718985433,1.2285338489679705,0.193847916964689
csb_field,181825002164090,2024-06-13,PSScene-20240613_164327_17_2446,1.0,False,0.4923412270187714,2.0914578715754297,0.33743572782319753
csb_field,181825002164096,2024-06-13,PSScene-20240613_164327_17_2446,1.0,False,0.5018488595597442,2.110801719688358,0.3418086574743466
csb_field,181825002164060,2024-06-13,PSScene-20240613_164327_17_2446,1.0,False,0.47037880951439104,2.210850364574627,0.31934949705767635
csb_field,181825002164039,2024-06-13,PSScene-20240613_164327_17_2446,1.0,False,0.27594863301829287,1.163497969978734,0.21155155277565907
csb_field,181825002164033,2024-06-13,PSScene-20240613_164327_17_2446,1.0,False,0.28061876723680784,1.1091838294157275,0.2092707360818706
csb_field,181825002164017,2024-06-13,PSScene-20240613_164327_17_2446,1.0,False,0.39262382653977373,1.6322597531105976,0.27639661632853446
csb_field,181825002164151,2024-06-13,PSScene-20240613_164327_17_2446,1.0,False,0.4036098988195781,1.8155168274701652,0.30461037932724355
csb_field,181825002164153,2024-06-13,PSScene-20240613_164327_17_2446,1.0,False,0.29684736880662266,1.3673611206863436,0.22130970520268614
csb_field,181825002164152,2024-06-13,PSScene-20240613_164327_17_2446,1.0,False,0.33461880175884046,1.5288175622467997,0.2488373482874858
csb_field,181825002164141,2024-06-13,PSScene-20240613_164327_17_2446,1.0,False,0.25271325007046136,1.2077787240253213,0.19867904762287422
csb_field,181825002164144,2024-06-13,PSScene-20240613_164327_17_2446,1.0,False,0.24692748611391327,1.158463236473789,0.1960276586536918
csb_field,181825002164119,2024-06-13,PSScene-20240613_164327_17_2446,1.0,False,0.3279450623359426,1.5736722330812876,0.2373372745333296
csb_field,181825002164140,2024-06-13,PSScene-20240613_164327_17_2446,1.0,False,0.3054367467764686,1.3999152638610604,0.22721521496729014
csb_field,181825002164064,2024-06-13,PSScene-20240613_164327_17_2446,1.0,False,0.25924984810360474,1.2575681737723818,0.20267115962736157
csb_field,181825002164059,2024-06-13,PSScene-20240613_164327_17_2446,1.0,False,0.30266412066755005,1.3493072558937729,0.22607990127136413
csb_field,181825002164061,2024-06-13,PSScene-20240613_164327_17_2446,0.9159612014709875,False,0.2709621062502667,1.299769245099343,0.21214643710315562
csb_field,181825002164104,2024-06-13,PSScene-20240613_164327_17_2446,1.0,False,0.3323773085782641,1.6749607078373365,0.24796372313214626
csb_field,181825002164087,2024-06-13,PSScene-20240613_164327_17_2446,1.0,False,0.29334966043068694,1.4603135676494512,0.22078369244065585
csb_field,181825002164078,2024-06-13,PSScene-20240613_164327_17_2446,1.0,False,0.2542797839406676,1.355730428777892,0.20063414806362442
csb_field,181825002164073,2024-06-13,PSScene-20240613_164327_17_2446,1.0,False,0.26035346927226716,1.3173311571317121,0.20715049789278486
csb_field,181825002164072,2024-06-13,PSScene-20240613_164327_17_2446,1.0,False,0.3047703232757448,1.535847950963261,0.23685376309625247
csb_field,181825002164058,2024-06-13,PSScene-20240613_164327_17_2446,1.0,False,0.29194828359007813,1.4693161143806588,0.22572912798527706
csb_field,181825002164040,2024-06-13,PSScene-20240613_164327_17_2446,0.2555318800196689,False,0.2743273028529988,1.3478837483505777,0.21323554422359883
csb_field,181825002163999,2024-06-13,PSScene-20240613_164327_17_2446,0.0,False,,,
csb_field,181825002164000,2024-06-13,PSScene-20240613_164327_17_2446,0.0,False,,,
csb_field,181825002163982,2024-06-13,PSScene-20240613_164327_17_2446,0.3972602739726027,False,0.4462723341481439,2.069224637130211,0.3511373534284789
csb_field,181825002163998,2024-06-13,PSScene-20240613_164327_17_2446,0.4778407897500525,False,0.6520391104771541,3.2728077588762554,0.4425393294895088
csb_field,181825002163972,2024-06-13,PSScene-20240613_164327_17_2446,0.0,False,,,
csb_field,181825002163954,2024-06-13,PSScene-20240613_164327_17_2446,0.0,False,,,
csb_field,181825002163941,2024-06-13,PSScene-20240613_164327_17_2446,0.0,False,,,
csb_field,181825002163948,2024-06-13,PSScene-20240613_164327_17_2446,0.0,False,,,
csb_field,181825002164031,2024-06-13,PSScene-20240613_164327_17_2446,0.8276412084818915,False,0.33351539956166515,1.4811830244398403,0.2460717390473096
csb_field,181825002164028,2024-06-13,PSScene-20240613_164327_17_2446,0.16933760683760685,False,0.284588831206804,1.2916508637941801,0.21298752848426858
csb_field,181825002164004,2024-06-13,PSScene-20240613_164327_17_2446,0.0,False,,,
csb_field,181825002164005,2024-06-13,PSScene-20240613_164327_17_2446,0.0,False,,,
csb_field,181825002163930,2024-06-13,PSScene-20240613_164327_17_2446,0.0,False,,,
csb_field,181825002163963,2024-06-13,PSScene-20240613_164327_17_2446,0.0,False,,,
csb_field,181825002163938,2024-06-13,PSScene-20240613_164327_17_2446,0.0,False,,,
csb_field,181825002163906,2024-06-13,PSScene-20240613_164327_17_2446,0.0,False,,,
csb_field,181825002163917,2024-06-13,PSScene-20240613_164327_17_2446,0.0,False,,,
csb_field,181825002163904,2024-06-13,PSScene-20240613_164327_17_2446,0.0,False,,,
csb_field,181825002163937,2024-06-13,PSScene-20240613_164327_17_2446,0.0,False,,,
csb_field,181825002163924,2024-06-13,PSScene-20240613_164327_17_2446,0.0,False,,,
csb_field,181825002163922,2024-06-13,PSScene-20240613_164327_17_2446,0.0,False,,,
csb_field,181825002163878,2024-06-13,PSScene-20240613_164327_17_2446,0.0,False,,,
csb_field,181825002163866,2024-06-13,PSScene-20240613_164327_17_2446,0.0,False,,,
csb_field,181825002163865,2024-06-13,PSScene-20240613_164327_17_2446,0.0,False,,,
csb_field,181825002163854,2024-06-13,PSScene-20240613_164327_17_2446,0.0,False,,,
csb_field,181825002163846,2024-06-13,PSScene-20240613_164327_17_2446,0.0,False,,,
csb_field,181825002163942,2024-06-13,PSScene-20240613_164327_17_2446,0.0,False,,,
csb_field,181825002163957,2024-06-13,PSScene-20240613_164327_17_2446,0.0,False,,,
csb_field,181825002163897,2024-06-13,PSScene-20240613_164327_17_2446,0.0,False,,,
csb_field,181825002163916,2024-06-13,PSScene-20240613_164327_17_2446,0.0,False,,,
csb_field,181825002163879,2024-06-13,PSScene-20240613_164327_17_2446,0.0,False,,,
csb_field,181825002163918,2024-06-13,PSScene-20240613_164327_17_2446,0.0,False,,,
csb_field,181825002163911,2024-06-13,PSScene-20240613_164327_17_2446,0.0,False,,,
csb_field,181825002163907,2024-06-13,PSScene-20240613_164327_17_2446,0.0,False,,,
csb_field,181825002163884,2024-06-13,PSScene-20240613_164327_17_2446,0.0,False,,,
csb_field,181825002163859,2024-06-13,PSScene-20240613_164327_17_2446,0.0,False,,,
csb_field,181825002163855,2024-06-13,PSScene-20240613_164327_17_2446,0.0,False,,,
csb_field,181825002163874,2024-06-13,PSScene-20240613_164327_17_2446,0.0,False,,,
csb_field,181825002163842,2024-06-13,PSScene-20240613_164327_17_2446,0.0,False,,,
csb_field,181825002163872,2024-06-13,PSScene-20240613_164327_17_2446,0.0,False,,,
csb_field,181825002163860,2024-06-13,PSScene-20240613_164327_17_2446,0.0,False,,,
gt_field,IN_PENG2025_CCNT,2024-06-15,PSScene-20240615_163631_00_24e6,0.06448853220352793,True,0.326019801181401,1.5173405434431808,0.22995938812347524
gt_field,IN_PENG2025_NT,2024-06-15,PSScene-20240615_163631_00_24e6,0.0,True,,,
csb_field,181825002164142,2024-06-15,PSScene-20240615_163631_00_24e6,0.0,True,,,
csb_field,181825002164143,2024-06-15,PSScene-20240615_163631_00_24e6,0.0,True,,,
csb_field,181825002164131,2024-06-15,PSScene-20240615_163631_00_24e6,0.0,True,,,
csb_field,181825002164136,2024-06-15,PSScene-20240615_163631_00_24e6,0.0,True,,,
csb_field,181825002164109,2024-06-15,PSScene-20240615_163631_00_24e6,0.0,True,,,
csb_field,181825002164090,2024-06-15,PSScene-20240615_163631_00_24e6,1.0,True,0.5369183582731473,2.5637058096183787,0.35356354256320954
csb_field,181825002164096,2024-06-15,PSScene-20240615_163631_00_24e6,1.0,True,0.5436655765650196,2.613965385512689,0.3566142179060598
csb_field,181825002164060,2024-06-15,PSScene-20240615_163631_00_24e6,1.0,True,0.5704278411032327,3.024893223164552,0.37084316049175226
csb_field,181825002164039,2024-06-15,PSScene-20240615_163631_00_24e6,1.0,True,0.22973759138426214,1.0237931385790526,0.1642112877571665
csb_field,181825002164033,2024-06-15,PSScene-20240615_163631_00_24e6,1.0,True,0.25219702581984715,1.0106835777963088,0.1739125218293394
csb_field,181825002164017,2024-06-15,PSScene-20240615_163631_00_24e6,1.0,True,0.3260134428016557,1.540880544947247,0.22693864559924357
csb_field,181825002164151,2024-06-15,PSScene-20240615_163631_00_24e6,1.0,True,0.4538195933522755,2.3622330305946484,0.32677621407139434
csb_field,181825002164153,2024-06-15,PSScene-20240615_163631_00_24e6,0.0,True,,,
csb_field,181825002164152,2024-06-15,PSScene-20240615_163631_00_24e6,0.23310189912191137,True,0.31892530150802334,1.6282344685708074,0.22761870271942422
csb_field,181825002164141,2024-06-15,PSScene-20240615_163631_00_24e6,0.0,True,,,
csb_field,181825002164144,2024-06-15,PSScene-20240615_163631_00_24e6,0.0,True,,,
csb_field,181825002164119,2024-06-15,PSScene-20240615_163631_00_24e6,0.0,True,,,
csb_field,181825002164140,2024-06-15,PSScene-20240615_163631_00_24e6,0.0,True,,,
csb_field,181825002164064,2024-06-15,PSScene-20240615_163631_00_24e6,0.0,True,,,
csb_field,181825002164059,2024-06-15,PSScene-20240615_163631_00_24e6,0.8391289948666998,True,0.2857713732440655,1.3908301329262631,0.20122973685261678
csb_field,181825002164061,2024-06-15,PSScene-20240615_163631_00_24e6,0.0,True,,,
csb_field,181825002164104,2024-06-15,PSScene-20240615_163631_00_24e6,0.0,True,,,
csb_field,181825002164087,2024-06-15,PSScene-20240615_163631_00_24e6,0.0,True,,,
csb_field,181825002164078,2024-06-15,PSScene-20240615_163631_00_24e6,0.0,True,,,
csb_field,181825002164073,2024-06-15,PSScene-20240615_163631_00_24e6,0.0,True,,,
csb_field,181825002164072,2024-06-15,PSScene-20240615_163631_00_24e6,0.0,True,,,
csb_field,181825002164058,2024-06-15,PSScene-20240615_163631_00_24e6,0.0,True,,,
csb_field,181825002164040,2024-06-15,PSScene-20240615_163631_00_24e6,0.0,True,,,
csb_field,181825002163999,2024-06-15,PSScene-20240615_163631_00_24e6,0.0,True,,,
csb_field,181825002164000,2024-06-15,PSScene-20240615_163631_00_24e6,0.0,True,,,
csb_field,181825002163982,2024-06-15,PSScene-20240615_163631_00_24e6,1.0,True,0.5016336232490183,2.44725331556389,0.3635023794581516
csb_field,181825002163998,2024-06-15,PSScene-20240615_163631_00_24e6,1.0,True,0.7833045071233069,5.047788612910996,0.5256104930162085
csb_field,181825002163972,2024-06-15,PSScene-20240615_163631_00_24e6,1.0,True,0.3347515181925336,1.354049175148893,0.23574703842284803
csb_field,181825002163954,2024-06-15,PSScene-20240615_163631_00_24e6,1.0,True,0.33707739211992466,1.4235681730085814,0.23390901102336134
csb_field,181825002163941,2024-06-15,PSScene-20240615_163631_00_24e6,1.0,True,0.2746298420053666,1.2264279860905078,0.19274087589113373
csb_field,181825002163948,2024-06-15,PSScene-20240615_163631_00_24e6,1.0,True,0.3424220142742283,1.4988548995263402,0.23534625308662813
csb_field,181825002164031,2024-06-15,PSScene-20240615_163631_00_24e6,0.0,True,,,
csb_field,181825002164028,2024-06-15,PSScene-20240615_163631_00_24e6,0.0,True,,,
csb_field,181825002164004,2024-06-15,PSScene-20240615_163631_00_24e6,0.0,True,,,
csb_field,181825002164005,2024-06-15,PSScene-20240615_163631_00_24e6,0.24070080862533694,True,0.36873963471183735,1.9413681046109563,0.26175121394506556
csb_field,181825002163930,2024-06-15,PSScene-20240615_163631_00_24e6,1.0,True,0.48640468630851064,2.4263275277118335,0.31778623247526344
csb_field,181825002163963,2024-06-15,PSScene-20240615_163631_00_24e6,0.0,True,,,
csb_field,181825002163938,2024-06-15,PSScene-20240615_163631_00_24e6,0.9927601809954751,True,0.27577551804508454,1.2690427477288184,0.19137803755777316
csb_field,181825002163906,2024-06-15,PSScene-20240615_163631_00_24e6,1.0,True,0.2778718145777881,1.2054921989965166,0.19108629672464877
csb_field,181825002163917,2024-06-15,PSScene-20240615_163631_00_24e6,0.0,True,,,
csb_field,181825002163904,2024-06-15,PSScene-20240615_163631_00_24e6,1.0,True,0.2277991141073787,1.011391075317112,0.16086905280351063
csb_field,181825002163937,2024-06-15,PSScene-20240615_163631_00_24e6,1.0,True,0.25254898975231144,1.1814381186325884,0.17529085755235593
csb_field,181825002163924,2024-06-15,PSScene-20240615_163631_00_24e6,1.0,True,0.3013403885241729,1.2722278040287156,0.20241856380449277
csb_field,181825002163922,2024-06-15,PSScene-20240615_163631_00_24e6,1.0,True,0.8790894086024778,7.5167212632163585,0.6279007231273519
csb_field,181825002163878,2024-06-15,PSScene-20240615_163631_00_24e6,1.0,True,0.7847287606747526,4.93503523407734,0.5285200978816843
csb_field,181825002163866,2024-06-15,PSScene-20240615_163631_00_24e6,1.0,True,0.8567415258249271,6.5822578203300175,0.5954616901410865
csb_field,181825002163865,2024-06-15,PSScene-20240615_163631_00_24e6,1.0,True,0.8700067317962575,6.586121820965936,0.6001758456522902
csb_field,181825002163854,2024-06-15,PSScene-20240615_163631_00_24e6,1.0,True,0.884201358876803,7.010826137370907,0.6172029789512493
csb_field,181825002163846,2024-06-15,PSScene-20240615_163631_00_24e6,1.0,True,0.43277586996793094,2.2109414310986937,0.331351739866173
csb_field,181825002163942,2024-06-15,PSScene-20240615_163631_00_24e6,0.0,True,,,
csb_field,181825002163957,2024-06-15,PSScene-20240615_163631_00_24e6,0.0,True,,,
csb_field,181825002163897,2024-06-15,PSScene-20240615_163631_00_24e6,0.0,True,,,
csb_field,181825002163916,2024-06-15,PSScene-20240615_163631_00_24e6,0.0,True,,,
csb_field,181825002163879,2024-06-15,PSScene-20240615_163631_00_24e6,0.0,True,,,
csb_field,181825002163918,2024-06-15,PSScene-20240615_163631_00_24e6,0.0,True,,,
csb_field,181825002163911,2024-06-15,PSScene-20240615_163631_00_24e6,0.0,True,,,
csb_field,181825002163907,2024-06-15,PSScene-20240615_163631_00_24e6,0.0,True,,,
csb_field,181825002163884,2024-06-15,PSScene-20240615_163631_00_24e6,0.370757180156658,True,0.3287103453928194,1.666662338853658,0.23845297285902464
csb_field,181825002163859,2024-06-15,PSScene-20240615_163631_00_24e6,1.0,True,0.3102772108771063,1.3533069623778262,0.20926764195464423
csb_field,181825002163855,2024-06-15,PSScene-20240615_163631_00_24e6,1.0,True,0.2612141244682024,1.2143749721854524,0.19026031884590527
csb_field,181825002163874,2024-06-15,PSScene-20240615_163631_00_24e6,0.0,True,,,
csb_field,181825002163842,2024-06-15,PSScene-20240615_163631_00_24e6,0.8089430894308943,True,0.25200617856678986,1.2136243393457855,0.18054224091976573
csb_field,181825002163872,2024-06-15,PSScene-20240615_163631_00_24e6,0.0,True,,,
csb_field,181825002163860,2024-06-15,PSScene-20240615_163631_00_24e6,0.0,True,,,
gt_field,IN_PENG2025_CCNT,2024-06-15,PSScene-20240615_164349_73_2475,1.0,True,0.30905235548607246,1.3988814265295668,0.24154441935698245
gt_field,IN_PENG2025_NT,2024-06-15,PSScene-20240615_164349_73_2475,1.0,True,0.2956171309310738,1.388694685029085,0.23741452817634712
csb_field,181825002164142,2024-06-15,PSScene-20240615_164349_73_2475,1.0,True,0.2144062074333842,1.0426081549677662,0.17750646976864504
csb_field,181825002164143,2024-06-15,PSScene-20240615_164349_73_2475,1.0,True,0.22611636883113723,1.122634919824994,0.18579546498524943
csb_field,181825002164131,2024-06-15,PSScene-20240615_164349_73_2475,1.0,True,0.25830252001933013,1.289573153899133,0.20887073883391585
csb_field,181825002164136,2024-06-15,PSScene-20240615_164349_73_2475,1.0,True,0.25705991905678055,1.278306649360963,0.20604777625153828
csb_field,181825002164109,2024-06-15,PSScene-20240615_164349_73_2475,1.0,True,0.24131909554731798,1.1982063428099525,0.19796865495941773
csb_field,181825002164090,2024-06-15,PSScene-20240615_164349_73_2475,0.9190414507772021,True,0.5306542109210137,2.4667223681153563,0.38348190705564694
csb_field,181825002164096,2024-06-15,PSScene-20240615_164349_73_2475,0.03009285154939031,True,0.5452497148847002,2.5920680864938572,0.3901341373841942
csb_field,181825002164060,2024-06-15,PSScene-20240615_164349_73_2475,0.0,True,,,
csb_field,181825002164039,2024-06-15,PSScene-20240615_164349_73_2475,0.0,True,,,
csb_field,181825002164033,2024-06-15,PSScene-20240615_164349_73_2475,0.0,True,,,
csb_field,181825002164017,2024-06-15,PSScene-20240615_164349_73_2475,0.0,True,,,
csb_field,181825002164151,2024-06-15,PSScene-20240615_164349_73_2475,1.0,True,0.4505806505687758,2.3300202305246005,0.3558746080093908
csb_field,181825002164153,2024-06-15,PSScene-20240615_164349_73_2475,1.0,True,0.2979184073157306,1.4390746078790935,0.2349183811953052
csb_field,181825002164152,2024-06-15,PSScene-20240615_164349_73_2475,1.0,True,0.3479330688097377,1.743887774267196,0.2723384253911398
csb_field,181825002164141,2024-06-15,PSScene-20240615_164349_73_2475,1.0,True,0.24164688933241754,1.1592158135879809,0.19995564900043605
csb_field,181825002164144,2024-06-15,PSScene-20240615_164349_73_2475,1.0,True,0.2398649740312635,1.1482712316179067,0.19952647671869395
csb_field,181825002164119,2024-06-15,PSScene-20240615_164349_73_2475,1.0,True,0.33377242417671055,1.6306176914207464,0.2553142543312033
csb_field,181825002164140,2024-06-15,PSScene-20240615_164349_73_2475,1.0,True,0.30977281203612134,1.519931081709652,0.2470931568948706
csb_field,181825002164064,2024-06-15,PSScene-20240615_164349_73_2475,1.0,True,0.25302968470840986,1.2350458395435608,0.20111697987599542
csb_field,181825002164059,2024-06-15,PSScene-20240615_164349_73_2475,0.8028233151183971,True,0.28863980488130714,1.3871900232911454,0.22878624870728037
csb_field,181825002164061,2024-06-15,PSScene-20240615_164349_73_2475,1.0,True,0.2742582983821824,1.2756442049571763,0.21964214528003626
csb_field,181825002164104,2024-06-15,PSScene-20240615_164349_73_2475,1.0,True,0.3198462973633437,1.5191515622888152,0.24528730939466292
csb_field,181825002164087,2024-06-15,PSScene-20240615_164349_73_2475,1.0,True,0.27132968680723185,1.3240307072526731,0.22236077995809073
csb_field,181825002164078,2024-06-15,PSScene-20240615_164349_73_2475,1.0,True,0.23931205341227513,1.182083186229065,0.1992291690849837
csb_field,181825002164073,2024-06-15,PSScene-20240615_164349_73_2475,1.0,True,0.2513474230763261,1.22366187268612,0.20736439257068467
csb_field,181825002164072,2024-06-15,PSScene-20240615_164349_73_2475,1.0,True,0.3097950838452887,1.4439359976376673,0.2476969256192823
csb_field,181825002164058,2024-06-15,PSScene-20240615_164349_73_2475,1.0,True,0.30621270149622914,1.4532457799329386,0.24594376132765647
csb_field,181825002164040,2024-06-15,PSScene-20240615_164349_73_2475,1.0,True,0.27402093153657353,1.2915528979025774,0.2207962765981888
csb_field,181825002163999,2024-06-15,PSScene-20240615_164349_73_2475,1.0,True,0.3863036253118736,1.954789253447718,0.28647388525354534
csb_field,181825002164000,2024-06-15,PSScene-20240615_164349_73_2475,1.0,True,0.3131496551869618,1.5273570979261502,0.24630668690895263
csb_field,181825002163982,2024-06-15,PSScene-20240615_164349_73_2475,0.0,True,,,
csb_field,181825002163998,2024-06-15,PSScene-20240615_164349_73_2475,0.0,True,,,
csb_field,181825002163972,2024-06-15,PSScene-20240615_164349_73_2475,0.0,True,,,
csb_field,181825002163954,2024-06-15,PSScene-20240615_164349_73_2475,0.0,True,,,
csb_field,181825002163941,2024-06-15,PSScene-20240615_164349_73_2475,0.0,True,,,
csb_field,181825002163948,2024-06-15,PSScene-20240615_164349_73_2475,0.0176890373519587,True,0.3882398442321583,1.7742213113157672,0.2993681929295198
csb_field,181825002164031,2024-06-15,PSScene-20240615_164349_73_2475,1.0,True,0.3220086592114475,1.4821950151045953,0.25101660318061475
csb_field,181825002164028,2024-06-15,PSScene-20240615_164349_73_2475,1.0,True,0.3103666142783717,1.4884278137809837,0.24706590240804355
csb_field,181825002164004,2024-06-15,PSScene-20240615_164349_73_2475,1.0,True,0.33158152087107845,1.4991284652539687,0.2579417475237634
csb_field,181825002164005,2024-06-15,PSScene-20240615_164349_73_2475,1.0,True,0.32412768454505103,1.5592809394269027,0.2540418085127943
csb_field,181825002163930,2024-06-15,PSScene-20240615_164349_73_2475,0.18004587155963303,True,0.6032200768961912,3.1443202544763564,0.42487480269058786
csb_field,181825002163963,2024-06-15,PSScene-20240615_164349_73_2475,1.0,True,0.3013276307883517,1.634015936729495,0.24137394751017194
csb_field,181825002163938,2024-06-15,PSScene-20240615_164349_73_2475,0.8333710407239819,True,0.28010432225337223,1.2740688856905353,0.2219941463134135
csb_field,181825002163906,2024-06-15,PSScene-20240615_164349_73_2475,0.0,True,,,
csb_field,181825002163917,2024-06-15,PSScene-20240615_164349_73_2475,1.0,True,0.8692553377292432,7.290438873030012,0.6466630393959926
csb_field,181825002163904,2024-06-15,PSScene-20240615_164349_73_2475,0.0,True,,,
csb_field,181825002163937,2024-06-15,PSScene-20240615_164349_73_2475,0.0,True,,,
csb_field,181825002163924,2024-06-15,PSScene-20240615_164349_73_2475,0.0,True,,,
csb_field,181825002163922,2024-06-15,PSScene-20240615_164349_73_2475,0.0,True,,,
csb_field,181825002163878,2024-06-15,PSScene-20240615_164349_73_2475,0.0,True,,,
csb_field,181825002163866,2024-06-15,PSScene-20240615_164349_73_2475,0.0,True,,,
csb_field,181825002163865,2024-06-15,PSScene-20240615_164349_73_2475,0.0,True,,,
csb_field,181825002163854,2024-06-15,PSScene-20240615_164349_73_2475,0.0,True,,,
csb_field,181825002163846,2024-06-15,PSScene-20240615_164349_73_2475,0.0,True,,,
csb_field,181825002163942,2024-06-15,PSScene-20240615_164349_73_2475,1.0,True,0.39878777614694416,2.0802609042052143,0.30227127424588834
csb_field,181825002163957,2024-06-15,PSScene-20240615_164349_73_2475,1.0,True,0.36611641622049307,2.0455613061524436,0.28421653684871573
csb_field,181825002163897,2024-06-15,PSScene-20240615_164349_73_2475,1.0,True,0.6210070597293375,3.3993724826823146,0.43917090865838954
csb_field,181825002163916,2024-06-15,PSScene-20240615_164349_73_2475,1.0,True,0.373272829120198,1.8048697963405997,0.28608824626853285
csb_field,181825002163879,2024-06-15,PSScene-20240615_164349_73_2475,1.0,True,0.7671415965703142,4.718246652703285,0.5431811840038715
csb_field,181825002163918,2024-06-15,PSScene-20240615_164349_73_2475,1.0,True,0.4014780881295868,1.9793135007169427,0.28781961703071873
csb_field,181825002163911,2024-06-15,PSScene-20240615_164349_73_2475,1.0,True,0.275630790020693,1.252508741304149,0.2179979093344357
csb_field,181825002163907,2024-06-15,PSScene-20240615_164349_73_2475,1.0,True,0.4732000469448309,2.4271936010257633,0.3518765896113569
csb_field,181825002163884,2024-06-15,PSScene-20240615_164349_73_2475,1.0,True,0.3205294282521223,1.5545816824568262,0.2577930300677322
csb_field,181825002163859,2024-06-15,PSScene-20240615_164349_73_2475,0.0,True,,,
csb_field,181825002163855,2024-06-15,PSScene-20240615_164349_73_2475,0.9608177172061328,True,0.2633451446543538,1.249891049780982,0.22370456574678224
csb_field,181825002163874,2024-06-15,PSScene-20240615_164349_73_2475,1.0,True,0.2516025014559163,1.1500198683291225,0.19938414286523604
csb_field,181825002163842,2024-06-15,PSScene-20240615_164349_73_2475,1.0,True,0.269774615639384,1.2727676691450769,0.21154048161933198
csb_field,181825002163872,2024-06-15,PSScene-20240615_164349_73_2475,1.0,True,0.25942595003339913,1.1213177877170724,0.20916818920876848
csb_field,181825002163860,2024-06-15,PSScene-20240615_164349_73_2475,1.0,True,0.41756124389710897,1.8473570249163476,0.2813955102269581
gt_field,IN_PENG2025_CCNT,2024-06-21,PSScene-20240621_164228_21_2483,1.0,True,0.4160018109113724,2.0642022976098793,0.30053317609743224
gt_field,IN_PENG2025_NT,2024-06-21,PSScene-20240621_164228_21_2483,1.0,True,0.41537399722636015,2.119513336974881,0.3045507213420189
csb_field,181825002164142,2024-06-21,PSScene-20240621_164228_21_2483,1.0,True,0.31981036138185964,1.566179347595874,0.22923522899569374
csb_field,181825002164143,2024-06-21,PSScene-20240621_164228_21_2483,1.0,True,0.32395300203526145,1.605846773627613,0.2322178155624418
csb_field,181825002164131,2024-06-21,PSScene-20240621_164228_21_2483,1.0,True,0.3485557148120326,1.7573951915630508,0.25429823342259567
csb_field,181825002164136,2024-06-21,PSScene-20240621_164228_21_2483,0.7851297231412154,True,0.34103538271248646,1.5828615721757642,0.24512372140429198
csb_field,181825002164109,2024-06-21,PSScene-20240621_164228_21_2483,1.0,True,0.35196117170223556,1.7651376740714013,0.25574048469924354
csb_field,181825002164090,2024-06-21,PSScene-20240621_164228_21_2483,1.0,True,0.500127268212604,2.5541040545787816,0.34386499806849846
csb_field,181825002164096,2024-06-21,PSScene-20240621_164228_21_2483,1.0,True,0.5005449887251955,2.5734792196531875,0.3385484427805324
csb_field,181825002164060,2024-06-21,PSScene-20240621_164228_21_2483,1.0,True,0.7094768811234964,4.517575797604747,0.5131350901159925
csb_field,181825002164039,2024-06-21,PSScene-20240621_164228_21_2483,1.0,True,0.3523181062397084,1.5956210469122691,0.2573354272416616
csb_field,181825002164033,2024-06-21,PSScene-20240621_164228_21_2483,1.0,True,0.3992629676971295,1.7152786811656244,0.2781191752931304
csb_field,181825002164017,2024-06-21,PSScene-20240621_164228_21_2483,1.0,True,0.3941523351850526,2.0452421959874187,0.28516374734341426
csb_field,181825002164151,2024-06-21,PSScene-20240621_164228_21_2483,1.0,True,0.5388468862929444,2.920453800259194,0.40777836241286436
csb_field,181825002164153,2024-06-21,PSScene-20240621_164228_21_2483,1.0,True,0.39895358705423345,2.083167140997686,0.28867389567179635
csb_field,181825002164152,2024-06-21,PSScene-20240621_164228_21_2483,1.0,True,0.45452326950919725,2.431252576471244,0.3359871443602407
csb_field,181825002164141,2024-06-21,PSScene-20240621_164228_21_2483,1.0,True,0.3495389448200726,1.7032099434283132,0.2516517614743335
csb_field,181825002164144,2024-06-21,PSScene-20240621_164228_21_2483,1.0,True,0.34791053421009227,1.691854029126954,0.2511997159250974
csb_field,181825002164119,2024-06-21,PSScene-20240621_164228_21_2483,1.0,True,0.4079701278811636,2.055343528443141,0.28883684381523783
csb_field,181825002164140,2024-06-21,PSScene-20240621_164228_21_2483,1.0,True,0.4211279945070358,2.2123981114957867,0.3075224557797914
csb_field,181825002164064,2024-06-21,PSScene-20240621_164228_21_2483,1.0,True,0.37079324556139953,1.8527168363162716,0.2618468081561663
csb_field,181825002164059,2024-06-21,PSScene-20240621_164228_21_2483,1.0,True,0.4100636142710478,2.0813150255548964,0.2952409724285001
csb_field,181825002164061,2024-06-21,PSScene-20240621_164228_21_2483,1.0,True,0.37295434409515243,1.8331522106830442,0.2650182601208692
csb_field,181825002164104,2024-06-21,PSScene-20240621_164228_21_2483,1.0,True,0.40323619979958225,2.0444957258840493,0.28287438486192096
csb_field,181825002164087,2024-06-21,PSScene-20240621_164228_21_2483,1.0,True,0.37814983251253714,1.9337625880264444,0.27097462333109834
csb_field,181825002164078,2024-06-21,PSScene-20240621_164228_21_2483,1.0,True,0.3500549766809902,1.7747006621098764,0.2496124660769033
csb_field,181825002164073,2024-06-21,PSScene-20240621_164228_21_2483,0.8899149614669147,True,0.3590472105749602,1.823870549983357,0.2606936685605115
csb_field,181825002164072,2024-06-21,PSScene-20240621_164228_21_2483,0.7874322860238353,True,0.3991089498387571,2.0249052802535807,0.30009350771093535
csb_field,181825002164058,2024-06-21,PSScene-20240621_164228_21_2483,0.7280990137304196,True,0.3915179369142325,1.9236593163569282,0.29361686218803346
csb_field,181825002164040,2024-06-21,PSScene-20240621_164228_21_2483,0.9999180462219308,True,0.37807567644948525,1.8525177071913537,0.2745865384920899
csb_field,181825002163999,2024-06-21,PSScene-20240621_164228_21_2483,1.0,True,0.43749494998467575,2.310800850931473,0.3186818740310115
csb_field,181825002164000,2024-06-21,PSScene-20240621_164228_21_2483,1.0,True,0.42433363786674466,2.1114341484975143,0.30841599193520747
csb_field,181825002163982,2024-06-21,PSScene-20240621_164228_21_2483,1.0,True,0.5639062316075268,2.922724859014016,0.4334685499023457
csb_field,181825002163998,2024-06-21,PSScene-20240621_164228_21_2483,1.0,True,0.7891897768969592,5.55364774972597,0.5821538702490721
csb_field,181825002163972,2024-06-21,PSScene-20240621_164228_21_2483,1.0,True,0.5205674673052505,2.5084123172191237,0.3889473802567075
csb_field,181825002163954,2024-06-21,PSScene-20240621_164228_21_2483,1.0,True,0.48832067499498233,2.295783941590599,0.3478390538008508
csb_field,181825002163941,2024-06-21,PSScene-20240621_164228_21_2483,1.0,True,0.38840982683443176,1.8219704952351614,0.28363629718725675
csb_field,181825002163948,2024-06-21,PSScene-20240621_164228_21_2483,1.0,True,0.48982105040175283,2.3906018404009717,0.35582636327679185
csb_field,181825002164031,2024-06-21,PSScene-20240621_164228_21_2483,1.0,True,0.4181076666373439,2.1013768461995253,0.29864098852635035
csb_field,181825002164028,2024-06-21,PSScene-20240621_164228_21_2483,1.0,True,0.42175623104253046,2.1748573352021907,0.3090926880004616
csb_field,181825002164004,2024-06-21,PSScene-20240621_164228_21_2483,1.0,True,0.42099204049929556,2.098326195025648,0.30605248059374546
csb_field,181825002164005,2024-06-21,PSScene-20240621_164228_21_2483,1.0,True,0.43729684513016215,2.2145605115410945,0.3213618833781618
csb_field,181825002163930,2024-06-21,PSScene-20240621_164228_21_2483,1.0,True,0.6554368979450779,3.8601922815804803,0.4716203634783862
csb_field,181825002163963,2024-06-21,PSScene-20240621_164228_21_2483,0.8592296393014526,True,0.39606468226986813,2.0512162722694223,0.28985226015795273
csb_field,181825002163938,2024-06-21,PSScene-20240621_164228_21_2483,1.0,True,0.4343868012676523,2.082469646658997,0.3105887768316825
csb_field,181825002163906,2024-06-21,PSScene-20240621_164228_21_2483,1.0,True,0.4877805451643916,2.2351093035176746,0.3437114120336011
csb_field,181825002163917,2024-06-21,PSScene-20240621_164228_21_2483,1.0,True,0.804331178596225,6.064511142807648,0.6013871657608568
csb_field,181825002163904,2024-06-21,PSScene-20240621_164228_21_2483,1.0,True,0.38663595570857734,1.72218081647475,0.2753828579467777
csb_field,181825002163937,2024-06-21,PSScene-20240621_164228_21_2483,1.0,True,0.37293152065273927,1.800273579655753,0.2708771312483518
csb_field,181825002163924,2024-06-21,PSScene-20240621_164228_21_2483,1.0,True,0.425320988614448,1.9681049447995242,0.30060328860605146
csb_field,181825002163922,2024-06-21,PSScene-20240621_164228_21_2483,1.0,True,0.8216295093459433,6.7213330766090955,0.6257082027107023
csb_field,181825002163878,2024-06-21,PSScene-20240621_164228_21_2483,1.0,True,0.7984162931709524,5.730926243434795,0.5874925840985709
csb_field,181825002163866,2024-06-21,PSScene-20240621_164228_21_2483,1.0,True,0.8128153836678903,6.3714581211103365,0.6188068142115907
csb_field,181825002163865,2024-06-21,PSScene-20240621_164228_21_2483,1.0,True,0.824910381706608,6.621719310290958,0.6292337587869041
csb_field,181825002163854,2024-06-21,PSScene-20240621_164228_21_2483,1.0,True,0.8309153469394549,6.7234094625790615,0.6281660986958059
csb_field,181825002163846,2024-06-21,PSScene-20240621_164228_21_2483,1.0,True,0.4966290824047259,2.381883810645823,0.3838424134324078
csb_field,181825002163942,2024-06-21,PSScene-20240621_164228_21_2483,0.7420675537359263,True,0.4614073021650515,2.382965228392481,0.3491932876260186
csb_field,181825002163957,2024-06-21,PSScene-20240621_164228_21_2483,1.0,True,0.43454802106830126,2.2623303387751137,0.30957091890216126
csb_field,181825002163897,2024-06-21,PSScene-20240621_164228_21_2483,1.0,True,0.5647864487101723,3.0585188427371737,0.38882152153501126
csb_field,181825002163916,2024-06-21,PSScene-20240621_164228_21_2483,0.30115648871249945,True,0.44228768239332605,2.116971838156716,0.3252971903702176
csb_field,181825002163879,2024-06-21,PSScene-20240621_164228_21_2483,1.0,True,0.7753428567299149,5.434668301267922,0.5750453119338457
csb_field,181825002163918,2024-06-21,PSScene-20240621_164228_21_2483,0.6458333333333334,True,0.446339090877621,2.2525755918665453,0.31689092193777435
csb_field,181825002163911,2024-06-21,PSScene-20240621_164228_21_2483,0.057571964956195244,True,0.3981432628211486,1.9842458804934493,0.2950551926417353
csb_field,181825002163907,2024-06-21,PSScene-20240621_164228_21_2483,0.9367111270253334,True,0.49293393238356936,2.5250692605867706,0.37474370124701173
csb_field,181825002163884,2024-06-21,PSScene-20240621_164228_21_2483,1.0,True,0.3925267409941423,1.8849146992300412,0.2831957757253414
csb_field,181825002163859,2024-06-21,PSScene-20240621_164228_21_2483,1.0,True,0.43406709919799075,1.9726620870265095,0.3025679969692331
csb_field,181825002163855,2024-06-21,PSScene-20240621_164228_21_2483,1.0,True,0.37351940993538274,1.7738064977897343,0.2764095417230692
csb_field,181825002163874,2024-06-21,PSScene-20240621_164228_21_2483,0.2810956443646161,True,0.4815883094326336,1.7505572821365654,0.341809333764529
csb_field,181825002163842,2024-06-21,PSScene-20240621_164228_21_2483,1.0,True,0.3698852038546265,1.7801062500888198,0.2677163714749671
csb_field,181825002163872,2024-06-21,PSScene-20240621_164228_21_2483,0.8391608391608392,True,0.4727027365231409,1.894965582894134,0.3580274726546959
csb_field,181825002163860,2024-06-21,PSScene-20240621_164228_21_2483,0.0014144271570014145,True,0.3952796909319679,1.983721121282067,0.3925897203546441
